
     0K .......... .......... .......... .......... ..........  0%  441K 3m39s
    50K .......... .......... .......... .......... ..........  0%  461K 3m34s
   100K .......... .......... .......... .......... ..........  0%  489K 3m29s
   150K .......... .......... .......... .......... ..........  0% 7.59M 2m39s
   200K .......... .......... .......... .......... ..........  0% 7.70M 2m10s
   250K .......... .......... .......... .......... ..........  0%  522K 2m19s
   300K .......... .......... .......... .......... ..........  0% 7.76M 2m1s
   350K .......... .......... .......... .......... ..........  0% 32.1M 1m46s
   400K .......... .......... .......... .......... ..........  0% 38.6M 94s
   450K .......... .......... .......... .......... ..........  0% 10.4M 86s
   500K .......... .......... .......... .......... ..........  0% 8.64M 79s
   550K .......... .......... .......... .......... ..........  0%  554K 87s
   600K .......... .......... .......... .......... ..........  0% 23.9M 80s
   650K .......... .......... .......... .......... ..........  0% 14.3M 75s
   700K .......... .......... .......... .......... ..........  0% 28.8M 70s
   750K .......... .......... .......... .......... ..........  0% 24.5M 66s
   800K .......... .......... .......... .......... ..........  0% 23.9M 62s
   850K .......... .......... .......... .......... ..........  0% 32.0M 59s
   900K .......... .......... .......... .......... ..........  0% 35.0M 56s
   950K .......... .......... .......... .......... ..........  1% 56.6M 53s
  1000K .......... .......... .......... .......... ..........  1% 16.6M 51s
  1050K .......... .......... .......... .......... ..........  1% 34.3M 49s
  1100K .......... .......... .......... .......... ..........  1% 32.8M 47s
  1150K .......... .......... .......... .......... ..........  1% 1.08M 48s
  1200K .......... .......... .......... .......... ..........  1% 1.14M 50s
  1250K .......... .......... .......... .......... ..........  1% 41.9M 48s
  1300K .......... .......... .......... .......... ..........  1% 11.9M 46s
  1350K .......... .......... .......... .......... ..........  1% 33.9M 45s
  1400K .......... .......... .......... .......... ..........  1% 41.1M 43s
  1450K .......... .......... .......... .......... ..........  1% 44.6M 42s
  1500K .......... .......... .......... .......... ..........  1% 27.8M 41s
  1550K .......... .......... .......... .......... ..........  1% 23.4M 39s
  1600K .......... .......... .......... .......... ..........  1% 28.2M 38s
  1650K .......... .......... .......... .......... ..........  1% 30.0M 37s
  1700K .......... .......... .......... .......... ..........  1% 40.8M 36s
  1750K .......... .......... .......... .......... ..........  1% 33.1M 35s
  1800K .......... .......... .......... .......... ..........  1% 42.5M 34s
  1850K .......... .......... .......... .......... ..........  1% 32.4M 34s
  1900K .......... .......... .......... .......... ..........  2% 38.3M 33s
  1950K .......... .......... .......... .......... ..........  2% 38.2M 32s
  2000K .......... .......... .......... .......... ..........  2% 43.3M 31s
  2050K .......... .......... .......... .......... ..........  2% 45.4M 31s
  2100K .......... .......... .......... .......... ..........  2% 41.0M 30s
  2150K .......... .......... .......... .......... ..........  2% 39.2M 29s
  2200K .......... .......... .......... .......... ..........  2% 43.6M 29s
  2250K .......... .......... .......... .......... ..........  2% 5.95M 28s
  2300K .......... .......... .......... .......... ..........  2% 1.18M 29s
  2350K .......... .......... .......... .......... ..........  2% 1.65M 30s
  2400K .......... .......... .......... .......... ..........  2% 36.5M 29s
  2450K .......... .......... .......... .......... ..........  2% 45.1M 29s
  2500K .......... .......... .......... .......... ..........  2% 8.98M 28s
  2550K .......... .......... .......... .......... ..........  2% 45.5M 28s
  2600K .......... .......... .......... .......... ..........  2% 43.3M 27s
  2650K .......... .......... .......... .......... ..........  2% 41.3M 27s
  2700K .......... .......... .......... .......... ..........  2% 41.6M 26s
  2750K .......... .......... .......... .......... ..........  2% 45.3M 26s
  2800K .......... .......... .......... .......... ..........  2% 23.8M 26s
  2850K .......... .......... .......... .......... ..........  2% 47.1M 25s
  2900K .......... .......... .......... .......... ..........  3% 20.7M 25s
  2950K .......... .......... .......... .......... ..........  3% 20.7M 24s
  3000K .......... .......... .......... .......... ..........  3% 48.3M 24s
  3050K .......... .......... .......... .......... ..........  3% 31.9M 24s
  3100K .......... .......... .......... .......... ..........  3% 33.8M 23s
  3150K .......... .......... .......... .......... ..........  3% 38.0M 23s
  3200K .......... .......... .......... .......... ..........  3% 19.4M 23s
  3250K .......... .......... .......... .......... ..........  3% 33.4M 22s
  3300K .......... .......... .......... .......... ..........  3% 31.0M 22s
  3350K .......... .......... .......... .......... ..........  3% 38.1M 22s
  3400K .......... .......... .......... .......... ..........  3% 41.0M 21s
  3450K .......... .......... .......... .......... ..........  3% 34.5M 21s
  3500K .......... .......... .......... .......... ..........  3% 27.2M 21s
  3550K .......... .......... .......... .......... ..........  3% 19.5M 21s
  3600K .......... .......... .......... .......... ..........  3% 10.1M 21s
  3650K .......... .......... .......... .......... ..........  3% 32.8M 20s
  3700K .......... .......... .......... .......... ..........  3% 29.7M 20s
  3750K .......... .......... .......... .......... ..........  3% 37.6M 20s
  3800K .......... .......... .......... .......... ..........  3% 43.6M 20s
  3850K .......... .......... .......... .......... ..........  4% 45.9M 19s
  3900K .......... .......... .......... .......... ..........  4% 38.9M 19s
  3950K .......... .......... .......... .......... ..........  4% 47.1M 19s
  4000K .......... .......... .......... .......... ..........  4% 49.0M 19s
  4050K .......... .......... .......... .......... ..........  4% 68.5M 18s
  4100K .......... .......... .......... .......... ..........  4% 61.0M 18s
  4150K .......... .......... .......... .......... ..........  4% 67.9M 18s
  4200K .......... .......... .......... .......... ..........  4% 70.9M 18s
  4250K .......... .......... .......... .......... ..........  4% 67.9M 18s
  4300K .......... .......... .......... .......... ..........  4% 74.2M 17s
  4350K .......... .......... .......... .......... ..........  4% 78.1M 17s
  4400K .......... .......... .......... .......... ..........  4% 81.3M 17s
  4450K .......... .......... .......... .......... ..........  4% 74.6M 17s
  4500K .......... .......... .......... .......... ..........  4% 71.9M 17s
  4550K .......... .......... .......... .......... ..........  4% 2.86M 17s
  4600K .......... .......... .......... .......... ..........  4% 1.64M 17s
  4650K .......... .......... .......... .......... ..........  4% 28.2M 17s
  4700K .......... .......... .......... .......... ..........  4% 40.7M 17s
  4750K .......... .......... .......... .......... ..........  4% 56.2M 17s
  4800K .......... .......... .......... .......... ..........  5% 13.4M 17s
  4850K .......... .......... .......... .......... ..........  5% 46.2M 16s
  4900K .......... .......... .......... .......... ..........  5% 35.8M 16s
  4950K .......... .......... .......... .......... ..........  5% 50.3M 16s
  5000K .......... .......... .......... .......... ..........  5% 23.4M 16s
  5050K .......... .......... .......... .......... ..........  5% 18.5M 16s
  5100K .......... .......... .......... .......... ..........  5% 43.3M 16s
  5150K .......... .......... .......... .......... ..........  5% 45.0M 16s
  5200K .......... .......... .......... .......... ..........  5% 62.5M 15s
  5250K .......... .......... .......... .......... ..........  5% 71.8M 15s
  5300K .......... .......... .......... .......... ..........  5% 61.3M 15s
  5350K .......... .......... .......... .......... ..........  5% 71.2M 15s
  5400K .......... .......... .......... .......... ..........  5% 76.7M 15s
  5450K .......... .......... .......... .......... ..........  5% 70.8M 15s
  5500K .......... .......... .......... .......... ..........  5% 63.5M 15s
  5550K .......... .......... .......... .......... ..........  5% 60.0M 15s
  5600K .......... .......... .......... .......... ..........  5% 72.8M 14s
  5650K .......... .......... .......... .......... ..........  5% 25.1M 14s
  5700K .......... .......... .......... .......... ..........  5% 64.2M 14s
  5750K .......... .......... .......... .......... ..........  5% 66.7M 14s
  5800K .......... .......... .......... .......... ..........  6% 90.5M 14s
  5850K .......... .......... .......... .......... ..........  6% 65.7M 14s
  5900K .......... .......... .......... .......... ..........  6% 70.0M 14s
  5950K .......... .......... .......... .......... ..........  6% 61.1M 14s
  6000K .......... .......... .......... .......... ..........  6% 75.4M 13s
  6050K .......... .......... .......... .......... ..........  6% 75.0M 13s
  6100K .......... .......... .......... .......... ..........  6% 54.7M 13s
  6150K .......... .......... .......... .......... ..........  6% 80.2M 13s
  6200K .......... .......... .......... .......... ..........  6% 61.1M 13s
  6250K .......... .......... .......... .......... ..........  6% 2.07M 13s
  6300K .......... .......... .......... .......... ..........  6% 56.4M 13s
  6350K .......... .......... .......... .......... ..........  6% 26.7M 13s
  6400K .......... .......... .......... .......... ..........  6% 48.8M 13s
  6450K .......... .......... .......... .......... ..........  6% 58.3M 13s
  6500K .......... .......... .......... .......... ..........  6% 63.2M 13s
  6550K .......... .......... .......... .......... ..........  6% 67.5M 13s
  6600K .......... .......... .......... .......... ..........  6% 69.0M 13s
  6650K .......... .......... .......... .......... ..........  6% 65.8M 13s
  6700K .......... .......... .......... .......... ..........  6% 59.0M 12s
  6750K .......... .......... .......... .......... ..........  7% 76.8M 12s
  6800K .......... .......... .......... .......... ..........  7% 75.8M 12s
  6850K .......... .......... .......... .......... ..........  7%  302K 14s
  6900K .......... .......... .......... .......... ..........  7% 7.29M 14s
  6950K .......... .......... .......... .......... ..........  7% 59.8M 14s
  7000K .......... .......... .......... .......... ..........  7% 47.5M 14s
  7050K .......... .......... .......... .......... ..........  7% 65.7M 14s
  7100K .......... .......... .......... .......... ..........  7% 46.8M 14s
  7150K .......... .......... .......... .......... ..........  7% 54.0M 14s
  7200K .......... .......... .......... .......... ..........  7% 68.1M 14s
  7250K .......... .......... .......... .......... ..........  7% 75.8M 14s
  7300K .......... .......... .......... .......... ..........  7% 67.3M 14s
  7350K .......... .......... .......... .......... ..........  7% 62.3M 13s
  7400K .......... .......... .......... .......... ..........  7% 72.3M 13s
  7450K .......... .......... .......... .......... ..........  7% 70.2M 13s
  7500K .......... .......... .......... .......... ..........  7% 67.2M 13s
  7550K .......... .......... .......... .......... ..........  7% 83.5M 13s
  7600K .......... .......... .......... .......... ..........  7% 32.0M 13s
  7650K .......... .......... .......... .......... ..........  7% 66.3M 13s
  7700K .......... .......... .......... .......... ..........  8% 48.8M 13s
  7750K .......... .......... .......... .......... ..........  8% 48.8M 13s
  7800K .......... .......... .......... .......... ..........  8% 55.2M 13s
  7850K .......... .......... .......... .......... ..........  8% 40.5M 13s
  7900K .......... .......... .......... .......... ..........  8% 30.3M 13s
  7950K .......... .......... .......... .......... ..........  8% 48.8M 12s
  8000K .......... .......... .......... .......... ..........  8% 58.0M 12s
  8050K .......... .......... .......... .......... ..........  8% 78.0M 12s
  8100K .......... .......... .......... .......... ..........  8% 72.3M 12s
  8150K .......... .......... .......... .......... ..........  8% 84.5M 12s
  8200K .......... .......... .......... .......... ..........  8% 87.4M 12s
  8250K .......... .......... .......... .......... ..........  8% 75.7M 12s
  8300K .......... .......... .......... .......... ..........  8% 75.8M 12s
  8350K .......... .......... .......... .......... ..........  8% 1.32M 12s
  8400K .......... .......... .......... .......... ..........  8% 39.8M 12s
  8450K .......... .......... .......... .......... ..........  8% 65.5M 12s
  8500K .......... .......... .......... .......... ..........  8% 39.7M 12s
  8550K .......... .......... .......... .......... ..........  8% 67.5M 12s
  8600K .......... .......... .......... .......... ..........  8% 70.0M 12s
  8650K .......... .......... .......... .......... ..........  8% 73.5M 12s
  8700K .......... .......... .......... .......... ..........  9% 82.5M 12s
  8750K .......... .......... .......... .......... ..........  9% 69.1M 12s
  8800K .......... .......... .......... .......... ..........  9% 75.5M 12s
  8850K .......... .......... .......... .......... ..........  9% 72.2M 12s
  8900K .......... .......... .......... .......... ..........  9% 72.6M 12s
  8950K .......... .......... .......... .......... ..........  9% 64.0M 11s
  9000K .......... .......... .......... .......... ..........  9% 69.8M 11s
  9050K .......... .......... .......... .......... ..........  9% 48.2M 11s
  9100K .......... .......... .......... .......... ..........  9% 58.7M 11s
  9150K .......... .......... .......... .......... ..........  9% 54.6M 11s
  9200K .......... .......... .......... .......... ..........  9% 50.1M 11s
  9250K .......... .......... .......... .......... ..........  9% 55.3M 11s
  9300K .......... .......... .......... .......... ..........  9% 72.1M 11s
  9350K .......... .......... .......... .......... ..........  9% 56.5M 11s
  9400K .......... .......... .......... .......... ..........  9% 70.8M 11s
  9450K .......... .......... .......... .......... ..........  9% 50.7M 11s
  9500K .......... .......... .......... .......... ..........  9% 69.5M 11s
  9550K .......... .......... .......... .......... ..........  9% 30.7M 11s
  9600K .......... .......... .......... .......... ..........  9% 54.0M 11s
  9650K .......... .......... .......... .......... .......... 10% 70.4M 11s
  9700K .......... .......... .......... .......... .......... 10% 60.1M 11s
  9750K .......... .......... .......... .......... .......... 10% 58.5M 11s
  9800K .......... .......... .......... .......... .......... 10% 61.6M 11s
  9850K .......... .......... .......... .......... .......... 10% 59.7M 10s
  9900K .......... .......... .......... .......... .......... 10% 33.6M 10s
  9950K .......... .......... .......... .......... .......... 10% 75.2M 10s
 10000K .......... .......... .......... .......... .......... 10% 76.7M 10s
 10050K .......... .......... .......... .......... .......... 10% 66.7M 10s
 10100K .......... .......... .......... .......... .......... 10% 65.7M 10s
 10150K .......... .......... .......... .......... .......... 10% 61.7M 10s
 10200K .......... .......... .......... .......... .......... 10% 67.0M 10s
 10250K .......... .......... .......... .......... .......... 10% 52.0M 10s
 10300K .......... .......... .......... .......... .......... 10% 69.4M 10s
 10350K .......... .......... .......... .......... .......... 10% 78.8M 10s
 10400K .......... .......... .......... .......... .......... 10% 76.8M 10s
 10450K .......... .......... .......... .......... .......... 10% 60.6M 10s
 10500K .......... .......... .......... .......... .......... 10%  573K 11s
 10550K .......... .......... .......... .......... .......... 10% 42.1M 10s
 10600K .......... .......... .......... .......... .......... 11% 10.7M 10s
 10650K .......... .......... .......... .......... .......... 11% 42.8M 10s
 10700K .......... .......... .......... .......... .......... 11% 43.2M 10s
 10750K .......... .......... .......... .......... .......... 11% 26.0M 10s
 10800K .......... .......... .......... .......... .......... 11% 44.8M 10s
 10850K .......... .......... .......... .......... .......... 11% 22.7M 10s
 10900K .......... .......... .......... .......... .......... 11% 18.1M 10s
 10950K .......... .......... .......... .......... .......... 11% 26.1M 10s
 11000K .......... .......... .......... .......... .......... 11% 42.7M 10s
 11050K .......... .......... .......... .......... .......... 11% 24.7M 10s
 11100K .......... .......... .......... .......... .......... 11% 45.8M 10s
 11150K .......... .......... .......... .......... .......... 11% 32.3M 10s
 11200K .......... .......... .......... .......... .......... 11% 43.6M 10s
 11250K .......... .......... .......... .......... .......... 11% 42.5M 10s
 11300K .......... .......... .......... .......... .......... 11%  192K 12s
 11350K .......... .......... .......... .......... .......... 11%  156K 14s
 11400K .......... .......... .......... .......... .......... 11%  459K 15s
 11450K .......... .......... .......... .......... .......... 11% 1.97M 15s
 11500K .......... .......... .......... .......... .......... 11%  554K 16s
 11550K .......... .......... .......... .......... .......... 11% 4.08M 16s
 11600K .......... .......... .......... .......... .......... 12%  557K 16s
 11650K .......... .......... .......... .......... .......... 12% 2.61M 16s
 11700K .......... .......... .......... .......... .......... 12% 6.89M 16s
 11750K .......... .......... .......... .......... .......... 12%  601K 17s
 11800K .......... .......... .......... .......... .......... 12% 3.64M 17s
 11850K .......... .......... .......... .......... .......... 12% 4.31M 17s
 11900K .......... .......... .......... .......... .......... 12% 3.77M 17s
 11950K .......... .......... .......... .......... .......... 12%  561K 17s
 12000K .......... .......... .......... .......... .......... 12% 3.80M 17s
 12050K .......... .......... .......... .......... .......... 12% 6.93M 17s
 12100K .......... .......... .......... .......... .......... 12%  597K 18s
 12150K .......... .......... .......... .......... .......... 12% 4.18M 18s
 12200K .......... .......... .......... .......... .......... 12% 7.20M 18s
 12250K .......... .......... .......... .......... .......... 12% 34.3M 18s
 12300K .......... .......... .......... .......... .......... 12% 45.9M 18s
 12350K .......... .......... .......... .......... .......... 12% 39.8M 18s
 12400K .......... .......... .......... .......... .......... 12% 43.4M 17s
 12450K .......... .......... .......... .......... .......... 12% 37.6M 17s
 12500K .......... .......... .......... .......... .......... 12% 44.4M 17s
 12550K .......... .......... .......... .......... .......... 13% 34.7M 17s
 12600K .......... .......... .......... .......... .......... 13% 43.1M 17s
 12650K .......... .......... .......... .......... .......... 13% 31.6M 17s
 12700K .......... .......... .......... .......... .......... 13% 35.7M 17s
 12750K .......... .......... .......... .......... .......... 13% 42.2M 17s
 12800K .......... .......... .......... .......... .......... 13% 31.8M 17s
 12850K .......... .......... .......... .......... .......... 13% 35.4M 17s
 12900K .......... .......... .......... .......... .......... 13% 45.7M 17s
 12950K .......... .......... .......... .......... .......... 13% 42.4M 17s
 13000K .......... .......... .......... .......... .......... 13% 46.8M 17s
 13050K .......... .......... .......... .......... .......... 13% 41.8M 17s
 13100K .......... .......... .......... .......... .......... 13% 79.4M 17s
 13150K .......... .......... .......... .......... .......... 13% 87.1M 16s
 13200K .......... .......... .......... .......... .......... 13%  101M 16s
 13250K .......... .......... .......... .......... .......... 13% 79.1M 16s
 13300K .......... .......... .......... .......... .......... 13% 83.2M 16s
 13350K .......... .......... .......... .......... .......... 13% 88.3M 16s
 13400K .......... .......... .......... .......... .......... 13% 88.0M 16s
 13450K .......... .......... .......... .......... .......... 13%  861K 16s
 13500K .......... .......... .......... .......... .......... 14% 5.90M 16s
 13550K .......... .......... .......... .......... .......... 14% 9.61M 16s
 13600K .......... .......... .......... .......... .......... 14% 9.13M 16s
 13650K .......... .......... .......... .......... .......... 14% 8.15M 16s
 13700K .......... .......... .......... .......... .......... 14% 49.8M 16s
 13750K .......... .......... .......... .......... .......... 14% 8.67M 16s
 13800K .......... .......... .......... .......... .......... 14% 49.4M 16s
 13850K .......... .......... .......... .......... .......... 14% 7.99M 16s
 13900K .......... .......... .......... .......... .......... 14% 7.94M 16s
 13950K .......... .......... .......... .......... .......... 14%  656K 16s
 14000K .......... .......... .......... .......... .......... 14% 7.51M 16s
 14050K .......... .......... .......... .......... .......... 14% 7.37M 16s
 14100K .......... .......... .......... .......... .......... 14% 7.36M 16s
 14150K .......... .......... .......... .......... .......... 14% 7.41M 16s
 14200K .......... .......... .......... .......... .......... 14% 7.39M 16s
 14250K .......... .......... .......... .......... .......... 14%  721K 17s
 14300K .......... .......... .......... .......... .......... 14% 3.73M 17s
 14350K .......... .......... .......... .......... .......... 14% 5.87M 17s
 14400K .......... .......... .......... .......... .......... 14% 9.72M 17s
 14450K .......... .......... .......... .......... .......... 14% 5.55M 17s
 14500K .......... .......... .......... .......... .......... 15% 9.47M 17s
 14550K .......... .......... .......... .......... .......... 15%  811K 17s
 14600K .......... .......... .......... .......... .......... 15% 2.20M 17s
 14650K .......... .......... .......... .......... .......... 15% 27.3M 17s
 14700K .......... .......... .......... .......... .......... 15% 71.5M 17s
 14750K .......... .......... .......... .......... .......... 15% 81.8M 17s
 14800K .......... .......... .......... .......... .......... 15% 65.9M 17s
 14850K .......... .......... .......... .......... .......... 15% 24.7M 17s
 14900K .......... .......... .......... .......... .......... 15% 81.3M 16s
 14950K .......... .......... .......... .......... .......... 15% 84.9M 16s
 15000K .......... .......... .......... .......... .......... 15% 78.0M 16s
 15050K .......... .......... .......... .......... .......... 15% 67.9M 16s
 15100K .......... .......... .......... .......... .......... 15% 79.4M 16s
 15150K .......... .......... .......... .......... .......... 15% 71.8M 16s
 15200K .......... .......... .......... .......... .......... 15% 85.6M 16s
 15250K .......... .......... .......... .......... .......... 15% 80.1M 16s
 15300K .......... .......... .......... .......... .......... 15%  305K 17s
 15350K .......... .......... .......... .......... .......... 15% 1.73M 17s
 15400K .......... .......... .......... .......... .......... 15% 5.50M 17s
 15450K .......... .......... .......... .......... .......... 16% 8.88M 17s
 15500K .......... .......... .......... .......... .......... 16% 35.5M 17s
 15550K .......... .......... .......... .......... .......... 16% 42.0M 17s
 15600K .......... .......... .......... .......... .......... 16% 69.6M 17s
 15650K .......... .......... .......... .......... .......... 16% 63.6M 17s
 15700K .......... .......... .......... .......... .......... 16% 55.7M 17s
 15750K .......... .......... .......... .......... .......... 16% 56.3M 17s
 15800K .......... .......... .......... .......... .......... 16% 66.1M 16s
 15850K .......... .......... .......... .......... .......... 16% 49.3M 16s
 15900K .......... .......... .......... .......... .......... 16% 16.8M 16s
 15950K .......... .......... .......... .......... .......... 16% 33.9M 16s
 16000K .......... .......... .......... .......... .......... 16% 36.1M 16s
 16050K .......... .......... .......... .......... .......... 16% 33.1M 16s
 16100K .......... .......... .......... .......... .......... 16% 28.8M 16s
 16150K .......... .......... .......... .......... .......... 16% 17.8M 16s
 16200K .......... .......... .......... .......... .......... 16% 42.3M 16s
 16250K .......... .......... .......... .......... .......... 16% 48.2M 16s
 16300K .......... .......... .......... .......... .......... 16% 40.7M 16s
 16350K .......... .......... .......... .......... .......... 16% 44.5M 16s
 16400K .......... .......... .......... .......... .......... 17% 48.5M 16s
 16450K .......... .......... .......... .......... .......... 17% 43.1M 16s
 16500K .......... .......... .......... .......... .......... 17% 44.6M 16s
 16550K .......... .......... .......... .......... .......... 17% 42.2M 16s
 16600K .......... .......... .......... .......... .......... 17% 50.0M 16s
 16650K .......... .......... .......... .......... .......... 17% 38.6M 16s
 16700K .......... .......... .......... .......... .......... 17% 44.4M 16s
 16750K .......... .......... .......... .......... .......... 17% 49.0M 16s
 16800K .......... .......... .......... .......... .......... 17% 41.7M 15s
 16850K .......... .......... .......... .......... .......... 17% 48.8M 15s
 16900K .......... .......... .......... .......... .......... 17% 42.1M 15s
 16950K .......... .......... .......... .......... .......... 17% 47.1M 15s
 17000K .......... .......... .......... .......... .......... 17% 69.7M 15s
 17050K .......... .......... .......... .......... .......... 17% 78.5M 15s
 17100K .......... .......... .......... .......... .......... 17% 80.4M 15s
 17150K .......... .......... .......... .......... .......... 17% 65.2M 15s
 17200K .......... .......... .......... .......... .......... 17% 69.0M 15s
 17250K .......... .......... .......... .......... .......... 17% 72.8M 15s
 17300K .......... .......... .......... .......... .......... 17% 70.7M 15s
 17350K .......... .......... .......... .......... .......... 17% 80.4M 15s
 17400K .......... .......... .......... .......... .......... 18% 84.2M 15s
 17450K .......... .......... .......... .......... .......... 18% 71.3M 15s
 17500K .......... .......... .......... .......... .......... 18% 88.4M 15s
 17550K .......... .......... .......... .......... .......... 18% 76.6M 15s
 17600K .......... .......... .......... .......... .......... 18% 69.7M 15s
 17650K .......... .......... .......... .......... .......... 18% 76.0M 15s
 17700K .......... .......... .......... .......... .......... 18% 84.9M 15s
 17750K .......... .......... .......... .......... .......... 18% 85.6M 15s
 17800K .......... .......... .......... .......... .......... 18% 86.7M 14s
 17850K .......... .......... .......... .......... .......... 18% 62.2M 14s
 17900K .......... .......... .......... .......... .......... 18% 81.6M 14s
 17950K .......... .......... .......... .......... .......... 18% 87.9M 14s
 18000K .......... .......... .......... .......... .......... 18% 84.4M 14s
 18050K .......... .......... .......... .......... .......... 18% 72.1M 14s
 18100K .......... .......... .......... .......... .......... 18% 88.3M 14s
 18150K .......... .......... .......... .......... .......... 18% 82.1M 14s
 18200K .......... .......... .......... .......... .......... 18% 89.3M 14s
 18250K .......... .......... .......... .......... .......... 18% 73.2M 14s
 18300K .......... .......... .......... .......... .......... 18% 84.4M 14s
 18350K .......... .......... .......... .......... .......... 19% 88.3M 14s
 18400K .......... .......... .......... .......... .......... 19% 87.0M 14s
 18450K .......... .......... .......... .......... .......... 19% 74.0M 14s
 18500K .......... .......... .......... .......... .......... 19% 82.4M 14s
 18550K .......... .......... .......... .......... .......... 19% 87.1M 14s
 18600K .......... .......... .......... .......... .......... 19% 84.6M 14s
 18650K .......... .......... .......... .......... .......... 19%  630K 14s
 18700K .......... .......... .......... .......... .......... 19% 7.73M 14s
 18750K .......... .......... .......... .......... .......... 19% 54.7M 14s
 18800K .......... .......... .......... .......... .......... 19% 80.1M 14s
 18850K .......... .......... .......... .......... .......... 19% 70.0M 14s
 18900K .......... .......... .......... .......... .......... 19% 85.9M 14s
 18950K .......... .......... .......... .......... .......... 19% 82.2M 14s
 19000K .......... .......... .......... .......... .......... 19% 81.9M 14s
 19050K .......... .......... .......... .......... .......... 19% 70.3M 14s
 19100K .......... .......... .......... .......... .......... 19% 50.9M 14s
 19150K .......... .......... .......... .......... .......... 19% 71.0M 14s
 19200K .......... .......... .......... .......... .......... 19% 78.4M 14s
 19250K .......... .......... .......... .......... .......... 19% 69.0M 14s
 19300K .......... .......... .......... .......... .......... 20% 49.3M 14s
 19350K .......... .......... .......... .......... .......... 20% 71.8M 13s
 19400K .......... .......... .......... .......... .......... 20% 76.1M 13s
 19450K .......... .......... .......... .......... .......... 20% 72.3M 13s
 19500K .......... .......... .......... .......... .......... 20% 87.2M 13s
 19550K .......... .......... .......... .......... .......... 20% 81.0M 13s
 19600K .......... .......... .......... .......... .......... 20% 99.5M 13s
 19650K .......... .......... .......... .......... .......... 20% 78.1M 13s
 19700K .......... .......... .......... .......... .......... 20% 91.4M 13s
 19750K .......... .......... .......... .......... .......... 20% 91.4M 13s
 19800K .......... .......... .......... .......... .......... 20% 98.8M 13s
 19850K .......... .......... .......... .......... .......... 20% 86.2M 13s
 19900K .......... .......... .......... .......... .......... 20%  270K 14s
 19950K .......... .......... .......... .......... .......... 20% 7.45M 14s
 20000K .......... .......... .......... .......... .......... 20% 75.6M 14s
 20050K .......... .......... .......... .......... .......... 20% 56.8M 14s
 20100K .......... .......... .......... .......... .......... 20% 62.6M 14s
 20150K .......... .......... .......... .......... .......... 20% 64.4M 14s
 20200K .......... .......... .......... .......... .......... 20% 64.6M 14s
 20250K .......... .......... .......... .......... .......... 20% 66.9M 13s
 20300K .......... .......... .......... .......... .......... 21% 89.5M 13s
 20350K .......... .......... .......... .......... .......... 21% 94.2M 13s
 20400K .......... .......... .......... .......... .......... 21% 87.4M 13s
 20450K .......... .......... .......... .......... .......... 21% 80.1M 13s
 20500K .......... .......... .......... .......... .......... 21% 89.1M 13s
 20550K .......... .......... .......... .......... .......... 21% 92.7M 13s
 20600K .......... .......... .......... .......... .......... 21% 67.3M 13s
 20650K .......... .......... .......... .......... .......... 21% 77.5M 13s
 20700K .......... .......... .......... .......... .......... 21% 90.0M 13s
 20750K .......... .......... .......... .......... .......... 21% 94.3M 13s
 20800K .......... .......... .......... .......... .......... 21% 94.4M 13s
 20850K .......... .......... .......... .......... .......... 21% 78.4M 13s
 20900K .......... .......... .......... .......... .......... 21% 95.8M 13s
 20950K .......... .......... .......... .......... .......... 21% 96.1M 13s
 21000K .......... .......... .......... .......... .......... 21% 93.5M 13s
 21050K .......... .......... .......... .......... .......... 21% 77.2M 13s
 21100K .......... .......... .......... .......... .......... 21% 95.8M 13s
 21150K .......... .......... .......... .......... .......... 21%  102M 13s
 21200K .......... .......... .......... .......... .......... 21% 92.1M 13s
 21250K .......... .......... .......... .......... .......... 22% 67.8M 13s
 21300K .......... .......... .......... .......... .......... 22% 81.1M 13s
 21350K .......... .......... .......... .......... .......... 22% 95.6M 13s
 21400K .......... .......... .......... .......... .......... 22%  104M 13s
 21450K .......... .......... .......... .......... .......... 22% 88.6M 13s
 21500K .......... .......... .......... .......... .......... 22%  101M 13s
 21550K .......... .......... .......... .......... .......... 22% 71.9M 13s
 21600K .......... .......... .......... .......... .......... 22% 92.4M 12s
 21650K .......... .......... .......... .......... .......... 22% 68.1M 12s
 21700K .......... .......... .......... .......... .......... 22% 83.5M 12s
 21750K .......... .......... .......... .......... .......... 22% 78.3M 12s
 21800K .......... .......... .......... .......... .......... 22% 88.8M 12s
 21850K .......... .......... .......... .......... .......... 22% 89.9M 12s
 21900K .......... .......... .......... .......... .......... 22%  113M 12s
 21950K .......... .......... .......... .......... .......... 22%  104M 12s
 22000K .......... .......... .......... .......... .......... 22%  102M 12s
 22050K .......... .......... .......... .......... .......... 22% 96.1M 12s
 22100K .......... .......... .......... .......... .......... 22% 88.5M 12s
 22150K .......... .......... .......... .......... .......... 22% 87.9M 12s
 22200K .......... .......... .......... .......... .......... 23% 85.2M 12s
 22250K .......... .......... .......... .......... .......... 23% 72.9M 12s
 22300K .......... .......... .......... .......... .......... 23% 86.7M 12s
 22350K .......... .......... .......... .......... .......... 23% 81.1M 12s
 22400K .......... .......... .......... .......... .......... 23% 86.7M 12s
 22450K .......... .......... .......... .......... .......... 23% 76.7M 12s
 22500K .......... .......... .......... .......... .......... 23% 90.8M 12s
 22550K .......... .......... .......... .......... .......... 23% 97.7M 12s
 22600K .......... .......... .......... .......... .......... 23%  764K 12s
 22650K .......... .......... .......... .......... .......... 23% 47.1M 12s
 22700K .......... .......... .......... .......... .......... 23% 72.2M 12s
 22750K .......... .......... .......... .......... .......... 23% 78.0M 12s
 22800K .......... .......... .......... .......... .......... 23% 75.1M 12s
 22850K .......... .......... .......... .......... .......... 23% 65.3M 12s
 22900K .......... .......... .......... .......... .......... 23% 79.6M 12s
 22950K .......... .......... .......... .......... .......... 23% 89.1M 12s
 23000K .......... .......... .......... .......... .......... 23% 74.1M 12s
 23050K .......... .......... .......... .......... .......... 23% 54.8M 12s
 23100K .......... .......... .......... .......... .......... 23% 63.2M 12s
 23150K .......... .......... .......... .......... .......... 23% 77.3M 12s
 23200K .......... .......... .......... .......... .......... 24% 82.6M 12s
 23250K .......... .......... .......... .......... .......... 24% 81.6M 12s
 23300K .......... .......... .......... .......... .......... 24% 87.0M 12s
 23350K .......... .......... .......... .......... .......... 24% 66.0M 12s
 23400K .......... .......... .......... .......... .......... 24% 2.68M 12s
 23450K .......... .......... .......... .......... .......... 24% 61.3M 12s
 23500K .......... .......... .......... .......... .......... 24% 26.8M 12s
 23550K .......... .......... .......... .......... .......... 24% 85.2M 11s
 23600K .......... .......... .......... .......... .......... 24% 93.9M 11s
 23650K .......... .......... .......... .......... .......... 24% 92.8M 11s
 23700K .......... .......... .......... .......... .......... 24% 99.4M 11s
 23750K .......... .......... .......... .......... .......... 24%  109M 11s
 23800K .......... .......... .......... .......... .......... 24% 85.9M 11s
 23850K .......... .......... .......... .......... .......... 24% 91.0M 11s
 23900K .......... .......... .......... .......... .......... 24%  101M 11s
 23950K .......... .......... .......... .......... .......... 24%  102M 11s
 24000K .......... .......... .......... .......... .......... 24% 87.4M 11s
 24050K .......... .......... .......... .......... .......... 24% 70.8M 11s
 24100K .......... .......... .......... .......... .......... 24%  715K 11s
 24150K .......... .......... .......... .......... .......... 25% 68.2M 11s
 24200K .......... .......... .......... .......... .......... 25% 65.4M 11s
 24250K .......... .......... .......... .......... .......... 25% 43.9M 11s
 24300K .......... .......... .......... .......... .......... 25% 58.5M 11s
 24350K .......... .......... .......... .......... .......... 25% 68.2M 11s
 24400K .......... .......... .......... .......... .......... 25% 47.9M 11s
 24450K .......... .......... .......... .......... .......... 25% 56.6M 11s
 24500K .......... .......... .......... .......... .......... 25% 67.3M 11s
 24550K .......... .......... .......... .......... .......... 25% 45.2M 11s
 24600K .......... .......... .......... .......... .......... 25% 67.3M 11s
 24650K .......... .......... .......... .......... .......... 25% 65.9M 11s
 24700K .......... .......... .......... .......... .......... 25% 66.6M 11s
 24750K .......... .......... .......... .......... .......... 25% 84.8M 11s
 24800K .......... .......... .......... .......... .......... 25% 75.6M 11s
 24850K .......... .......... .......... .......... .......... 25% 77.4M 11s
 24900K .......... .......... .......... .......... .......... 25% 2.74M 11s
 24950K .......... .......... .......... .......... .......... 25% 60.8M 11s
 25000K .......... .......... .......... .......... .......... 25% 81.9M 11s
 25050K .......... .......... .......... .......... .......... 25% 54.5M 11s
 25100K .......... .......... .......... .......... .......... 26% 91.0M 11s
 25150K .......... .......... .......... .......... .......... 26% 51.5M 11s
 25200K .......... .......... .......... .......... .......... 26% 84.1M 11s
 25250K .......... .......... .......... .......... .......... 26% 94.2M 11s
 25300K .......... .......... .......... .......... .......... 26% 37.1M 11s
 25350K .......... .......... .......... .......... .......... 26% 60.2M 11s
 25400K .......... .......... .......... .......... .......... 26% 63.8M 11s
 25450K .......... .......... .......... .......... .......... 26% 76.7M 11s
 25500K .......... .......... .......... .......... .......... 26% 72.4M 11s
 25550K .......... .......... .......... .......... .......... 26% 83.1M 11s
 25600K .......... .......... .......... .......... .......... 26%  721K 11s
 25650K .......... .......... .......... .......... .......... 26% 37.2M 11s
 25700K .......... .......... .......... .......... .......... 26% 42.0M 11s
 25750K .......... .......... .......... .......... .......... 26% 46.8M 11s
 25800K .......... .......... .......... .......... .......... 26% 57.9M 11s
 25850K .......... .......... .......... .......... .......... 26% 41.4M 11s
 25900K .......... .......... .......... .......... .......... 26% 57.3M 11s
 25950K .......... .......... .......... .......... .......... 26% 79.4M 11s
 26000K .......... .......... .......... .......... .......... 26% 83.1M 11s
 26050K .......... .......... .......... .......... .......... 26% 70.1M 11s
 26100K .......... .......... .......... .......... .......... 27% 50.3M 11s
 26150K .......... .......... .......... .......... .......... 27% 77.3M 10s
 26200K .......... .......... .......... .......... .......... 27% 87.7M 10s
 26250K .......... .......... .......... .......... .......... 27% 59.4M 10s
 26300K .......... .......... .......... .......... .......... 27% 25.0M 10s
 26350K .......... .......... .......... .......... .......... 27% 34.6M 10s
 26400K .......... .......... .......... .......... .......... 27% 3.21M 10s
 26450K .......... .......... .......... .......... .......... 27% 44.6M 10s
 26500K .......... .......... .......... .......... .......... 27% 36.4M 10s
 26550K .......... .......... .......... .......... .......... 27% 76.3M 10s
 26600K .......... .......... .......... .......... .......... 27% 53.4M 10s
 26650K .......... .......... .......... .......... .......... 27% 89.6M 10s
 26700K .......... .......... .......... .......... .......... 27% 28.7M 10s
 26750K .......... .......... .......... .......... .......... 27% 44.4M 10s
 26800K .......... .......... .......... .......... .......... 27% 76.0M 10s
 26850K .......... .......... .......... .......... .......... 27% 78.0M 10s
 26900K .......... .......... .......... .......... .......... 27% 62.8M 10s
 26950K .......... .......... .......... .......... .......... 27% 71.9M 10s
 27000K .......... .......... .......... .......... .......... 27% 81.6M 10s
 27050K .......... .......... .......... .......... .......... 28% 11.8M 10s
 27100K .......... .......... .......... .......... .......... 28%  796K 10s
 27150K .......... .......... .......... .......... .......... 28% 15.8M 10s
 27200K .......... .......... .......... .......... .......... 28% 30.5M 10s
 27250K .......... .......... .......... .......... .......... 28% 32.1M 10s
 27300K .......... .......... .......... .......... .......... 28% 40.8M 10s
 27350K .......... .......... .......... .......... .......... 28% 63.7M 10s
 27400K .......... .......... .......... .......... .......... 28% 43.8M 10s
 27450K .......... .......... .......... .......... .......... 28% 79.0M 10s
 27500K .......... .......... .......... .......... .......... 28% 57.4M 10s
 27550K .......... .......... .......... .......... .......... 28% 64.9M 10s
 27600K .......... .......... .......... .......... .......... 28% 88.2M 10s
 27650K .......... .......... .......... .......... .......... 28% 52.9M 10s
 27700K .......... .......... .......... .......... .......... 28% 71.7M 10s
 27750K .......... .......... .......... .......... .......... 28% 48.0M 10s
 27800K .......... .......... .......... .......... .......... 28% 30.6M 10s
 27850K .......... .......... .......... .......... .......... 28% 32.4M 10s
 27900K .......... .......... .......... .......... .......... 28% 11.3M 10s
 27950K .......... .......... .......... .......... .......... 28% 4.83M 10s
 28000K .......... .......... .......... .......... .......... 29% 58.7M 10s
 28050K .......... .......... .......... .......... .......... 29% 32.6M 10s
 28100K .......... .......... .......... .......... .......... 29% 30.3M 10s
 28150K .......... .......... .......... .......... .......... 29% 24.3M 10s
 28200K .......... .......... .......... .......... .......... 29% 69.8M 10s
 28250K .......... .......... .......... .......... .......... 29% 62.3M 10s
 28300K .......... .......... .......... .......... .......... 29% 50.8M 10s
 28350K .......... .......... .......... .......... .......... 29% 82.8M 10s
 28400K .......... .......... .......... .......... .......... 29% 70.3M 10s
 28450K .......... .......... .......... .......... .......... 29% 17.6M 10s
 28500K .......... .......... .......... .......... .......... 29% 51.8M 10s
 28550K .......... .......... .......... .......... .......... 29% 54.1M 10s
 28600K .......... .......... .......... .......... .......... 29% 10.6M 10s
 28650K .......... .......... .......... .......... .......... 29%  844K 10s
 28700K .......... .......... .......... .......... .......... 29% 13.2M 10s
 28750K .......... .......... .......... .......... .......... 29% 37.5M 10s
 28800K .......... .......... .......... .......... .......... 29% 46.9M 10s
 28850K .......... .......... .......... .......... .......... 29% 56.4M 10s
 28900K .......... .......... .......... .......... .......... 29% 48.7M 10s
 28950K .......... .......... .......... .......... .......... 29% 67.7M 10s
 29000K .......... .......... .......... .......... .......... 30% 71.0M 10s
 29050K .......... .......... .......... .......... .......... 30% 31.5M 10s
 29100K .......... .......... .......... .......... .......... 30% 41.4M 10s
 29150K .......... .......... .......... .......... .......... 30% 53.8M 10s
 29200K .......... .......... .......... .......... .......... 30% 50.7M 10s
 29250K .......... .......... .......... .......... .......... 30% 37.5M 9s
 29300K .......... .......... .......... .......... .......... 30% 35.5M 9s
 29350K .......... .......... .......... .......... .......... 30% 29.6M 9s
 29400K .......... .......... .......... .......... .......... 30% 22.0M 9s
 29450K .......... .......... .......... .......... .......... 30% 9.73M 9s
 29500K .......... .......... .......... .......... .......... 30% 8.38M 9s
 29550K .......... .......... .......... .......... .......... 30% 29.3M 9s
 29600K .......... .......... .......... .......... .......... 30% 27.5M 9s
 29650K .......... .......... .......... .......... .......... 30% 21.3M 9s
 29700K .......... .......... .......... .......... .......... 30% 44.0M 9s
 29750K .......... .......... .......... .......... .......... 30% 99.8M 9s
 29800K .......... .......... .......... .......... .......... 30% 45.1M 9s
 29850K .......... .......... .......... .......... .......... 30% 67.0M 9s
 29900K .......... .......... .......... .......... .......... 30% 19.4M 9s
 29950K .......... .......... .......... .......... .......... 31% 46.6M 9s
 30000K .......... .......... .......... .......... .......... 31% 52.0M 9s
 30050K .......... .......... .......... .......... .......... 31% 69.5M 9s
 30100K .......... .......... .......... .......... .......... 31% 12.5M 9s
 30150K .......... .......... .......... .......... .......... 31% 26.7M 9s
 30200K .......... .......... .......... .......... .......... 31%  851K 9s
 30250K .......... .......... .......... .......... .......... 31% 16.5M 9s
 30300K .......... .......... .......... .......... .......... 31% 22.7M 9s
 30350K .......... .......... .......... .......... .......... 31% 50.6M 9s
 30400K .......... .......... .......... .......... .......... 31% 51.6M 9s
 30450K .......... .......... .......... .......... .......... 31% 59.2M 9s
 30500K .......... .......... .......... .......... .......... 31% 21.7M 9s
 30550K .......... .......... .......... .......... .......... 31% 70.0M 9s
 30600K .......... .......... .......... .......... .......... 31% 51.1M 9s
 30650K .......... .......... .......... .......... .......... 31% 42.0M 9s
 30700K .......... .......... .......... .......... .......... 31% 37.4M 9s
 30750K .......... .......... .......... .......... .......... 31% 35.7M 9s
 30800K .......... .......... .......... .......... .......... 31% 45.3M 9s
 30850K .......... .......... .......... .......... .......... 31% 35.2M 9s
 30900K .......... .......... .......... .......... .......... 32% 26.6M 9s
 30950K .......... .......... .......... .......... .......... 32% 35.9M 9s
 31000K .......... .......... .......... .......... .......... 32% 10.3M 9s
 31050K .......... .......... .......... .......... .......... 32% 10.3M 9s
 31100K .......... .......... .......... .......... .......... 32% 15.6M 9s
 31150K .......... .......... .......... .......... .......... 32% 25.2M 9s
 31200K .......... .......... .......... .......... .......... 32% 48.5M 9s
 31250K .......... .......... .......... .......... .......... 32% 46.4M 9s
 31300K .......... .......... .......... .......... .......... 32% 46.1M 9s
 31350K .......... .......... .......... .......... .......... 32% 19.6M 9s
 31400K .......... .......... .......... .......... .......... 32% 47.8M 9s
 31450K .......... .......... .......... .......... .......... 32% 43.3M 9s
 31500K .......... .......... .......... .......... .......... 32% 36.0M 9s
 31550K .......... .......... .......... .......... .......... 32% 41.6M 9s
 31600K .......... .......... .......... .......... .......... 32% 23.8M 9s
 31650K .......... .......... .......... .......... .......... 32% 25.6M 9s
 31700K .......... .......... .......... .......... .......... 32% 9.69M 9s
 31750K .......... .......... .......... .......... .......... 32%  964K 9s
 31800K .......... .......... .......... .......... .......... 32% 8.65M 9s
 31850K .......... .......... .......... .......... .......... 32% 23.1M 9s
 31900K .......... .......... .......... .......... .......... 33% 27.7M 9s
 31950K .......... .......... .......... .......... .......... 33% 37.5M 9s
 32000K .......... .......... .......... .......... .......... 33% 41.4M 9s
 32050K .......... .......... .......... .......... .......... 33% 35.0M 9s
 32100K .......... .......... .......... .......... .......... 33% 34.0M 9s
 32150K .......... .......... .......... .......... .......... 33% 43.4M 9s
 32200K .......... .......... .......... .......... .......... 33% 41.9M 9s
 32250K .......... .......... .......... .......... .......... 33% 37.1M 9s
 32300K .......... .......... .......... .......... .......... 33% 30.6M 9s
 32350K .......... .......... .......... .......... .......... 33% 37.4M 9s
 32400K .......... .......... .......... .......... .......... 33% 44.4M 9s
 32450K .......... .......... .......... .......... .......... 33% 33.9M 9s
 32500K .......... .......... .......... .......... .......... 33% 18.9M 9s
 32550K .......... .......... .......... .......... .......... 33% 18.0M 9s
 32600K .......... .......... .......... .......... .......... 33% 13.0M 9s
 32650K .......... .......... .......... .......... .......... 33% 13.5M 9s
 32700K .......... .......... .......... .......... .......... 33% 21.8M 9s
 32750K .......... .......... .......... .......... .......... 33% 36.2M 9s
 32800K .......... .......... .......... .......... .......... 33% 25.4M 8s
 32850K .......... .......... .......... .......... .......... 34% 36.5M 8s
 32900K .......... .......... .......... .......... .......... 34% 29.8M 8s
 32950K .......... .......... .......... .......... .......... 34% 40.9M 8s
 33000K .......... .......... .......... .......... .......... 34% 37.2M 8s
 33050K .......... .......... .......... .......... .......... 34% 47.2M 8s
 33100K .......... .......... .......... .......... .......... 34% 21.4M 8s
 33150K .......... .......... .......... .......... .......... 34% 46.0M 8s
 33200K .......... .......... .......... .......... .......... 34% 38.6M 8s
 33250K .......... .......... .......... .......... .......... 34% 12.4M 8s
 33300K .......... .......... .......... .......... .......... 34% 5.93M 8s
 33350K .......... .......... .......... .......... .......... 34% 1010K 8s
 33400K .......... .......... .......... .......... .......... 34% 20.1M 8s
 33450K .......... .......... .......... .......... .......... 34% 25.8M 8s
 33500K .......... .......... .......... .......... .......... 34% 26.3M 8s
 33550K .......... .......... .......... .......... .......... 34% 43.9M 8s
 33600K .......... .......... .......... .......... .......... 34% 37.2M 8s
 33650K .......... .......... .......... .......... .......... 34% 33.0M 8s
 33700K .......... .......... .......... .......... .......... 34% 44.2M 8s
 33750K .......... .......... .......... .......... .......... 34% 35.5M 8s
 33800K .......... .......... .......... .......... .......... 35% 24.7M 8s
 33850K .......... .......... .......... .......... .......... 35% 81.5M 8s
 33900K .......... .......... .......... .......... .......... 35% 30.8M 8s
 33950K .......... .......... .......... .......... .......... 35% 31.8M 8s
 34000K .......... .......... .......... .......... .......... 35% 27.9M 8s
 34050K .......... .......... .......... .......... .......... 35% 28.2M 8s
 34100K .......... .......... .......... .......... .......... 35% 16.0M 8s
 34150K .......... .......... .......... .......... .......... 35% 17.3M 8s
 34200K .......... .......... .......... .......... .......... 35% 13.5M 8s
 34250K .......... .......... .......... .......... .......... 35% 25.0M 8s
 34300K .......... .......... .......... .......... .......... 35% 26.2M 8s
 34350K .......... .......... .......... .......... .......... 35% 25.0M 8s
 34400K .......... .......... .......... .......... .......... 35% 29.9M 8s
 34450K .......... .......... .......... .......... .......... 35% 21.5M 8s
 34500K .......... .......... .......... .......... .......... 35% 27.0M 8s
 34550K .......... .......... .......... .......... .......... 35% 43.2M 8s
 34600K .......... .......... .......... .......... .......... 35% 29.0M 8s
 34650K .......... .......... .......... .......... .......... 35% 41.5M 8s
 34700K .......... .......... .......... .......... .......... 35% 32.4M 8s
 34750K .......... .......... .......... .......... .......... 35% 22.2M 8s
 34800K .......... .......... .......... .......... .......... 36% 28.8M 8s
 34850K .......... .......... .......... .......... .......... 36% 16.8M 8s
 34900K .......... .......... .......... .......... .......... 36% 1.04M 8s
 34950K .......... .......... .......... .......... .......... 36% 4.84M 8s
 35000K .......... .......... .......... .......... .......... 36% 21.1M 8s
 35050K .......... .......... .......... .......... .......... 36% 26.3M 8s
 35100K .......... .......... .......... .......... .......... 36% 29.0M 8s
 35150K .......... .......... .......... .......... .......... 36% 31.4M 8s
 35200K .......... .......... .......... .......... .......... 36% 46.7M 8s
 35250K .......... .......... .......... .......... .......... 36% 33.5M 8s
 35300K .......... .......... .......... .......... .......... 36% 39.8M 8s
 35350K .......... .......... .......... .......... .......... 36% 34.9M 8s
 35400K .......... .......... .......... .......... .......... 36% 24.8M 8s
 35450K .......... .......... .......... .......... .......... 36% 20.7M 8s
 35500K .......... .......... .......... .......... .......... 36% 32.0M 8s
 35550K .......... .......... .......... .......... .......... 36% 26.0M 8s
 35600K .......... .......... .......... .......... .......... 36% 39.5M 8s
 35650K .......... .......... .......... .......... .......... 36% 32.7M 8s
 35700K .......... .......... .......... .......... .......... 36% 32.6M 8s
 35750K .......... .......... .......... .......... .......... 37% 26.8M 8s
 35800K .......... .......... .......... .......... .......... 37% 12.7M 8s
 35850K .......... .......... .......... .......... .......... 37% 17.2M 8s
 35900K .......... .......... .......... .......... .......... 37% 38.0M 8s
 35950K .......... .......... .......... .......... .......... 37% 25.2M 8s
 36000K .......... .......... .......... .......... .......... 37% 38.4M 8s
 36050K .......... .......... .......... .......... .......... 37% 40.5M 8s
 36100K .......... .......... .......... .......... .......... 37% 22.7M 8s
 36150K .......... .......... .......... .......... .......... 37% 24.5M 8s
 36200K .......... .......... .......... .......... .......... 37% 21.2M 8s
 36250K .......... .......... .......... .......... .......... 37% 32.7M 8s
 36300K .......... .......... .......... .......... .......... 37% 17.5M 8s
 36350K .......... .......... .......... .......... .......... 37% 37.7M 8s
 36400K .......... .......... .......... .......... .......... 37% 18.8M 8s
 36450K .......... .......... .......... .......... .......... 37% 19.1M 8s
 36500K .......... .......... .......... .......... .......... 37% 7.17M 8s
 36550K .......... .......... .......... .......... .......... 37% 1.04M 8s
 36600K .......... .......... .......... .......... .......... 37% 19.4M 8s
 36650K .......... .......... .......... .......... .......... 37% 19.3M 8s
 36700K .......... .......... .......... .......... .......... 38% 44.2M 8s
 36750K .......... .......... .......... .......... .......... 38% 25.4M 8s
 36800K .......... .......... .......... .......... .......... 38% 68.8M 8s
 36850K .......... .......... .......... .......... .......... 38% 26.6M 8s
 36900K .......... .......... .......... .......... .......... 38% 40.1M 8s
 36950K .......... .......... .......... .......... .......... 38% 27.2M 8s
 37000K .......... .......... .......... .......... .......... 38% 64.4M 8s
 37050K .......... .......... .......... .......... .......... 38% 20.4M 8s
 37100K .......... .......... .......... .......... .......... 38% 27.4M 7s
 37150K .......... .......... .......... .......... .......... 38% 33.0M 7s
 37200K .......... .......... .......... .......... .......... 38% 27.2M 7s
 37250K .......... .......... .......... .......... .......... 38% 25.0M 7s
 37300K .......... .......... .......... .......... .......... 38% 31.0M 7s
 37350K .......... .......... .......... .......... .......... 38% 15.2M 7s
 37400K .......... .......... .......... .......... .......... 38% 28.7M 7s
 37450K .......... .......... .......... .......... .......... 38% 14.1M 7s
 37500K .......... .......... .......... .......... .......... 38% 35.7M 7s
 37550K .......... .......... .......... .......... .......... 38% 23.8M 7s
 37600K .......... .......... .......... .......... .......... 38% 26.9M 7s
 37650K .......... .......... .......... .......... .......... 38% 34.8M 7s
 37700K .......... .......... .......... .......... .......... 39% 28.2M 7s
 37750K .......... .......... .......... .......... .......... 39% 41.6M 7s
 37800K .......... .......... .......... .......... .......... 39% 56.8M 7s
 37850K .......... .......... .......... .......... .......... 39% 12.8M 7s
 37900K .......... .......... .......... .......... .......... 39% 44.2M 7s
 37950K .......... .......... .......... .......... .......... 39% 20.5M 7s
 38000K .......... .......... .......... .......... .......... 39% 16.9M 7s
 38050K .......... .......... .......... .......... .......... 39% 11.4M 7s
 38100K .......... .......... .......... .......... .......... 39% 7.72M 7s
 38150K .......... .......... .......... .......... .......... 39% 1.07M 7s
 38200K .......... .......... .......... .......... .......... 39% 19.2M 7s
 38250K .......... .......... .......... .......... .......... 39% 26.6M 7s
 38300K .......... .......... .......... .......... .......... 39% 36.1M 7s
 38350K .......... .......... .......... .......... .......... 39% 26.9M 7s
 38400K .......... .......... .......... .......... .......... 39% 41.3M 7s
 38450K .......... .......... .......... .......... .......... 39% 29.4M 7s
 38500K .......... .......... .......... .......... .......... 39% 31.7M 7s
 38550K .......... .......... .......... .......... .......... 39% 31.9M 7s
 38600K .......... .......... .......... .......... .......... 39% 21.9M 7s
 38650K .......... .......... .......... .......... .......... 40% 45.9M 7s
 38700K .......... .......... .......... .......... .......... 40% 30.2M 7s
 38750K .......... .......... .......... .......... .......... 40% 24.3M 7s
 38800K .......... .......... .......... .......... .......... 40% 42.2M 7s
 38850K .......... .......... .......... .......... .......... 40% 26.5M 7s
 38900K .......... .......... .......... .......... .......... 40% 16.5M 7s
 38950K .......... .......... .......... .......... .......... 40% 20.5M 7s
 39000K .......... .......... .......... .......... .......... 40% 17.0M 7s
 39050K .......... .......... .......... .......... .......... 40% 37.5M 7s
 39100K .......... .......... .......... .......... .......... 40% 29.3M 7s
 39150K .......... .......... .......... .......... .......... 40% 23.0M 7s
 39200K .......... .......... .......... .......... .......... 40% 26.8M 7s
 39250K .......... .......... .......... .......... .......... 40% 25.8M 7s
 39300K .......... .......... .......... .......... .......... 40% 33.6M 7s
 39350K .......... .......... .......... .......... .......... 40% 26.4M 7s
 39400K .......... .......... .......... .......... .......... 40% 21.3M 7s
 39450K .......... .......... .......... .......... .......... 40% 46.7M 7s
 39500K .......... .......... .......... .......... .......... 40% 34.0M 7s
 39550K .......... .......... .......... .......... .......... 40% 13.9M 7s
 39600K .......... .......... .......... .......... .......... 41% 22.0M 7s
 39650K .......... .......... .......... .......... .......... 41% 10.7M 7s
 39700K .......... .......... .......... .......... .......... 41% 9.02M 7s
 39750K .......... .......... .......... .......... .......... 41% 1.11M 7s
 39800K .......... .......... .......... .......... .......... 41% 11.6M 7s
 39850K .......... .......... .......... .......... .......... 41% 30.0M 7s
 39900K .......... .......... .......... .......... .......... 41% 26.0M 7s
 39950K .......... .......... .......... .......... .......... 41% 27.1M 7s
 40000K .......... .......... .......... .......... .......... 41% 23.3M 7s
 40050K .......... .......... .......... .......... .......... 41% 43.1M 7s
 40100K .......... .......... .......... .......... .......... 41% 29.9M 7s
 40150K .......... .......... .......... .......... .......... 41% 26.3M 7s
 40200K .......... .......... .......... .......... .......... 41% 31.5M 7s
 40250K .......... .......... .......... .......... .......... 41% 26.6M 7s
 40300K .......... .......... .......... .......... .......... 41% 30.6M 7s
 40350K .......... .......... .......... .......... .......... 41% 46.0M 7s
 40400K .......... .......... .......... .......... .......... 41% 41.5M 7s
 40450K .......... .......... .......... .......... .......... 41% 18.2M 7s
 40500K .......... .......... .......... .......... .......... 41% 26.4M 7s
 40550K .......... .......... .......... .......... .......... 41% 20.8M 7s
 40600K .......... .......... .......... .......... .......... 42% 19.0M 7s
 40650K .......... .......... .......... .......... .......... 42% 28.6M 7s
 40700K .......... .......... .......... .......... .......... 42% 20.5M 7s
 40750K .......... .......... .......... .......... .......... 42% 27.8M 7s
 40800K .......... .......... .......... .......... .......... 42% 30.9M 7s
 40850K .......... .......... .......... .......... .......... 42% 26.2M 7s
 40900K .......... .......... .......... .......... .......... 42% 35.8M 7s
 40950K .......... .......... .......... .......... .......... 42% 25.0M 7s
 41000K .......... .......... .......... .......... .......... 42% 25.9M 7s
 41050K .......... .......... .......... .......... .......... 42% 37.6M 7s
 41100K .......... .......... .......... .......... .......... 42% 14.0M 7s
 41150K .......... .......... .......... .......... .......... 42% 26.9M 7s
 41200K .......... .......... .......... .......... .......... 42% 15.1M 7s
 41250K .......... .......... .......... .......... .......... 42% 15.1M 7s
 41300K .......... .......... .......... .......... .......... 42% 13.6M 7s
 41350K .......... .......... .......... .......... .......... 42% 1.49M 7s
 41400K .......... .......... .......... .......... .......... 42% 2.96M 7s
 41450K .......... .......... .......... .......... .......... 42% 17.1M 7s
 41500K .......... .......... .......... .......... .......... 42% 23.2M 7s
 41550K .......... .......... .......... .......... .......... 43% 42.1M 7s
 41600K .......... .......... .......... .......... .......... 43% 28.5M 7s
 41650K .......... .......... .......... .......... .......... 43% 22.4M 7s
 41700K .......... .......... .......... .......... .......... 43% 29.0M 7s
 41750K .......... .......... .......... .......... .......... 43% 32.3M 7s
 41800K .......... .......... .......... .......... .......... 43% 35.1M 7s
 41850K .......... .......... .......... .......... .......... 43% 21.6M 7s
 41900K .......... .......... .......... .......... .......... 43% 49.7M 7s
 41950K .......... .......... .......... .......... .......... 43% 26.0M 7s
 42000K .......... .......... .......... .......... .......... 43% 34.9M 7s
 42050K .......... .......... .......... .......... .......... 43% 27.2M 7s
 42100K .......... .......... .......... .......... .......... 43% 31.7M 6s
 42150K .......... .......... .......... .......... .......... 43% 22.9M 6s
 42200K .......... .......... .......... .......... .......... 43% 17.2M 6s
 42250K .......... .......... .......... .......... .......... 43% 26.0M 6s
 42300K .......... .......... .......... .......... .......... 43% 23.3M 6s
 42350K .......... .......... .......... .......... .......... 43% 26.3M 6s
 42400K .......... .......... .......... .......... .......... 43% 22.1M 6s
 42450K .......... .......... .......... .......... .......... 43% 20.9M 6s
 42500K .......... .......... .......... .......... .......... 44% 31.9M 6s
 42550K .......... .......... .......... .......... .......... 44% 76.4M 6s
 42600K .......... .......... .......... .......... .......... 44% 20.9M 6s
 42650K .......... .......... .......... .......... .......... 44% 22.1M 6s
 42700K .......... .......... .......... .......... .......... 44% 26.7M 6s
 42750K .......... .......... .......... .......... .......... 44% 30.1M 6s
 42800K .......... .......... .......... .......... .......... 44% 15.6M 6s
 42850K .......... .......... .......... .......... .......... 44% 16.0M 6s
 42900K .......... .......... .......... .......... .......... 44% 12.4M 6s
 42950K .......... .......... .......... .......... .......... 44% 8.80M 6s
 43000K .......... .......... .......... .......... .......... 44% 1.16M 6s
 43050K .......... .......... .......... .......... .......... 44% 13.0M 6s
 43100K .......... .......... .......... .......... .......... 44% 23.1M 6s
 43150K .......... .......... .......... .......... .......... 44% 26.3M 6s
 43200K .......... .......... .......... .......... .......... 44% 34.9M 6s
 43250K .......... .......... .......... .......... .......... 44% 19.0M 6s
 43300K .......... .......... .......... .......... .......... 44% 34.2M 6s
 43350K .......... .......... .......... .......... .......... 44% 48.3M 6s
 43400K .......... .......... .......... .......... .......... 44% 19.1M 6s
 43450K .......... .......... .......... .......... .......... 44% 32.7M 6s
 43500K .......... .......... .......... .......... .......... 45% 26.4M 6s
 43550K .......... .......... .......... .......... .......... 45% 32.1M 6s
 43600K .......... .......... .......... .......... .......... 45% 29.9M 6s
 43650K .......... .......... .......... .......... .......... 45% 26.6M 6s
 43700K .......... .......... .......... .......... .......... 45% 26.5M 6s
 43750K .......... .......... .......... .......... .......... 45% 22.3M 6s
 43800K .......... .......... .......... .......... .......... 45% 19.8M 6s
 43850K .......... .......... .......... .......... .......... 45% 25.0M 6s
 43900K .......... .......... .......... .......... .......... 45% 69.4M 6s
 43950K .......... .......... .......... .......... .......... 45% 19.9M 6s
 44000K .......... .......... .......... .......... .......... 45% 29.8M 6s
 44050K .......... .......... .......... .......... .......... 45% 18.2M 6s
 44100K .......... .......... .......... .......... .......... 45% 30.6M 6s
 44150K .......... .......... .......... .......... .......... 45% 43.4M 6s
 44200K .......... .......... .......... .......... .......... 45% 25.5M 6s
 44250K .......... .......... .......... .......... .......... 45% 17.1M 6s
 44300K .......... .......... .......... .......... .......... 45% 31.7M 6s
 44350K .......... .......... .......... .......... .......... 45% 27.1M 6s
 44400K .......... .......... .......... .......... .......... 45% 16.5M 6s
 44450K .......... .......... .......... .......... .......... 46% 20.4M 6s
 44500K .......... .......... .......... .......... .......... 46% 15.4M 6s
 44550K .......... .......... .......... .......... .......... 46% 11.7M 6s
 44600K .......... .......... .......... .......... .......... 46% 4.32M 6s
 44650K .......... .......... .......... .......... .......... 46% 1.37M 6s
 44700K .......... .......... .......... .......... .......... 46% 16.2M 6s
 44750K .......... .......... .......... .......... .......... 46% 18.7M 6s
 44800K .......... .......... .......... .......... .......... 46% 28.7M 6s
 44850K .......... .......... .......... .......... .......... 46% 23.0M 6s
 44900K .......... .......... .......... .......... .......... 46% 38.1M 6s
 44950K .......... .......... .......... .......... .......... 46% 29.2M 6s
 45000K .......... .......... .......... .......... .......... 46% 17.7M 6s
 45050K .......... .......... .......... .......... .......... 46% 58.0M 6s
 45100K .......... .......... .......... .......... .......... 46% 22.0M 6s
 45150K .......... .......... .......... .......... .......... 46% 32.5M 6s
 45200K .......... .......... .......... .......... .......... 46% 32.0M 6s
 45250K .......... .......... .......... .......... .......... 46% 35.0M 6s
 45300K .......... .......... .......... .......... .......... 46% 19.5M 6s
 45350K .......... .......... .......... .......... .......... 46% 35.7M 6s
 45400K .......... .......... .......... .......... .......... 47% 21.7M 6s
 45450K .......... .......... .......... .......... .......... 47% 26.5M 6s
 45500K .......... .......... .......... .......... .......... 47% 20.3M 6s
 45550K .......... .......... .......... .......... .......... 47% 36.9M 6s
 45600K .......... .......... .......... .......... .......... 47% 35.9M 6s
 45650K .......... .......... .......... .......... .......... 47% 17.5M 6s
 45700K .......... .......... .......... .......... .......... 47% 28.6M 6s
 45750K .......... .......... .......... .......... .......... 47% 37.8M 6s
 45800K .......... .......... .......... .......... .......... 47% 17.2M 6s
 45850K .......... .......... .......... .......... .......... 47% 30.0M 6s
 45900K .......... .......... .......... .......... .......... 47% 27.1M 6s
 45950K .......... .......... .......... .......... .......... 47% 26.0M 6s
 46000K .......... .......... .......... .......... .......... 47% 19.5M 6s
 46050K .......... .......... .......... .......... .......... 47% 28.1M 6s
 46100K .......... .......... .......... .......... .......... 47% 20.2M 6s
 46150K .......... .......... .......... .......... .......... 47% 11.2M 6s
 46200K .......... .......... .......... .......... .......... 47% 8.67M 6s
 46250K .......... .......... .......... .......... .......... 47% 6.20M 6s
 46300K .......... .......... .......... .......... .......... 47% 1.36M 6s
 46350K .......... .......... .......... .......... .......... 47% 14.1M 6s
 46400K .......... .......... .......... .......... .......... 48% 23.3M 6s
 46450K .......... .......... .......... .......... .......... 48% 20.8M 6s
 46500K .......... .......... .......... .......... .......... 48% 32.6M 6s
 46550K .......... .......... .......... .......... .......... 48% 27.9M 6s
 46600K .......... .......... .......... .......... .......... 48% 17.3M 6s
 46650K .......... .......... .......... .......... .......... 48% 37.6M 6s
 46700K .......... .......... .......... .......... .......... 48% 24.9M 6s
 46750K .......... .......... .......... .......... .......... 48% 33.4M 6s
 46800K .......... .......... .......... .......... .......... 48% 37.6M 6s
 46850K .......... .......... .......... .......... .......... 48% 27.1M 6s
 46900K .......... .......... .......... .......... .......... 48% 23.3M 6s
 46950K .......... .......... .......... .......... .......... 48% 33.0M 6s
 47000K .......... .......... .......... .......... .......... 48% 33.4M 6s
 47050K .......... .......... .......... .......... .......... 48% 21.0M 6s
 47100K .......... .......... .......... .......... .......... 48% 16.2M 6s
 47150K .......... .......... .......... .......... .......... 48% 29.9M 6s
 47200K .......... .......... .......... .......... .......... 48% 33.9M 6s
 47250K .......... .......... .......... .......... .......... 48% 28.9M 6s
 47300K .......... .......... .......... .......... .......... 48% 27.8M 6s
 47350K .......... .......... .......... .......... .......... 49% 26.2M 6s
 47400K .......... .......... .......... .......... .......... 49% 17.5M 6s
 47450K .......... .......... .......... .......... .......... 49% 28.2M 6s
 47500K .......... .......... .......... .......... .......... 49% 53.9M 6s
 47550K .......... .......... .......... .......... .......... 49% 26.4M 6s
 47600K .......... .......... .......... .......... .......... 49% 16.7M 6s
 47650K .......... .......... .......... .......... .......... 49% 38.9M 6s
 47700K .......... .......... .......... .......... .......... 49% 18.1M 6s
 47750K .......... .......... .......... .......... .......... 49% 15.4M 6s
 47800K .......... .......... .......... .......... .......... 49% 10.6M 5s
 47850K .......... .......... .......... .......... .......... 49% 8.95M 5s
 47900K .......... .......... .......... .......... .......... 49% 7.16M 5s
 47950K .......... .......... .......... .......... .......... 49% 1.38M 6s
 48000K .......... .......... .......... .......... .......... 49% 12.7M 6s
 48050K .......... .......... .......... .......... .......... 49% 17.2M 5s
 48100K .......... .......... .......... .......... .......... 49% 18.5M 5s
 48150K .......... .......... .......... .......... .......... 49% 39.9M 5s
 48200K .......... .......... .......... .......... .......... 49% 19.0M 5s
 48250K .......... .......... .......... .......... .......... 49% 37.4M 5s
 48300K .......... .......... .......... .......... .......... 50% 26.8M 5s
 48350K .......... .......... .......... .......... .......... 50% 24.6M 5s
 48400K .......... .......... .......... .......... .......... 50% 28.9M 5s
 48450K .......... .......... .......... .......... .......... 50% 38.2M 5s
 48500K .......... .......... .......... .......... .......... 50% 29.7M 5s
 48550K .......... .......... .......... .......... .......... 50% 26.2M 5s
 48600K .......... .......... .......... .......... .......... 50% 36.9M 5s
 48650K .......... .......... .......... .......... .......... 50% 26.8M 5s
 48700K .......... .......... .......... .......... .......... 50% 22.5M 5s
 48750K .......... .......... .......... .......... .......... 50% 24.0M 5s
 48800K .......... .......... .......... .......... .......... 50% 28.4M 5s
 48850K .......... .......... .......... .......... .......... 50% 27.8M 5s
 48900K .......... .......... .......... .......... .......... 50% 20.2M 5s
 48950K .......... .......... .......... .......... .......... 50% 25.0M 5s
 49000K .......... .......... .......... .......... .......... 50% 24.2M 5s
 49050K .......... .......... .......... .......... .......... 50% 26.0M 5s
 49100K .......... .......... .......... .......... .......... 50% 44.1M 5s
 49150K .......... .......... .......... .......... .......... 50% 32.0M 5s
 49200K .......... .......... .......... .......... .......... 50% 16.8M 5s
 49250K .......... .......... .......... .......... .......... 50% 27.6M 5s
 49300K .......... .......... .......... .......... .......... 51% 26.2M 5s
 49350K .......... .......... .......... .......... .......... 51% 15.0M 5s
 49400K .......... .......... .......... .......... .......... 51% 23.5M 5s
 49450K .......... .......... .......... .......... .......... 51% 14.1M 5s
 49500K .......... .......... .......... .......... .......... 51% 10.7M 5s
 49550K .......... .......... .......... .......... .......... 51% 8.48M 5s
 49600K .......... .......... .......... .......... .......... 51% 1.44M 5s
 49650K .......... .......... .......... .......... .......... 51% 7.13M 5s
 49700K .......... .......... .......... .......... .......... 51% 10.4M 5s
 49750K .......... .......... .......... .......... .......... 51% 20.8M 5s
 49800K .......... .......... .......... .......... .......... 51% 39.0M 5s
 49850K .......... .......... .......... .......... .......... 51% 23.1M 5s
 49900K .......... .......... .......... .......... .......... 51% 48.7M 5s
 49950K .......... .......... .......... .......... .......... 51% 16.8M 5s
 50000K .......... .......... .......... .......... .......... 51% 38.1M 5s
 50050K .......... .......... .......... .......... .......... 51% 32.2M 5s
 50100K .......... .......... .......... .......... .......... 51% 25.0M 5s
 50150K .......... .......... .......... .......... .......... 51% 28.6M 5s
 50200K .......... .......... .......... .......... .......... 51% 49.4M 5s
 50250K .......... .......... .......... .......... .......... 52% 24.0M 5s
 50300K .......... .......... .......... .......... .......... 52% 32.5M 5s
 50350K .......... .......... .......... .......... .......... 52% 22.9M 5s
 50400K .......... .......... .......... .......... .......... 52% 31.6M 5s
 50450K .......... .......... .......... .......... .......... 52% 29.5M 5s
 50500K .......... .......... .......... .......... .......... 52% 21.1M 5s
 50550K .......... .......... .......... .......... .......... 52% 28.9M 5s
 50600K .......... .......... .......... .......... .......... 52% 22.7M 5s
 50650K .......... .......... .......... .......... .......... 52% 19.1M 5s
 50700K .......... .......... .......... .......... .......... 52% 29.8M 5s
 50750K .......... .......... .......... .......... .......... 52% 41.1M 5s
 50800K .......... .......... .......... .......... .......... 52% 20.1M 5s
 50850K .......... .......... .......... .......... .......... 52% 25.1M 5s
 50900K .......... .......... .......... .......... .......... 52% 29.7M 5s
 50950K .......... .......... .......... .......... .......... 52% 20.2M 5s
 51000K .......... .......... .......... .......... .......... 52% 20.1M 5s
 51050K .......... .......... .......... .......... .......... 52% 19.2M 5s
 51100K .......... .......... .......... .......... .......... 52% 14.6M 5s
 51150K .......... .......... .......... .......... .......... 52% 11.8M 5s
 51200K .......... .......... .......... .......... .......... 53% 7.71M 5s
 51250K .......... .......... .......... .......... .......... 53% 5.13M 5s
 51300K .......... .......... .......... .......... .......... 53% 1.66M 5s
 51350K .......... .......... .......... .......... .......... 53% 8.91M 5s
 51400K .......... .......... .......... .......... .......... 53% 37.1M 5s
 51450K .......... .......... .......... .......... .......... 53% 16.4M 5s
 51500K .......... .......... .......... .......... .......... 53% 21.1M 5s
 51550K .......... .......... .......... .......... .......... 53% 26.0M 5s
 51600K .......... .......... .......... .......... .......... 53% 28.4M 5s
 51650K .......... .......... .......... .......... .......... 53% 32.2M 5s
 51700K .......... .......... .......... .......... .......... 53% 30.8M 5s
 51750K .......... .......... .......... .......... .......... 53% 27.7M 5s
 51800K .......... .......... .......... .......... .......... 53% 39.8M 5s
 51850K .......... .......... .......... .......... .......... 53% 23.4M 5s
 51900K .......... .......... .......... .......... .......... 53% 27.7M 5s
 51950K .......... .......... .......... .......... .......... 53% 22.5M 5s
 52000K .......... .......... .......... .......... .......... 53% 40.5M 5s
 52050K .......... .......... .......... .......... .......... 53% 27.3M 5s
 52100K .......... .......... .......... .......... .......... 53% 20.1M 5s
 52150K .......... .......... .......... .......... .......... 53% 30.1M 5s
 52200K .......... .......... .......... .......... .......... 54% 25.9M 5s
 52250K .......... .......... .......... .......... .......... 54% 19.3M 5s
 52300K .......... .......... .......... .......... .......... 54% 58.4M 5s
 52350K .......... .......... .......... .......... .......... 54% 24.1M 5s
 52400K .......... .......... .......... .......... .......... 54% 20.7M 5s
 52450K .......... .......... .......... .......... .......... 54% 26.4M 5s
 52500K .......... .......... .......... .......... .......... 54% 27.1M 5s
 52550K .......... .......... .......... .......... .......... 54% 25.7M 5s
 52600K .......... .......... .......... .......... .......... 54% 24.8M 5s
 52650K .......... .......... .......... .......... .......... 54% 24.9M 5s
 52700K .......... .......... .......... .......... .......... 54% 16.0M 5s
 52750K .......... .......... .......... .......... .......... 54% 17.4M 5s
 52800K .......... .......... .......... .......... .......... 54% 15.9M 5s
 52850K .......... .......... .......... .......... .......... 54% 8.94M 5s
 52900K .......... .......... .......... .......... .......... 54% 11.0M 5s
 52950K .......... .......... .......... .......... .......... 54% 1.41M 5s
 53000K .......... .......... .......... .......... .......... 54% 7.08M 5s
 53050K .......... .......... .......... .......... .......... 54% 20.9M 5s
 53100K .......... .......... .......... .......... .......... 54% 15.5M 5s
 53150K .......... .......... .......... .......... .......... 55% 23.8M 5s
 53200K .......... .......... .......... .......... .......... 55% 34.8M 5s
 53250K .......... .......... .......... .......... .......... 55% 19.9M 5s
 53300K .......... .......... .......... .......... .......... 55% 27.9M 5s
 53350K .......... .......... .......... .......... .......... 55% 29.4M 5s
 53400K .......... .......... .......... .......... .......... 55% 26.8M 5s
 53450K .......... .......... .......... .......... .......... 55% 31.9M 5s
 53500K .......... .......... .......... .......... .......... 55% 35.2M 5s
 53550K .......... .......... .......... .......... .......... 55% 38.1M 5s
 53600K .......... .......... .......... .......... .......... 55% 27.2M 5s
 53650K .......... .......... .......... .......... .......... 55% 22.6M 5s
 53700K .......... .......... .......... .......... .......... 55% 19.1M 5s
 53750K .......... .......... .......... .......... .......... 55% 29.2M 5s
 53800K .......... .......... .......... .......... .......... 55% 28.8M 5s
 53850K .......... .......... .......... .......... .......... 55% 24.3M 5s
 53900K .......... .......... .......... .......... .......... 55% 30.6M 5s
 53950K .......... .......... .......... .......... .......... 55% 53.2M 5s
 54000K .......... .......... .......... .......... .......... 55% 22.9M 5s
 54050K .......... .......... .......... .......... .......... 55% 15.7M 5s
 54100K .......... .......... .......... .......... .......... 56% 32.6M 5s
 54150K .......... .......... .......... .......... .......... 56% 21.1M 5s
 54200K .......... .......... .......... .......... .......... 56% 21.8M 5s
 54250K .......... .......... .......... .......... .......... 56% 24.2M 5s
 54300K .......... .......... .......... .......... .......... 56% 36.1M 5s
 54350K .......... .......... .......... .......... .......... 56% 18.6M 5s
 54400K .......... .......... .......... .......... .......... 56% 17.9M 5s
 54450K .......... .......... .......... .......... .......... 56% 14.0M 5s
 54500K .......... .......... .......... .......... .......... 56% 12.9M 5s
 54550K .......... .......... .......... .......... .......... 56% 9.39M 4s
 54600K .......... .......... .......... .......... .......... 56% 8.66M 4s
 54650K .......... .......... .......... .......... .......... 56% 1.57M 5s
 54700K .......... .......... .......... .......... .......... 56% 6.78M 5s
 54750K .......... .......... .......... .......... .......... 56% 21.8M 4s
 54800K .......... .......... .......... .......... .......... 56% 15.5M 4s
 54850K .......... .......... .......... .......... .......... 56% 22.1M 4s
 54900K .......... .......... .......... .......... .......... 56% 37.9M 4s
 54950K .......... .......... .......... .......... .......... 56% 23.0M 4s
 55000K .......... .......... .......... .......... .......... 56% 24.7M 4s
 55050K .......... .......... .......... .......... .......... 56% 28.7M 4s
 55100K .......... .......... .......... .......... .......... 57% 32.3M 4s
 55150K .......... .......... .......... .......... .......... 57% 36.4M 4s
 55200K .......... .......... .......... .......... .......... 57% 30.1M 4s
 55250K .......... .......... .......... .......... .......... 57% 24.5M 4s
 55300K .......... .......... .......... .......... .......... 57% 48.0M 4s
 55350K .......... .......... .......... .......... .......... 57% 25.9M 4s
 55400K .......... .......... .......... .......... .......... 57% 20.7M 4s
 55450K .......... .......... .......... .......... .......... 57% 25.2M 4s
 55500K .......... .......... .......... .......... .......... 57% 21.1M 4s
 55550K .......... .......... .......... .......... .......... 57% 33.8M 4s
 55600K .......... .......... .......... .......... .......... 57% 42.0M 4s
 55650K .......... .......... .......... .......... .......... 57% 20.3M 4s
 55700K .......... .......... .......... .......... .......... 57% 25.1M 4s
 55750K .......... .......... .......... .......... .......... 57% 18.2M 4s
 55800K .......... .......... .......... .......... .......... 57% 25.8M 4s
 55850K .......... .......... .......... .......... .......... 57% 26.1M 4s
 55900K .......... .......... .......... .......... .......... 57% 23.8M 4s
 55950K .......... .......... .......... .......... .......... 57% 35.9M 4s
 56000K .......... .......... .......... .......... .......... 57% 20.9M 4s
 56050K .......... .......... .......... .......... .......... 58% 14.6M 4s
 56100K .......... .......... .......... .......... .......... 58% 14.5M 4s
 56150K .......... .......... .......... .......... .......... 58% 19.0M 4s
 56200K .......... .......... .......... .......... .......... 58% 16.0M 4s
 56250K .......... .......... .......... .......... .......... 58% 8.93M 4s
 56300K .......... .......... .......... .......... .......... 58% 7.44M 4s
 56350K .......... .......... .......... .......... .......... 58% 1.54M 4s
 56400K .......... .......... .......... .......... .......... 58% 9.13M 4s
 56450K .......... .......... .......... .......... .......... 58% 16.4M 4s
 56500K .......... .......... .......... .......... .......... 58% 25.6M 4s
 56550K .......... .......... .......... .......... .......... 58% 17.4M 4s
 56600K .......... .......... .......... .......... .......... 58% 40.0M 4s
 56650K .......... .......... .......... .......... .......... 58% 26.9M 4s
 56700K .......... .......... .......... .......... .......... 58% 22.9M 4s
 56750K .......... .......... .......... .......... .......... 58% 37.5M 4s
 56800K .......... .......... .......... .......... .......... 58% 39.9M 4s
 56850K .......... .......... .......... .......... .......... 58% 17.2M 4s
 56900K .......... .......... .......... .......... .......... 58% 28.7M 4s
 56950K .......... .......... .......... .......... .......... 58% 35.4M 4s
 57000K .......... .......... .......... .......... .......... 59% 33.9M 4s
 57050K .......... .......... .......... .......... .......... 59% 18.1M 4s
 57100K .......... .......... .......... .......... .......... 59% 26.3M 4s
 57150K .......... .......... .......... .......... .......... 59% 14.9M 4s
 57200K .......... .......... .......... .......... .......... 59% 49.8M 4s
 57250K .......... .......... .......... .......... .......... 59% 37.7M 4s
 57300K .......... .......... .......... .......... .......... 59% 31.3M 4s
 57350K .......... .......... .......... .......... .......... 59% 35.5M 4s
 57400K .......... .......... .......... .......... .......... 59% 24.1M 4s
 57450K .......... .......... .......... .......... .......... 59% 26.2M 4s
 57500K .......... .......... .......... .......... .......... 59% 18.1M 4s
 57550K .......... .......... .......... .......... .......... 59% 35.2M 4s
 57600K .......... .......... .......... .......... .......... 59% 27.1M 4s
 57650K .......... .......... .......... .......... .......... 59% 16.3M 4s
 57700K .......... .......... .......... .......... .......... 59% 19.1M 4s
 57750K .......... .......... .......... .......... .......... 59% 24.9M 4s
 57800K .......... .......... .......... .......... .......... 59% 15.1M 4s
 57850K .......... .......... .......... .......... .......... 59% 15.2M 4s
 57900K .......... .......... .......... .......... .......... 59% 29.0M 4s
 57950K .......... .......... .......... .......... .......... 59% 6.52M 4s
 58000K .......... .......... .......... .......... .......... 60% 6.68M 4s
 58050K .......... .......... .......... .......... .......... 60% 1.78M 4s
 58100K .......... .......... .......... .......... .......... 60% 6.62M 4s
 58150K .......... .......... .......... .......... .......... 60% 13.4M 4s
 58200K .......... .......... .......... .......... .......... 60% 56.4M 4s
 58250K .......... .......... .......... .......... .......... 60% 19.6M 4s
 58300K .......... .......... .......... .......... .......... 60% 22.6M 4s
 58350K .......... .......... .......... .......... .......... 60% 27.4M 4s
 58400K .......... .......... .......... .......... .......... 60% 31.3M 4s
 58450K .......... .......... .......... .......... .......... 60% 28.1M 4s
 58500K .......... .......... .......... .......... .......... 60% 22.1M 4s
 58550K .......... .......... .......... .......... .......... 60% 30.9M 4s
 58600K .......... .......... .......... .......... .......... 60% 29.8M 4s
 58650K .......... .......... .......... .......... .......... 60% 30.7M 4s
 58700K .......... .......... .......... .......... .......... 60% 29.0M 4s
 58750K .......... .......... .......... .......... .......... 60% 25.4M 4s
 58800K .......... .......... .......... .......... .......... 60% 30.7M 4s
 58850K .......... .......... .......... .......... .......... 60% 30.0M 4s
 58900K .......... .......... .......... .......... .......... 60% 20.4M 4s
 58950K .......... .......... .......... .......... .......... 61% 20.8M 4s
 59000K .......... .......... .......... .......... .......... 61% 28.8M 4s
 59050K .......... .......... .......... .......... .......... 61% 24.2M 4s
 59100K .......... .......... .......... .......... .......... 61% 22.0M 4s
 59150K .......... .......... .......... .......... .......... 61% 27.5M 4s
 59200K .......... .......... .......... .......... .......... 61% 28.9M 4s
 59250K .......... .......... .......... .......... .......... 61% 23.4M 4s
 59300K .......... .......... .......... .......... .......... 61% 14.7M 4s
 59350K .......... .......... .......... .......... .......... 61% 27.3M 4s
 59400K .......... .......... .......... .......... .......... 61% 18.6M 4s
 59450K .......... .......... .......... .......... .......... 61% 22.1M 4s
 59500K .......... .......... .......... .......... .......... 61% 31.5M 4s
 59550K .......... .......... .......... .......... .......... 61% 13.3M 4s
 59600K .......... .......... .......... .......... .......... 61% 16.4M 4s
 59650K .......... .......... .......... .......... .......... 61% 11.6M 4s
 59700K .......... .......... .......... .......... .......... 61% 6.39M 4s
 59750K .......... .......... .......... .......... .......... 61% 1.67M 4s
 59800K .......... .......... .......... .......... .......... 61% 7.48M 4s
 59850K .......... .......... .......... .......... .......... 61% 17.2M 4s
 59900K .......... .......... .......... .......... .......... 62% 17.9M 4s
 59950K .......... .......... .......... .......... .......... 62% 15.7M 4s
 60000K .......... .......... .......... .......... .......... 62% 45.7M 4s
 60050K .......... .......... .......... .......... .......... 62% 32.7M 4s
 60100K .......... .......... .......... .......... .......... 62% 24.8M 4s
 60150K .......... .......... .......... .......... .......... 62% 24.5M 4s
 60200K .......... .......... .......... .......... .......... 62% 27.4M 4s
 60250K .......... .......... .......... .......... .......... 62% 28.6M 4s
 60300K .......... .......... .......... .......... .......... 62% 20.2M 4s
 60350K .......... .......... .......... .......... .......... 62% 57.4M 4s
 60400K .......... .......... .......... .......... .......... 62% 21.6M 4s
 60450K .......... .......... .......... .......... .......... 62% 34.0M 4s
 60500K .......... .......... .......... .......... .......... 62% 22.6M 4s
 60550K .......... .......... .......... .......... .......... 62% 20.3M 4s
 60600K .......... .......... .......... .......... .......... 62% 34.6M 4s
 60650K .......... .......... .......... .......... .......... 62% 46.9M 4s
 60700K .......... .......... .......... .......... .......... 62% 19.2M 4s
 60750K .......... .......... .......... .......... .......... 62% 46.3M 4s
 60800K .......... .......... .......... .......... .......... 62% 19.7M 4s
 60850K .......... .......... .......... .......... .......... 62% 25.6M 4s
 60900K .......... .......... .......... .......... .......... 63% 24.6M 4s
 60950K .......... .......... .......... .......... .......... 63% 15.7M 4s
 61000K .......... .......... .......... .......... .......... 63% 24.7M 4s
 61050K .......... .......... .......... .......... .......... 63% 27.8M 4s
 61100K .......... .......... .......... .......... .......... 63% 18.7M 4s
 61150K .......... .......... .......... .......... .......... 63% 21.1M 4s
 61200K .......... .......... .......... .......... .......... 63% 20.5M 4s
 61250K .......... .......... .......... .......... .......... 63% 21.4M 4s
 61300K .......... .......... .......... .......... .......... 63% 16.3M 4s
 61350K .......... .......... .......... .......... .......... 63% 7.99M 4s
 61400K .......... .......... .......... .......... .......... 63% 6.71M 4s
 61450K .......... .......... .......... .......... .......... 63% 4.03M 4s
 61500K .......... .......... .......... .......... .......... 63% 2.34M 4s
 61550K .......... .......... .......... .......... .......... 63% 13.0M 4s
 61600K .......... .......... .......... .......... .......... 63% 13.9M 4s
 61650K .......... .......... .......... .......... .......... 63% 20.0M 4s
 61700K .......... .......... .......... .......... .......... 63% 30.4M 4s
 61750K .......... .......... .......... .......... .......... 63% 13.8M 4s
 61800K .......... .......... .......... .......... .......... 63% 70.1M 4s
 61850K .......... .......... .......... .......... .......... 64% 33.9M 4s
 61900K .......... .......... .......... .......... .......... 64% 27.2M 4s
 61950K .......... .......... .......... .......... .......... 64% 21.3M 4s
 62000K .......... .......... .......... .......... .......... 64% 38.2M 4s
 62050K .......... .......... .......... .......... .......... 64% 26.1M 4s
 62100K .......... .......... .......... .......... .......... 64% 26.0M 4s
 62150K .......... .......... .......... .......... .......... 64% 20.8M 4s
 62200K .......... .......... .......... .......... .......... 64% 28.7M 4s
 62250K .......... .......... .......... .......... .......... 64% 40.0M 4s
 62300K .......... .......... .......... .......... .......... 64% 25.8M 3s
 62350K .......... .......... .......... .......... .......... 64% 19.5M 3s
 62400K .......... .......... .......... .......... .......... 64% 30.3M 3s
 62450K .......... .......... .......... .......... .......... 64% 34.5M 3s
 62500K .......... .......... .......... .......... .......... 64% 30.5M 3s
 62550K .......... .......... .......... .......... .......... 64% 20.3M 3s
 62600K .......... .......... .......... .......... .......... 64% 18.0M 3s
 62650K .......... .......... .......... .......... .......... 64% 25.9M 3s
 62700K .......... .......... .......... .......... .......... 64% 24.4M 3s
 62750K .......... .......... .......... .......... .......... 64% 22.4M 3s
 62800K .......... .......... .......... .......... .......... 65% 16.4M 3s
 62850K .......... .......... .......... .......... .......... 65% 50.5M 3s
 62900K .......... .......... .......... .......... .......... 65% 14.8M 3s
 62950K .......... .......... .......... .......... .......... 65% 18.9M 3s
 63000K .......... .......... .......... .......... .......... 65% 11.8M 3s
 63050K .......... .......... .......... .......... .......... 65% 22.7M 3s
 63100K .......... .......... .......... .......... .......... 65% 7.54M 3s
 63150K .......... .......... .......... .......... .......... 65% 3.75M 3s
 63200K .......... .......... .......... .......... .......... 65% 2.25M 3s
 63250K .......... .......... .......... .......... .......... 65% 8.86M 3s
 63300K .......... .......... .......... .......... .......... 65% 14.6M 3s
 63350K .......... .......... .......... .......... .......... 65% 16.7M 3s
 63400K .......... .......... .......... .......... .......... 65% 30.9M 3s
 63450K .......... .......... .......... .......... .......... 65% 29.7M 3s
 63500K .......... .......... .......... .......... .......... 65% 32.8M 3s
 63550K .......... .......... .......... .......... .......... 65% 28.3M 3s
 63600K .......... .......... .......... .......... .......... 65% 18.9M 3s
 63650K .......... .......... .......... .......... .......... 65% 31.1M 3s
 63700K .......... .......... .......... .......... .......... 65% 28.5M 3s
 63750K .......... .......... .......... .......... .......... 65% 19.2M 3s
 63800K .......... .......... .......... .......... .......... 66% 35.0M 3s
 63850K .......... .......... .......... .......... .......... 66% 26.3M 3s
 63900K .......... .......... .......... .......... .......... 66% 34.5M 3s
 63950K .......... .......... .......... .......... .......... 66% 38.2M 3s
 64000K .......... .......... .......... .......... .......... 66% 23.9M 3s
 64050K .......... .......... .......... .......... .......... 66% 24.9M 3s
 64100K .......... .......... .......... .......... .......... 66% 32.8M 3s
 64150K .......... .......... .......... .......... .......... 66% 16.9M 3s
 64200K .......... .......... .......... .......... .......... 66% 37.9M 3s
 64250K .......... .......... .......... .......... .......... 66% 21.5M 3s
 64300K .......... .......... .......... .......... .......... 66% 22.7M 3s
 64350K .......... .......... .......... .......... .......... 66% 19.6M 3s
 64400K .......... .......... .......... .......... .......... 66% 55.8M 3s
 64450K .......... .......... .......... .......... .......... 66% 22.2M 3s
 64500K .......... .......... .......... .......... .......... 66% 21.9M 3s
 64550K .......... .......... .......... .......... .......... 66% 15.4M 3s
 64600K .......... .......... .......... .......... .......... 66% 16.7M 3s
 64650K .......... .......... .......... .......... .......... 66% 40.7M 3s
 64700K .......... .......... .......... .......... .......... 66% 10.9M 3s
 64750K .......... .......... .......... .......... .......... 67% 16.1M 3s
 64800K .......... .......... .......... .......... .......... 67% 11.3M 3s
 64850K .......... .......... .......... .......... .......... 67% 8.53M 3s
 64900K .......... .......... .......... .......... .......... 67% 3.23M 3s
 64950K .......... .......... .......... .......... .......... 67% 2.42M 3s
 65000K .......... .......... .......... .......... .......... 67% 18.9M 3s
 65050K .......... .......... .......... .......... .......... 67% 14.6M 3s
 65100K .......... .......... .......... .......... .......... 67% 23.7M 3s
 65150K .......... .......... .......... .......... .......... 67% 25.6M 3s
 65200K .......... .......... .......... .......... .......... 67% 19.5M 3s
 65250K .......... .......... .......... .......... .......... 67% 28.5M 3s
 65300K .......... .......... .......... .......... .......... 67% 25.4M 3s
 65350K .......... .......... .......... .......... .......... 67% 19.7M 3s
 65400K .......... .......... .......... .......... .......... 67% 33.5M 3s
 65450K .......... .......... .......... .......... .......... 67% 26.2M 3s
 65500K .......... .......... .......... .......... .......... 67% 49.8M 3s
 65550K .......... .......... .......... .......... .......... 67% 24.6M 3s
 65600K .......... .......... .......... .......... .......... 67% 33.6M 3s
 65650K .......... .......... .......... .......... .......... 67% 20.0M 3s
 65700K .......... .......... .......... .......... .......... 68% 25.7M 3s
 65750K .......... .......... .......... .......... .......... 68% 47.5M 3s
 65800K .......... .......... .......... .......... .......... 68% 20.3M 3s
 65850K .......... .......... .......... .......... .......... 68% 31.8M 3s
 65900K .......... .......... .......... .......... .......... 68% 34.7M 3s
 65950K .......... .......... .......... .......... .......... 68% 16.4M 3s
 66000K .......... .......... .......... .......... .......... 68% 24.0M 3s
 66050K .......... .......... .......... .......... .......... 68% 31.6M 3s
 66100K .......... .......... .......... .......... .......... 68% 19.9M 3s
 66150K .......... .......... .......... .......... .......... 68% 21.7M 3s
 66200K .......... .......... .......... .......... .......... 68% 26.2M 3s
 66250K .......... .......... .......... .......... .......... 68% 23.4M 3s
 66300K .......... .......... .......... .......... .......... 68% 17.1M 3s
 66350K .......... .......... .......... .......... .......... 68% 27.6M 3s
 66400K .......... .......... .......... .......... .......... 68% 13.0M 3s
 66450K .......... .......... .......... .......... .......... 68% 12.1M 3s
 66500K .......... .......... .......... .......... .......... 68% 11.2M 3s
 66550K .......... .......... .......... .......... .......... 68% 9.56M 3s
 66600K .......... .......... .......... .......... .......... 68% 5.09M 3s
 66650K .......... .......... .......... .......... .......... 68% 2.52M 3s
 66700K .......... .......... .......... .......... .......... 69% 5.91M 3s
 66750K .......... .......... .......... .......... .......... 69% 13.3M 3s
 66800K .......... .......... .......... .......... .......... 69% 17.5M 3s
 66850K .......... .......... .......... .......... .......... 69% 29.7M 3s
 66900K .......... .......... .......... .......... .......... 69% 16.1M 3s
 66950K .......... .......... .......... .......... .......... 69% 23.7M 3s
 67000K .......... .......... .......... .......... .......... 69% 29.4M 3s
 67050K .......... .......... .......... .......... .......... 69% 22.5M 3s
 67100K .......... .......... .......... .......... .......... 69% 38.8M 3s
 67150K .......... .......... .......... .......... .......... 69% 30.6M 3s
 67200K .......... .......... .......... .......... .......... 69% 30.2M 3s
 67250K .......... .......... .......... .......... .......... 69% 21.8M 3s
 67300K .......... .......... .......... .......... .......... 69% 24.9M 3s
 67350K .......... .......... .......... .......... .......... 69% 31.9M 3s
 67400K .......... .......... .......... .......... .......... 69% 32.2M 3s
 67450K .......... .......... .......... .......... .......... 69% 32.7M 3s
 67500K .......... .......... .......... .......... .......... 69% 19.1M 3s
 67550K .......... .......... .......... .......... .......... 69% 34.5M 3s
 67600K .......... .......... .......... .......... .......... 69% 24.8M 3s
 67650K .......... .......... .......... .......... .......... 70% 27.7M 3s
 67700K .......... .......... .......... .......... .......... 70% 23.7M 3s
 67750K .......... .......... .......... .......... .......... 70% 20.2M 3s
 67800K .......... .......... .......... .......... .......... 70% 25.4M 3s
 67850K .......... .......... .......... .......... .......... 70% 16.5M 3s
 67900K .......... .......... .......... .......... .......... 70% 30.6M 3s
 67950K .......... .......... .......... .......... .......... 70% 21.2M 3s
 68000K .......... .......... .......... .......... .......... 70% 25.7M 3s
 68050K .......... .......... .......... .......... .......... 70% 20.4M 3s
 68100K .......... .......... .......... .......... .......... 70% 11.3M 3s
 68150K .......... .......... .......... .......... .......... 70% 14.4M 3s
 68200K .......... .......... .......... .......... .......... 70% 23.3M 3s
 68250K .......... .......... .......... .......... .......... 70% 12.4M 3s
 68300K .......... .......... .......... .......... .......... 70% 9.85M 3s
 68350K .......... .......... .......... .......... .......... 70% 3.82M 3s
 68400K .......... .......... .......... .......... .......... 70% 2.52M 3s
 68450K .......... .......... .......... .......... .......... 70% 10.2M 3s
 68500K .......... .......... .......... .......... .......... 70% 11.6M 3s
 68550K .......... .......... .......... .......... .......... 70% 14.3M 3s
 68600K .......... .......... .......... .......... .......... 71% 20.3M 3s
 68650K .......... .......... .......... .......... .......... 71% 22.3M 3s
 68700K .......... .......... .......... .......... .......... 71% 19.3M 3s
 68750K .......... .......... .......... .......... .......... 71% 12.2M 3s
 68800K .......... .......... .......... .......... .......... 71% 15.2M 3s
 68850K .......... .......... .......... .......... .......... 71% 17.9M 3s
 68900K .......... .......... .......... .......... .......... 71% 14.0M 3s
 68950K .......... .......... .......... .......... .......... 71% 16.6M 3s
 69000K .......... .......... .......... .......... .......... 71% 19.9M 3s
 69050K .......... .......... .......... .......... .......... 71% 21.6M 3s
 69100K .......... .......... .......... .......... .......... 71% 33.7M 3s
 69150K .......... .......... .......... .......... .......... 71% 35.4M 3s
 69200K .......... .......... .......... .......... .......... 71% 37.8M 3s
 69250K .......... .......... .......... .......... .......... 71% 27.5M 3s
 69300K .......... .......... .......... .......... .......... 71% 35.0M 3s
 69350K .......... .......... .......... .......... .......... 71% 35.9M 3s
 69400K .......... .......... .......... .......... .......... 71% 37.4M 3s
 69450K .......... .......... .......... .......... .......... 71% 50.2M 3s
 69500K .......... .......... .......... .......... .......... 71% 35.4M 3s
 69550K .......... .......... .......... .......... .......... 71% 62.6M 3s
 69600K .......... .......... .......... .......... .......... 72% 62.0M 3s
 69650K .......... .......... .......... .......... .......... 72% 64.3M 3s
 69700K .......... .......... .......... .......... .......... 72% 54.0M 3s
 69750K .......... .......... .......... .......... .......... 72% 18.0M 3s
 69800K .......... .......... .......... .......... .......... 72% 18.1M 3s
 69850K .......... .......... .......... .......... .......... 72% 11.3M 3s
 69900K .......... .......... .......... .......... .......... 72% 16.9M 3s
 69950K .......... .......... .......... .......... .......... 72% 31.2M 3s
 70000K .......... .......... .......... .......... .......... 72% 9.12M 3s
 70050K .......... .......... .......... .......... .......... 72% 12.1M 3s
 70100K .......... .......... .......... .......... .......... 72% 2.68M 3s
 70150K .......... .......... .......... .......... .......... 72% 3.42M 3s
 70200K .......... .......... .......... .......... .......... 72% 8.74M 3s
 70250K .......... .......... .......... .......... .......... 72% 16.3M 3s
 70300K .......... .......... .......... .......... .......... 72% 13.4M 3s
 70350K .......... .......... .......... .......... .......... 72% 26.6M 3s
 70400K .......... .......... .......... .......... .......... 72% 29.8M 3s
 70450K .......... .......... .......... .......... .......... 72% 19.0M 3s
 70500K .......... .......... .......... .......... .......... 72% 30.0M 3s
 70550K .......... .......... .......... .......... .......... 73% 20.4M 3s
 70600K .......... .......... .......... .......... .......... 73% 43.8M 3s
 70650K .......... .......... .......... .......... .......... 73% 15.3M 3s
 70700K .......... .......... .......... .......... .......... 73% 38.0M 3s
 70750K .......... .......... .......... .......... .......... 73% 42.4M 3s
 70800K .......... .......... .......... .......... .......... 73% 46.7M 3s
 70850K .......... .......... .......... .......... .......... 73% 45.9M 3s
 70900K .......... .......... .......... .......... .......... 73% 19.6M 3s
 70950K .......... .......... .......... .......... .......... 73% 39.0M 2s
 71000K .......... .......... .......... .......... .......... 73% 30.0M 2s
 71050K .......... .......... .......... .......... .......... 73% 32.9M 2s
 71100K .......... .......... .......... .......... .......... 73% 23.5M 2s
 71150K .......... .......... .......... .......... .......... 73% 18.5M 2s
 71200K .......... .......... .......... .......... .......... 73% 19.6M 2s
 71250K .......... .......... .......... .......... .......... 73% 34.3M 2s
 71300K .......... .......... .......... .......... .......... 73% 21.6M 2s
 71350K .......... .......... .......... .......... .......... 73% 20.9M 2s
 71400K .......... .......... .......... .......... .......... 73% 24.8M 2s
 71450K .......... .......... .......... .......... .......... 73% 18.3M 2s
 71500K .......... .......... .......... .......... .......... 74% 20.7M 2s
 71550K .......... .......... .......... .......... .......... 74% 10.3M 2s
 71600K .......... .......... .......... .......... .......... 74% 29.2M 2s
 71650K .......... .......... .......... .......... .......... 74% 13.7M 2s
 71700K .......... .......... .......... .......... .......... 74% 17.4M 2s
 71750K .......... .......... .......... .......... .......... 74% 9.45M 2s
 71800K .......... .......... .......... .......... .......... 74% 7.57M 2s
 71850K .......... .......... .......... .......... .......... 74% 4.84M 2s
 71900K .......... .......... .......... .......... .......... 74% 2.61M 2s
 71950K .......... .......... .......... .......... .......... 74% 9.20M 2s
 72000K .......... .......... .......... .......... .......... 74% 11.8M 2s
 72050K .......... .......... .......... .......... .......... 74% 19.5M 2s
 72100K .......... .......... .......... .......... .......... 74% 25.1M 2s
 72150K .......... .......... .......... .......... .......... 74% 13.6M 2s
 72200K .......... .......... .......... .......... .......... 74% 37.7M 2s
 72250K .......... .......... .......... .......... .......... 74% 36.9M 2s
 72300K .......... .......... .......... .......... .......... 74% 18.4M 2s
 72350K .......... .......... .......... .......... .......... 74% 31.2M 2s
 72400K .......... .......... .......... .......... .......... 74% 41.7M 2s
 72450K .......... .......... .......... .......... .......... 74% 39.5M 2s
 72500K .......... .......... .......... .......... .......... 75% 39.6M 2s
 72550K .......... .......... .......... .......... .......... 75% 36.6M 2s
 72600K .......... .......... .......... .......... .......... 75% 22.0M 2s
 72650K .......... .......... .......... .......... .......... 75% 32.1M 2s
 72700K .......... .......... .......... .......... .......... 75% 26.4M 2s
 72750K .......... .......... .......... .......... .......... 75% 25.2M 2s
 72800K .......... .......... .......... .......... .......... 75% 26.8M 2s
 72850K .......... .......... .......... .......... .......... 75% 23.1M 2s
 72900K .......... .......... .......... .......... .......... 75% 26.6M 2s
 72950K .......... .......... .......... .......... .......... 75% 23.7M 2s
 73000K .......... .......... .......... .......... .......... 75% 20.0M 2s
 73050K .......... .......... .......... .......... .......... 75% 28.5M 2s
 73100K .......... .......... .......... .......... .......... 75% 31.0M 2s
 73150K .......... .......... .......... .......... .......... 75% 15.0M 2s
 73200K .......... .......... .......... .......... .......... 75% 16.0M 2s
 73250K .......... .......... .......... .......... .......... 75% 24.4M 2s
 73300K .......... .......... .......... .......... .......... 75% 15.9M 2s
 73350K .......... .......... .......... .......... .......... 75% 21.3M 2s
 73400K .......... .......... .......... .......... .......... 75% 12.8M 2s
 73450K .......... .......... .......... .......... .......... 76% 11.6M 2s
 73500K .......... .......... .......... .......... .......... 76% 11.6M 2s
 73550K .......... .......... .......... .......... .......... 76% 6.91M 2s
 73600K .......... .......... .......... .......... .......... 76% 2.85M 2s
 73650K .......... .......... .......... .......... .......... 76% 4.90M 2s
 73700K .......... .......... .......... .......... .......... 76% 7.38M 2s
 73750K .......... .......... .......... .......... .......... 76% 18.8M 2s
 73800K .......... .......... .......... .......... .......... 76% 14.7M 2s
 73850K .......... .......... .......... .......... .......... 76% 12.3M 2s
 73900K .......... .......... .......... .......... .......... 76% 13.8M 2s
 73950K .......... .......... .......... .......... .......... 76% 11.4M 2s
 74000K .......... .......... .......... .......... .......... 76% 19.3M 2s
 74050K .......... .......... .......... .......... .......... 76% 20.4M 2s
 74100K .......... .......... .......... .......... .......... 76% 21.8M 2s
 74150K .......... .......... .......... .......... .......... 76% 78.7M 2s
 74200K .......... .......... .......... .......... .......... 76% 71.6M 2s
 74250K .......... .......... .......... .......... .......... 76% 77.9M 2s
 74300K .......... .......... .......... .......... .......... 76% 55.3M 2s
 74350K .......... .......... .......... .......... .......... 76% 58.9M 2s
 74400K .......... .......... .......... .......... .......... 77% 84.3M 2s
 74450K .......... .......... .......... .......... .......... 77% 69.2M 2s
 74500K .......... .......... .......... .......... .......... 77% 42.9M 2s
 74550K .......... .......... .......... .......... .......... 77% 23.2M 2s
 74600K .......... .......... .......... .......... .......... 77% 23.7M 2s
 74650K .......... .......... .......... .......... .......... 77% 31.7M 2s
 74700K .......... .......... .......... .......... .......... 77% 21.8M 2s
 74750K .......... .......... .......... .......... .......... 77% 20.4M 2s
 74800K .......... .......... .......... .......... .......... 77% 27.5M 2s
 74850K .......... .......... .......... .......... .......... 77% 20.4M 2s
 74900K .......... .......... .......... .......... .......... 77% 21.0M 2s
 74950K .......... .......... .......... .......... .......... 77% 20.1M 2s
 75000K .......... .......... .......... .......... .......... 77% 14.6M 2s
 75050K .......... .......... .......... .......... .......... 77% 22.5M 2s
 75100K .......... .......... .......... .......... .......... 77% 13.3M 2s
 75150K .......... .......... .......... .......... .......... 77% 22.5M 2s
 75200K .......... .......... .......... .......... .......... 77% 9.75M 2s
 75250K .......... .......... .......... .......... .......... 77% 8.94M 2s
 75300K .......... .......... .......... .......... .......... 77% 8.69M 2s
 75350K .......... .......... .......... .......... .......... 77% 9.60M 2s
 75400K .......... .......... .......... .......... .......... 78% 2.25M 2s
 75450K .......... .......... .......... .......... .......... 78% 8.95M 2s
 75500K .......... .......... .......... .......... .......... 78% 17.6M 2s
 75550K .......... .......... .......... .......... .......... 78% 15.3M 2s
 75600K .......... .......... .......... .......... .......... 78% 14.5M 2s
 75650K .......... .......... .......... .......... .......... 78% 18.0M 2s
 75700K .......... .......... .......... .......... .......... 78% 34.6M 2s
 75750K .......... .......... .......... .......... .......... 78% 39.3M 2s
 75800K .......... .......... .......... .......... .......... 78% 23.5M 2s
 75850K .......... .......... .......... .......... .......... 78% 26.1M 2s
 75900K .......... .......... .......... .......... .......... 78% 38.4M 2s
 75950K .......... .......... .......... .......... .......... 78% 36.6M 2s
 76000K .......... .......... .......... .......... .......... 78% 31.3M 2s
 76050K .......... .......... .......... .......... .......... 78% 21.2M 2s
 76100K .......... .......... .......... .......... .......... 78% 27.0M 2s
 76150K .......... .......... .......... .......... .......... 78% 26.8M 2s
 76200K .......... .......... .......... .......... .......... 78% 36.0M 2s
 76250K .......... .......... .......... .......... .......... 78% 27.4M 2s
 76300K .......... .......... .......... .......... .......... 78% 24.4M 2s
 76350K .......... .......... .......... .......... .......... 79% 24.0M 2s
 76400K .......... .......... .......... .......... .......... 79% 19.9M 2s
 76450K .......... .......... .......... .......... .......... 79% 19.9M 2s
 76500K .......... .......... .......... .......... .......... 79% 37.1M 2s
 76550K .......... .......... .......... .......... .......... 79% 27.8M 2s
 76600K .......... .......... .......... .......... .......... 79% 24.4M 2s
 76650K .......... .......... .......... .......... .......... 79% 15.1M 2s
 76700K .......... .......... .......... .......... .......... 79% 17.5M 2s
 76750K .......... .......... .......... .......... .......... 79% 23.7M 2s
 76800K .......... .......... .......... .......... .......... 79% 15.6M 2s
 76850K .......... .......... .......... .......... .......... 79% 14.5M 2s
 76900K .......... .......... .......... .......... .......... 79% 29.1M 2s
 76950K .......... .......... .......... .......... .......... 79% 10.7M 2s
 77000K .......... .......... .......... .......... .......... 79% 9.51M 2s
 77050K .......... .......... .......... .......... .......... 79% 9.01M 2s
 77100K .......... .......... .......... .......... .......... 79% 6.08M 2s
 77150K .......... .......... .......... .......... .......... 79% 2.68M 2s
 77200K .......... .......... .......... .......... .......... 79% 7.26M 2s
 77250K .......... .......... .......... .......... .......... 79% 14.4M 2s
 77300K .......... .......... .......... .......... .......... 80% 16.5M 2s
 77350K .......... .......... .......... .......... .......... 80% 17.5M 2s
 77400K .......... .......... .......... .......... .......... 80% 18.7M 2s
 77450K .......... .......... .......... .......... .......... 80% 26.5M 2s
 77500K .......... .......... .......... .......... .......... 80% 21.8M 2s
 77550K .......... .......... .......... .......... .......... 80% 27.9M 2s
 77600K .......... .......... .......... .......... .......... 80% 18.9M 2s
 77650K .......... .......... .......... .......... .......... 80% 21.2M 2s
 77700K .......... .......... .......... .......... .......... 80% 48.5M 2s
 77750K .......... .......... .......... .......... .......... 80% 58.9M 2s
 77800K .......... .......... .......... .......... .......... 80% 36.8M 2s
 77850K .......... .......... .......... .......... .......... 80% 35.3M 2s
 77900K .......... .......... .......... .......... .......... 80% 27.8M 2s
 77950K .......... .......... .......... .......... .......... 80% 23.9M 2s
 78000K .......... .......... .......... .......... .......... 80% 21.1M 2s
 78050K .......... .......... .......... .......... .......... 80% 43.6M 2s
 78100K .......... .......... .......... .......... .......... 80% 20.3M 2s
 78150K .......... .......... .......... .......... .......... 80% 18.3M 2s
 78200K .......... .......... .......... .......... .......... 80% 26.8M 2s
 78250K .......... .......... .......... .......... .......... 80% 32.6M 2s
 78300K .......... .......... .......... .......... .......... 81% 23.4M 2s
 78350K .......... .......... .......... .......... .......... 81% 26.7M 2s
 78400K .......... .......... .......... .......... .......... 81% 15.3M 2s
 78450K .......... .......... .......... .......... .......... 81% 25.2M 2s
 78500K .......... .......... .......... .......... .......... 81% 17.8M 2s
 78550K .......... .......... .......... .......... .......... 81% 14.3M 2s
 78600K .......... .......... .......... .......... .......... 81% 18.2M 2s
 78650K .......... .......... .......... .......... .......... 81% 15.7M 2s
 78700K .......... .......... .......... .......... .......... 81% 24.3M 2s
 78750K .......... .......... .......... .......... .......... 81% 8.58M 2s
 78800K .......... .......... .......... .......... .......... 81% 8.87M 2s
 78850K .......... .......... .......... .......... .......... 81% 8.14M 2s
 78900K .......... .......... .......... .......... .......... 81% 3.59M 2s
 78950K .......... .......... .......... .......... .......... 81% 4.07M 2s
 79000K .......... .......... .......... .......... .......... 81% 10.1M 2s
 79050K .......... .......... .......... .......... .......... 81% 19.3M 2s
 79100K .......... .......... .......... .......... .......... 81% 11.7M 2s
 79150K .......... .......... .......... .......... .......... 81% 33.2M 2s
 79200K .......... .......... .......... .......... .......... 81% 24.0M 2s
 79250K .......... .......... .......... .......... .......... 82% 20.3M 2s
 79300K .......... .......... .......... .......... .......... 82% 36.0M 2s
 79350K .......... .......... .......... .......... .......... 82% 24.8M 2s
 79400K .......... .......... .......... .......... .......... 82% 31.3M 2s
 79450K .......... .......... .......... .......... .......... 82% 27.4M 2s
 79500K .......... .......... .......... .......... .......... 82% 41.2M 2s
 79550K .......... .......... .......... .......... .......... 82% 33.6M 2s
 79600K .......... .......... .......... .......... .......... 82% 17.6M 2s
 79650K .......... .......... .......... .......... .......... 82% 27.2M 2s
 79700K .......... .......... .......... .......... .......... 82% 23.9M 2s
 79750K .......... .......... .......... .......... .......... 82% 22.3M 2s
 79800K .......... .......... .......... .......... .......... 82% 27.5M 2s
 79850K .......... .......... .......... .......... .......... 82% 23.9M 2s
 79900K .......... .......... .......... .......... .......... 82% 40.1M 2s
 79950K .......... .......... .......... .......... .......... 82% 25.2M 2s
 80000K .......... .......... .......... .......... .......... 82% 17.6M 2s
 80050K .......... .......... .......... .......... .......... 82% 27.0M 2s
 80100K .......... .......... .......... .......... .......... 82% 21.8M 2s
 80150K .......... .......... .......... .......... .......... 82% 17.3M 2s
 80200K .......... .......... .......... .......... .......... 83% 18.7M 2s
 80250K .......... .......... .......... .......... .......... 83% 20.7M 2s
 80300K .......... .......... .......... .......... .......... 83% 22.4M 2s
 80350K .......... .......... .......... .......... .......... 83% 13.4M 2s
 80400K .......... .......... .......... .......... .......... 83% 14.4M 2s
 80450K .......... .......... .......... .......... .......... 83% 31.5M 2s
 80500K .......... .......... .......... .......... .......... 83% 13.0M 2s
 80550K .......... .......... .......... .......... .......... 83% 7.13M 1s
 80600K .......... .......... .......... .......... .......... 83% 6.50M 1s
 80650K .......... .......... .......... .......... .......... 83% 11.1M 1s
 80700K .......... .......... .......... .......... .......... 83% 2.68M 1s
 80750K .......... .......... .......... .......... .......... 83% 8.93M 1s
 80800K .......... .......... .......... .......... .......... 83% 11.4M 1s
 80850K .......... .......... .......... .......... .......... 83% 20.2M 1s
 80900K .......... .......... .......... .......... .......... 83% 31.5M 1s
 80950K .......... .......... .......... .......... .......... 83% 15.1M 1s
 81000K .......... .......... .......... .......... .......... 83% 24.2M 1s
 81050K .......... .......... .......... .......... .......... 83% 38.7M 1s
 81100K .......... .......... .......... .......... .......... 83% 27.9M 1s
 81150K .......... .......... .......... .......... .......... 83% 29.7M 1s
 81200K .......... .......... .......... .......... .......... 84% 32.5M 1s
 81250K .......... .......... .......... .......... .......... 84% 27.5M 1s
 81300K .......... .......... .......... .......... .......... 84% 22.4M 1s
 81350K .......... .......... .......... .......... .......... 84% 20.3M 1s
 81400K .......... .......... .......... .......... .......... 84% 37.5M 1s
 81450K .......... .......... .......... .......... .......... 84% 20.2M 1s
 81500K .......... .......... .......... .......... .......... 84% 25.3M 1s
 81550K .......... .......... .......... .......... .......... 84% 21.2M 1s
 81600K .......... .......... .......... .......... .......... 84% 39.8M 1s
 81650K .......... .......... .......... .......... .......... 84% 39.5M 1s
 81700K .......... .......... .......... .......... .......... 84% 23.5M 1s
 81750K .......... .......... .......... .......... .......... 84% 17.5M 1s
 81800K .......... .......... .......... .......... .......... 84% 26.5M 1s
 81850K .......... .......... .......... .......... .......... 84% 33.1M 1s
 81900K .......... .......... .......... .......... .......... 84% 15.3M 1s
 81950K .......... .......... .......... .......... .......... 84% 16.2M 1s
 82000K .......... .......... .......... .......... .......... 84% 19.2M 1s
 82050K .......... .......... .......... .......... .......... 84% 16.8M 1s
 82100K .......... .......... .......... .......... .......... 84% 18.9M 1s
 82150K .......... .......... .......... .......... .......... 85% 18.8M 1s
 82200K .......... .......... .......... .......... .......... 85% 19.1M 1s
 82250K .......... .......... .......... .......... .......... 85% 14.6M 1s
 82300K .......... .......... .......... .......... .......... 85% 8.05M 1s
 82350K .......... .......... .......... .......... .......... 85% 7.99M 1s
 82400K .......... .......... .......... .......... .......... 85% 6.72M 1s
 82450K .......... .......... .......... .......... .......... 85% 3.07M 1s
 82500K .......... .......... .......... .......... .......... 85% 7.92M 1s
 82550K .......... .......... .......... .......... .......... 85% 9.65M 1s
 82600K .......... .......... .......... .......... .......... 85% 19.1M 1s
 82650K .......... .......... .......... .......... .......... 85% 13.8M 1s
 82700K .......... .......... .......... .......... .......... 85% 26.0M 1s
 82750K .......... .......... .......... .......... .......... 85% 37.7M 1s
 82800K .......... .......... .......... .......... .......... 85% 42.1M 1s
 82850K .......... .......... .......... .......... .......... 85% 20.8M 1s
 82900K .......... .......... .......... .......... .......... 85% 25.6M 1s
 82950K .......... .......... .......... .......... .......... 85% 29.3M 1s
 83000K .......... .......... .......... .......... .......... 85% 18.4M 1s
 83050K .......... .......... .......... .......... .......... 85% 27.4M 1s
 83100K .......... .......... .......... .......... .......... 86% 41.8M 1s
 83150K .......... .......... .......... .......... .......... 86% 25.3M 1s
 83200K .......... .......... .......... .......... .......... 86% 19.5M 1s
 83250K .......... .......... .......... .......... .......... 86% 51.3M 1s
 83300K .......... .......... .......... .......... .......... 86% 22.9M 1s
 83350K .......... .......... .......... .......... .......... 86% 26.8M 1s
 83400K .......... .......... .......... .......... .......... 86% 20.3M 1s
 83450K .......... .......... .......... .......... .......... 86% 20.5M 1s
 83500K .......... .......... .......... .......... .......... 86% 35.6M 1s
 83550K .......... .......... .......... .......... .......... 86% 30.7M 1s
 83600K .......... .......... .......... .......... .......... 86% 18.6M 1s
 83650K .......... .......... .......... .......... .......... 86% 19.8M 1s
 83700K .......... .......... .......... .......... .......... 86% 31.2M 1s
 83750K .......... .......... .......... .......... .......... 86% 17.3M 1s
 83800K .......... .......... .......... .......... .......... 86% 11.5M 1s
 83850K .......... .......... .......... .......... .......... 86% 27.0M 1s
 83900K .......... .......... .......... .......... .......... 86% 16.2M 1s
 83950K .......... .......... .......... .......... .......... 86% 16.5M 1s
 84000K .......... .......... .......... .......... .......... 86% 21.9M 1s
 84050K .......... .......... .......... .......... .......... 86% 11.1M 1s
 84100K .......... .......... .......... .......... .......... 87% 6.40M 1s
 84150K .......... .......... .......... .......... .......... 87% 10.6M 1s
 84200K .......... .......... .......... .......... .......... 87% 3.44M 1s
 84250K .......... .......... .......... .......... .......... 87% 4.72M 1s
 84300K .......... .......... .......... .......... .......... 87% 9.78M 1s
 84350K .......... .......... .......... .......... .......... 87% 12.2M 1s
 84400K .......... .......... .......... .......... .......... 87% 20.7M 1s
 84450K .......... .......... .......... .......... .......... 87% 24.7M 1s
 84500K .......... .......... .......... .......... .......... 87% 39.4M 1s
 84550K .......... .......... .......... .......... .......... 87% 30.2M 1s
 84600K .......... .......... .......... .......... .......... 87% 18.0M 1s
 84650K .......... .......... .......... .......... .......... 87% 25.8M 1s
 84700K .......... .......... .......... .......... .......... 87% 22.7M 1s
 84750K .......... .......... .......... .......... .......... 87% 20.3M 1s
 84800K .......... .......... .......... .......... .......... 87% 44.3M 1s
 84850K .......... .......... .......... .......... .......... 87% 32.6M 1s
 84900K .......... .......... .......... .......... .......... 87% 18.6M 1s
 84950K .......... .......... .......... .......... .......... 87% 26.7M 1s
 85000K .......... .......... .......... .......... .......... 87% 24.6M 1s
 85050K .......... .......... .......... .......... .......... 88% 25.6M 1s
 85100K .......... .......... .......... .......... .......... 88% 25.7M 1s
 85150K .......... .......... .......... .......... .......... 88% 26.3M 1s
 85200K .......... .......... .......... .......... .......... 88% 29.8M 1s
 85250K .......... .......... .......... .......... .......... 88% 27.3M 1s
 85300K .......... .......... .......... .......... .......... 88% 25.9M 1s
 85350K .......... .......... .......... .......... .......... 88% 26.4M 1s
 85400K .......... .......... .......... .......... .......... 88% 15.3M 1s
 85450K .......... .......... .......... .......... .......... 88% 41.3M 1s
 85500K .......... .......... .......... .......... .......... 88% 16.0M 1s
 85550K .......... .......... .......... .......... .......... 88% 16.1M 1s
 85600K .......... .......... .......... .......... .......... 88% 15.6M 1s
 85650K .......... .......... .......... .......... .......... 88% 15.0M 1s
 85700K .......... .......... .......... .......... .......... 88% 27.4M 1s
 85750K .......... .......... .......... .......... .......... 88% 20.4M 1s
 85800K .......... .......... .......... .......... .......... 88% 9.74M 1s
 85850K .......... .......... .......... .......... .......... 88% 12.5M 1s
 85900K .......... .......... .......... .......... .......... 88% 6.43M 1s
 85950K .......... .......... .......... .......... .......... 88% 10.6M 1s
 86000K .......... .......... .......... .......... .......... 89% 3.07M 1s
 86050K .......... .......... .......... .......... .......... 89% 5.91M 1s
 86100K .......... .......... .......... .......... .......... 89% 10.5M 1s
 86150K .......... .......... .......... .......... .......... 89% 35.0M 1s
 86200K .......... .......... .......... .......... .......... 89% 12.2M 1s
 86250K .......... .......... .......... .......... .......... 89% 31.8M 1s
 86300K .......... .......... .......... .......... .......... 89% 16.8M 1s
 86350K .......... .......... .......... .......... .......... 89% 38.1M 1s
 86400K .......... .......... .......... .......... .......... 89% 23.5M 1s
 86450K .......... .......... .......... .......... .......... 89% 18.2M 1s
 86500K .......... .......... .......... .......... .......... 89% 29.3M 1s
 86550K .......... .......... .......... .......... .......... 89% 32.0M 1s
 86600K .......... .......... .......... .......... .......... 89% 18.0M 1s
 86650K .......... .......... .......... .......... .......... 89% 24.8M 1s
 86700K .......... .......... .......... .......... .......... 89% 36.2M 1s
 86750K .......... .......... .......... .......... .......... 89% 25.0M 1s
 86800K .......... .......... .......... .......... .......... 89% 24.5M 1s
 86850K .......... .......... .......... .......... .......... 89% 40.6M 1s
 86900K .......... .......... .......... .......... .......... 89% 21.5M 1s
 86950K .......... .......... .......... .......... .......... 89% 30.2M 1s
 87000K .......... .......... .......... .......... .......... 90% 23.4M 1s
 87050K .......... .......... .......... .......... .......... 90% 36.9M 1s
 87100K .......... .......... .......... .......... .......... 90% 22.6M 1s
 87150K .......... .......... .......... .......... .......... 90% 26.9M 1s
 87200K .......... .......... .......... .......... .......... 90% 19.1M 1s
 87250K .......... .......... .......... .......... .......... 90% 20.4M 1s
 87300K .......... .......... .......... .......... .......... 90% 16.0M 1s
 87350K .......... .......... .......... .......... .......... 90% 22.4M 1s
 87400K .......... .......... .......... .......... .......... 90% 15.3M 1s
 87450K .......... .......... .......... .......... .......... 90% 18.9M 1s
 87500K .......... .......... .......... .......... .......... 90% 12.4M 1s
 87550K .......... .......... .......... .......... .......... 90% 12.1M 1s
 87600K .......... .......... .......... .......... .......... 90% 21.4M 1s
 87650K .......... .......... .......... .......... .......... 90% 8.92M 1s
 87700K .......... .......... .......... .......... .......... 90% 8.42M 1s
 87750K .......... .......... .......... .......... .......... 90% 6.52M 1s
 87800K .......... .......... .......... .......... .......... 90% 3.26M 1s
 87850K .......... .......... .......... .......... .......... 90% 7.12M 1s
 87900K .......... .......... .......... .......... .......... 90% 18.1M 1s
 87950K .......... .......... .......... .......... .......... 91% 15.0M 1s
 88000K .......... .......... .......... .......... .......... 91% 20.7M 1s
 88050K .......... .......... .......... .......... .......... 91% 13.9M 1s
 88100K .......... .......... .......... .......... .......... 91% 29.0M 1s
 88150K .......... .......... .......... .......... .......... 91% 36.3M 1s
 88200K .......... .......... .......... .......... .......... 91% 12.9M 1s
 88250K .......... .......... .......... .......... .......... 91% 30.4M 1s
 88300K .......... .......... .......... .......... .......... 91% 21.0M 1s
 88350K .......... .......... .......... .......... .......... 91% 11.5M 1s
 88400K .......... .......... .......... .......... .......... 91% 27.5M 1s
 88450K .......... .......... .......... .......... .......... 91% 47.0M 1s
 88500K .......... .......... .......... .......... .......... 91% 54.5M 1s
 88550K .......... .......... .......... .......... .......... 91% 46.7M 1s
 88600K .......... .......... .......... .......... .......... 91% 33.2M 1s
 88650K .......... .......... .......... .......... .......... 91% 41.0M 1s
 88700K .......... .......... .......... .......... .......... 91% 30.3M 1s
 88750K .......... .......... .......... .......... .......... 91% 33.8M 1s
 88800K .......... .......... .......... .......... .......... 91% 20.8M 1s
 88850K .......... .......... .......... .......... .......... 91% 19.8M 1s
 88900K .......... .......... .......... .......... .......... 92% 26.9M 1s
 88950K .......... .......... .......... .......... .......... 92% 19.5M 1s
 89000K .......... .......... .......... .......... .......... 92% 18.9M 1s
 89050K .......... .......... .......... .......... .......... 92% 24.9M 1s
 89100K .......... .......... .......... .......... .......... 92% 19.2M 1s
 89150K .......... .......... .......... .......... .......... 92% 18.3M 1s
 89200K .......... .......... .......... .......... .......... 92% 15.2M 1s
 89250K .......... .......... .......... .......... .......... 92% 20.9M 1s
 89300K .......... .......... .......... .......... .......... 92% 13.6M 1s
 89350K .......... .......... .......... .......... .......... 92% 18.3M 1s
 89400K .......... .......... .......... .......... .......... 92% 10.8M 1s
 89450K .......... .......... .......... .......... .......... 92% 8.44M 1s
 89500K .......... .......... .......... .......... .......... 92% 10.3M 1s
 89550K .......... .......... .......... .......... .......... 92% 4.72M 1s
 89600K .......... .......... .......... .......... .......... 92% 3.29M 1s
 89650K .......... .......... .......... .......... .......... 92% 13.8M 1s
 89700K .......... .......... .......... .......... .......... 92% 12.8M 1s
 89750K .......... .......... .......... .......... .......... 92% 16.3M 1s
 89800K .......... .......... .......... .......... .......... 92% 26.2M 1s
 89850K .......... .......... .......... .......... .......... 92% 26.2M 1s
 89900K .......... .......... .......... .......... .......... 93% 22.3M 1s
 89950K .......... .......... .......... .......... .......... 93% 24.6M 1s
 90000K .......... .......... .......... .......... .......... 93% 18.9M 1s
 90050K .......... .......... .......... .......... .......... 93% 18.4M 1s
 90100K .......... .......... .......... .......... .......... 93% 36.1M 1s
 90150K .......... .......... .......... .......... .......... 93% 41.7M 1s
 90200K .......... .......... .......... .......... .......... 93% 20.8M 1s
 90250K .......... .......... .......... .......... .......... 93% 19.7M 1s
 90300K .......... .......... .......... .......... .......... 93% 37.2M 1s
 90350K .......... .......... .......... .......... .......... 93% 33.7M 1s
 90400K .......... .......... .......... .......... .......... 93% 20.4M 1s
 90450K .......... .......... .......... .......... .......... 93% 17.0M 1s
 90500K .......... .......... .......... .......... .......... 93% 22.7M 1s
 90550K .......... .......... .......... .......... .......... 93% 21.7M 1s
 90600K .......... .......... .......... .......... .......... 93% 25.2M 1s
 90650K .......... .......... .......... .......... .......... 93% 28.3M 1s
 90700K .......... .......... .......... .......... .......... 93% 18.3M 1s
 90750K .......... .......... .......... .......... .......... 93% 23.1M 1s
 90800K .......... .......... .......... .......... .......... 93% 29.5M 1s
 90850K .......... .......... .......... .......... .......... 94% 21.7M 1s
 90900K .......... .......... .......... .......... .......... 94% 22.2M 1s
 90950K .......... .......... .......... .......... .......... 94% 16.8M 1s
 91000K .......... .......... .......... .......... .......... 94% 24.5M 1s
 91050K .......... .......... .......... .......... .......... 94% 13.9M 1s
 91100K .......... .......... .......... .......... .......... 94% 13.0M 0s
 91150K .......... .......... .......... .......... .......... 94% 15.4M 0s
 91200K .......... .......... .......... .......... .......... 94% 13.3M 0s
 91250K .......... .......... .......... .......... .......... 94% 7.37M 0s
 91300K .......... .......... .......... .......... .......... 94% 8.22M 0s
 91350K .......... .......... .......... .......... .......... 94% 3.88M 0s
 91400K .......... .......... .......... .......... .......... 94% 6.23M 0s
 91450K .......... .......... .......... .......... .......... 94% 9.13M 0s
 91500K .......... .......... .......... .......... .......... 94% 11.1M 0s
 91550K .......... .......... .......... .......... .......... 94% 36.5M 0s
 91600K .......... .......... .......... .......... .......... 94% 15.7M 0s
 91650K .......... .......... .......... .......... .......... 94% 24.1M 0s
 91700K .......... .......... .......... .......... .......... 94% 26.6M 0s
 91750K .......... .......... .......... .......... .......... 94% 23.8M 0s
 91800K .......... .......... .......... .......... .......... 95% 19.1M 0s
 91850K .......... .......... .......... .......... .......... 95% 36.0M 0s
 91900K .......... .......... .......... .......... .......... 95% 23.1M 0s
 91950K .......... .......... .......... .......... .......... 95% 15.3M 0s
 92000K .......... .......... .......... .......... .......... 95% 37.8M 0s
 92050K .......... .......... .......... .......... .......... 95% 33.3M 0s
 92100K .......... .......... .......... .......... .......... 95% 41.0M 0s
 92150K .......... .......... .......... .......... .......... 95% 17.6M 0s
 92200K .......... .......... .......... .......... .......... 95% 31.8M 0s
 92250K .......... .......... .......... .......... .......... 95% 32.7M 0s
 92300K .......... .......... .......... .......... .......... 95% 18.5M 0s
 92350K .......... .......... .......... .......... .......... 95% 32.8M 0s
 92400K .......... .......... .......... .......... .......... 95% 24.5M 0s
 92450K .......... .......... .......... .......... .......... 95% 17.7M 0s
 92500K .......... .......... .......... .......... .......... 95% 28.5M 0s
 92550K .......... .......... .......... .......... .......... 95% 19.2M 0s
 92600K .......... .......... .......... .......... .......... 95% 32.4M 0s
 92650K .......... .......... .......... .......... .......... 95% 25.2M 0s
 92700K .......... .......... .......... .......... .......... 95% 10.9M 0s
 92750K .......... .......... .......... .......... .......... 95% 18.0M 0s
 92800K .......... .......... .......... .......... .......... 96% 18.9M 0s
 92850K .......... .......... .......... .......... .......... 96% 17.7M 0s
 92900K .......... .......... .......... .......... .......... 96% 15.8M 0s
 92950K .......... .......... .......... .......... .......... 96% 16.7M 0s
 93000K .......... .......... .......... .......... .......... 96% 10.3M 0s
 93050K .......... .......... .......... .......... .......... 96% 9.04M 0s
 93100K .......... .......... .......... .......... .......... 96% 4.41M 0s
 93150K .......... .......... .......... .......... .......... 96% 4.59M 0s
 93200K .......... .......... .......... .......... .......... 96% 7.55M 0s
 93250K .......... .......... .......... .......... .......... 96% 10.9M 0s
 93300K .......... .......... .......... .......... .......... 96% 14.1M 0s
 93350K .......... .......... .......... .......... .......... 96% 15.9M 0s
 93400K .......... .......... .......... .......... .......... 96% 27.2M 0s
 93450K .......... .......... .......... .......... .......... 96% 28.3M 0s
 93500K .......... .......... .......... .......... .......... 96% 21.1M 0s
 93550K .......... .......... .......... .......... .......... 96% 17.4M 0s
 93600K .......... .......... .......... .......... .......... 96% 43.3M 0s
 93650K .......... .......... .......... .......... .......... 96% 25.7M 0s
 93700K .......... .......... .......... .......... .......... 96% 15.5M 0s
 93750K .......... .......... .......... .......... .......... 97% 26.9M 0s
 93800K .......... .......... .......... .......... .......... 97% 33.8M 0s
 93850K .......... .......... .......... .......... .......... 97% 35.8M 0s
 93900K .......... .......... .......... .......... .......... 97% 20.1M 0s
 93950K .......... .......... .......... .......... .......... 97% 22.8M 0s
 94000K .......... .......... .......... .......... .......... 97% 27.4M 0s
 94050K .......... .......... .......... .......... .......... 97% 28.6M 0s
 94100K .......... .......... .......... .......... .......... 97% 28.7M 0s
 94150K .......... .......... .......... .......... .......... 97% 25.9M 0s
 94200K .......... .......... .......... .......... .......... 97% 21.3M 0s
 94250K .......... .......... .......... .......... .......... 97% 32.4M 0s
 94300K .......... .......... .......... .......... .......... 97% 17.7M 0s
 94350K .......... .......... .......... .......... .......... 97% 18.1M 0s
 94400K .......... .......... .......... .......... .......... 97% 36.0M 0s
 94450K .......... .......... .......... .......... .......... 97% 13.0M 0s
 94500K .......... .......... .......... .......... .......... 97% 16.7M 0s
 94550K .......... .......... .......... .......... .......... 97% 17.3M 0s
 94600K .......... .......... .......... .......... .......... 97% 24.9M 0s
 94650K .......... .......... .......... .......... .......... 97% 18.8M 0s
 94700K .......... .......... .......... .......... .......... 98% 14.6M 0s
 94750K .......... .......... .......... .......... .......... 98% 10.3M 0s
 94800K .......... .......... .......... .......... .......... 98% 8.74M 0s
 94850K .......... .......... .......... .......... .......... 98% 9.20M 0s
 94900K .......... .......... .......... .......... .......... 98% 6.47M 0s
 94950K .......... .......... .......... .......... .......... 98% 4.90M 0s
 95000K .......... .......... .......... .......... .......... 98% 6.60M 0s
 95050K .......... .......... .......... .......... .......... 98% 9.02M 0s
 95100K .......... .......... .......... .......... .......... 98% 13.8M 0s
 95150K .......... .......... .......... .......... .......... 98% 19.5M 0s
 95200K .......... .......... .......... .......... .......... 98% 25.8M 0s
 95250K .......... .......... .......... .......... .......... 98% 17.9M 0s
 95300K .......... .......... .......... .......... .......... 98% 26.1M 0s
 95350K .......... .......... .......... .......... .......... 98% 24.2M 0s
 95400K .......... .......... .......... .......... .......... 98% 25.5M 0s
 95450K .......... .......... .......... .......... .......... 98% 21.8M 0s
 95500K .......... .......... .......... .......... .......... 98% 25.8M 0s
 95550K .......... .......... .......... .......... .......... 98% 25.4M 0s
 95600K .......... .......... .......... .......... .......... 98% 28.9M 0s
 95650K .......... .......... .......... .......... .......... 98% 20.9M 0s
 95700K .......... .......... .......... .......... .......... 99% 28.0M 0s
 95750K .......... .......... .......... .......... .......... 99% 25.3M 0s
 95800K .......... .......... .......... .......... .......... 99% 28.4M 0s
 95850K .......... .......... .......... .......... .......... 99% 28.0M 0s
 95900K .......... .......... .......... .......... .......... 99% 21.0M 0s
 95950K .......... .......... .......... .......... .......... 99% 31.8M 0s
 96000K .......... .......... .......... .......... .......... 99% 21.9M 0s
 96050K .......... .......... .......... .......... .......... 99% 24.9M 0s
 96100K .......... .......... .......... .......... .......... 99% 21.3M 0s
 96150K .......... .......... .......... .......... .......... 99% 16.9M 0s
 96200K .......... .......... .......... .......... .......... 99% 23.4M 0s
 96250K .......... .......... .......... .......... .......... 99% 23.7M 0s
 96300K .......... .......... .......... .......... .......... 99% 14.7M 0s
 96350K .......... .......... .......... .......... .......... 99% 20.6M 0s
 96400K .......... .......... .......... .......... .......... 99% 11.9M 0s
 96450K .......... .......... .......... .......... .......... 99% 33.6M 0s
 96500K .......... .......... .......... .......... .......... 99% 12.5M 0s
 96550K .......... .......... .......... .......... .......... 99% 14.5M 0s
 96600K .......... .......... .......... .......... .......... 99% 8.93M 0s
 96650K .......... .......... .......... ..                   100% 10.7M=8.5sNo SAE attached. Saving original activations
  0%|          | 0/37 [00:00<?, ?it/s]  0%|          | 0/37 [00:03<?, ?it/s, Processed data points=256]  3%|▎         | 1/37 [00:03<02:09,  3.61s/it, Processed data points=256]  3%|▎         | 1/37 [00:04<02:09,  3.61s/it, Processed data points=512]  5%|▌         | 2/37 [00:04<01:01,  1.77s/it, Processed data points=512]  5%|▌         | 2/37 [00:04<01:01,  1.77s/it, Processed data points=768]  8%|▊         | 3/37 [00:04<00:40,  1.18s/it, Processed data points=768]  8%|▊         | 3/37 [00:05<00:40,  1.18s/it, Processed data points=1024] 11%|█         | 4/37 [00:05<00:30,  1.08it/s, Processed data points=1024] 11%|█         | 4/37 [00:05<00:30,  1.08it/s, Processed data points=1280] 14%|█▎        | 5/37 [00:05<00:24,  1.30it/s, Processed data points=1280] 14%|█▎        | 5/37 [00:06<00:24,  1.30it/s, Processed data points=1536] 16%|█▌        | 6/37 [00:06<00:20,  1.49it/s, Processed data points=1536] 16%|█▌        | 6/37 [00:06<00:20,  1.49it/s, Processed data points=1792] 19%|█▉        | 7/37 [00:06<00:18,  1.65it/s, Processed data points=1792] 19%|█▉        | 7/37 [00:07<00:18,  1.65it/s, Processed data points=2048] 22%|██▏       | 8/37 [00:07<00:16,  1.72it/s, Processed data points=2048] 22%|██▏       | 8/37 [00:07<00:16,  1.72it/s, Processed data points=2304] 24%|██▍       | 9/37 [00:07<00:15,  1.81it/s, Processed data points=2304] 24%|██▍       | 9/37 [00:08<00:15,  1.81it/s, Processed data points=2560] 27%|██▋       | 10/37 [00:08<00:14,  1.90it/s, Processed data points=2560] 27%|██▋       | 10/37 [00:08<00:14,  1.90it/s, Processed data points=2816] 30%|██▉       | 11/37 [00:08<00:13,  1.95it/s, Processed data points=2816] 30%|██▉       | 11/37 [00:09<00:13,  1.95it/s, Processed data points=3072] 32%|███▏      | 12/37 [00:09<00:12,  1.95it/s, Processed data points=3072] 32%|███▏      | 12/37 [00:09<00:12,  1.95it/s, Processed data points=3328] 35%|███▌      | 13/37 [00:09<00:12,  1.99it/s, Processed data points=3328] 35%|███▌      | 13/37 [00:09<00:12,  1.99it/s, Processed data points=3584] 38%|███▊      | 14/37 [00:09<00:11,  2.02it/s, Processed data points=3584] 38%|███▊      | 14/37 [00:10<00:11,  2.02it/s, Processed data points=3840] 41%|████      | 15/37 [00:10<00:10,  2.04it/s, Processed data points=3840] 41%|████      | 15/37 [00:10<00:10,  2.04it/s, Processed data points=4096] 43%|████▎     | 16/37 [00:10<00:10,  2.00it/s, Processed data points=4096] 43%|████▎     | 16/37 [00:11<00:10,  2.00it/s, Processed data points=4352] 46%|████▌     | 17/37 [00:11<00:09,  2.02it/s, Processed data points=4352] 46%|████▌     | 17/37 [00:11<00:09,  2.02it/s, Processed data points=4608] 49%|████▊     | 18/37 [00:11<00:09,  2.04it/s, Processed data points=4608] 49%|████▊     | 18/37 [00:12<00:09,  2.04it/s, Processed data points=4864] 51%|█████▏    | 19/37 [00:12<00:08,  2.05it/s, Processed data points=4864] 51%|█████▏    | 19/37 [00:12<00:08,  2.05it/s, Processed data points=5120] 54%|█████▍    | 20/37 [00:12<00:08,  2.02it/s, Processed data points=5120] 54%|█████▍    | 20/37 [00:13<00:08,  2.02it/s, Processed data points=5376] 57%|█████▋    | 21/37 [00:13<00:07,  2.04it/s, Processed data points=5376] 57%|█████▋    | 21/37 [00:13<00:07,  2.04it/s, Processed data points=5632] 59%|█████▉    | 22/37 [00:13<00:07,  2.05it/s, Processed data points=5632] 59%|█████▉    | 22/37 [00:14<00:07,  2.05it/s, Processed data points=5888] 62%|██████▏   | 23/37 [00:14<00:06,  2.05it/s, Processed data points=5888] 62%|██████▏   | 23/37 [00:14<00:06,  2.05it/s, Processed data points=6144] 65%|██████▍   | 24/37 [00:14<00:06,  2.02it/s, Processed data points=6144] 65%|██████▍   | 24/37 [00:15<00:06,  2.02it/s, Processed data points=6400] 68%|██████▊   | 25/37 [00:15<00:05,  2.04it/s, Processed data points=6400] 68%|██████▊   | 25/37 [00:15<00:05,  2.04it/s, Processed data points=6656] 70%|███████   | 26/37 [00:15<00:05,  2.05it/s, Processed data points=6656] 70%|███████   | 26/37 [00:16<00:05,  2.05it/s, Processed data points=6912] 73%|███████▎  | 27/37 [00:16<00:04,  2.05it/s, Processed data points=6912] 73%|███████▎  | 27/37 [00:16<00:04,  2.05it/s, Processed data points=7168] 76%|███████▌  | 28/37 [00:16<00:04,  1.98it/s, Processed data points=7168] 76%|███████▌  | 28/37 [00:17<00:04,  1.98it/s, Processed data points=7424] 78%|███████▊  | 29/37 [00:17<00:03,  2.01it/s, Processed data points=7424] 78%|███████▊  | 29/37 [00:17<00:03,  2.01it/s, Processed data points=7680] 81%|████████  | 30/37 [00:17<00:03,  2.02it/s, Processed data points=7680] 81%|████████  | 30/37 [00:18<00:03,  2.02it/s, Processed data points=7936] 84%|████████▍ | 31/37 [00:18<00:02,  2.02it/s, Processed data points=7936] 84%|████████▍ | 31/37 [00:18<00:02,  2.02it/s, Processed data points=8192] 86%|████████▋ | 32/37 [00:18<00:02,  1.98it/s, Processed data points=8192] 86%|████████▋ | 32/37 [00:19<00:02,  1.98it/s, Processed data points=8448] 89%|████████▉ | 33/37 [00:19<00:01,  2.00it/s, Processed data points=8448] 89%|████████▉ | 33/37 [00:19<00:01,  2.00it/s, Processed data points=8704] 92%|█████████▏| 34/37 [00:19<00:01,  2.02it/s, Processed data points=8704] 92%|█████████▏| 34/37 [00:20<00:01,  2.02it/s, Processed data points=8960] 95%|█████████▍| 35/37 [00:20<00:00,  2.03it/s, Processed data points=8960] 95%|█████████▍| 35/37 [00:20<00:00,  2.03it/s, Processed data points=9216] 97%|█████████▋| 36/37 [00:20<00:00,  1.99it/s, Processed data points=9216] 97%|█████████▋| 36/37 [00:21<00:00,  1.99it/s, Processed data points=9469]100%|██████████| 37/37 [00:21<00:00,  2.01it/s, Processed data points=9469]100%|██████████| 37/37 [00:21<00:00,  1.73it/s, Processed data points=9469]
Saved the activations at count 1024 to ./activations_dir/raw/imagenette/train/inat_train_activations_clip-vit-base-patch32_-1_post_projection_part1.pt
Saved the activations at count 2048 to ./activations_dir/raw/imagenette/train/inat_train_activations_clip-vit-base-patch32_-1_post_projection_part2.pt
Saved the activations at count 3072 to ./activations_dir/raw/imagenette/train/inat_train_activations_clip-vit-base-patch32_-1_post_projection_part3.pt
Saved the activations at count 4096 to ./activations_dir/raw/imagenette/train/inat_train_activations_clip-vit-base-patch32_-1_post_projection_part4.pt
Saved the activations at count 5120 to ./activations_dir/raw/imagenette/train/inat_train_activations_clip-vit-base-patch32_-1_post_projection_part5.pt
Saved the activations at count 6144 to ./activations_dir/raw/imagenette/train/inat_train_activations_clip-vit-base-patch32_-1_post_projection_part6.pt
Saved the activations at count 7168 to ./activations_dir/raw/imagenette/train/inat_train_activations_clip-vit-base-patch32_-1_post_projection_part7.pt
Saved the activations at count 8192 to ./activations_dir/raw/imagenette/train/inat_train_activations_clip-vit-base-patch32_-1_post_projection_part8.pt
Saved the activations at count 9216 to ./activations_dir/raw/imagenette/train/inat_train_activations_clip-vit-base-patch32_-1_post_projection_part9.pt
Saved the activations at count 9469 to ./activations_dir/raw/imagenette/train/inat_train_activations_clip-vit-base-patch32_-1_post_projection_part10.pt
No SAE attached. Saving original activations
  0%|          | 0/16 [00:00<?, ?it/s]  0%|          | 0/16 [00:03<?, ?it/s, Processed data points=256]  6%|▋         | 1/16 [00:03<00:53,  3.57s/it, Processed data points=256]  6%|▋         | 1/16 [00:04<00:53,  3.57s/it, Processed data points=512] 12%|█▎        | 2/16 [00:04<00:24,  1.78s/it, Processed data points=512] 12%|█▎        | 2/16 [00:04<00:24,  1.78s/it, Processed data points=768] 19%|█▉        | 3/16 [00:04<00:15,  1.18s/it, Processed data points=768] 19%|█▉        | 3/16 [00:05<00:15,  1.18s/it, Processed data points=1024] 25%|██▌       | 4/16 [00:05<00:11,  1.08it/s, Processed data points=1024] 25%|██▌       | 4/16 [00:05<00:11,  1.08it/s, Processed data points=1280] 31%|███▏      | 5/16 [00:05<00:08,  1.30it/s, Processed data points=1280] 31%|███▏      | 5/16 [00:06<00:08,  1.30it/s, Processed data points=1536] 38%|███▊      | 6/16 [00:06<00:06,  1.48it/s, Processed data points=1536] 38%|███▊      | 6/16 [00:06<00:06,  1.48it/s, Processed data points=1792] 44%|████▍     | 7/16 [00:06<00:05,  1.63it/s, Processed data points=1792] 44%|████▍     | 7/16 [00:07<00:05,  1.63it/s, Processed data points=2048] 50%|█████     | 8/16 [00:07<00:04,  1.72it/s, Processed data points=2048] 50%|█████     | 8/16 [00:07<00:04,  1.72it/s, Processed data points=2304] 56%|█████▋    | 9/16 [00:07<00:03,  1.82it/s, Processed data points=2304] 56%|█████▋    | 9/16 [00:08<00:03,  1.82it/s, Processed data points=2560] 62%|██████▎   | 10/16 [00:08<00:03,  1.88it/s, Processed data points=2560] 62%|██████▎   | 10/16 [00:08<00:03,  1.88it/s, Processed data points=2816] 69%|██████▉   | 11/16 [00:08<00:02,  1.93it/s, Processed data points=2816] 69%|██████▉   | 11/16 [00:09<00:02,  1.93it/s, Processed data points=3072] 75%|███████▌  | 12/16 [00:09<00:02,  1.92it/s, Processed data points=3072] 75%|███████▌  | 12/16 [00:09<00:02,  1.92it/s, Processed data points=3328] 81%|████████▏ | 13/16 [00:09<00:01,  1.96it/s, Processed data points=3328] 81%|████████▏ | 13/16 [00:10<00:01,  1.96it/s, Processed data points=3584] 88%|████████▊ | 14/16 [00:10<00:01,  2.00it/s, Processed data points=3584] 88%|████████▊ | 14/16 [00:10<00:01,  2.00it/s, Processed data points=3840] 94%|█████████▍| 15/16 [00:10<00:00,  2.02it/s, Processed data points=3840] 94%|█████████▍| 15/16 [00:10<00:00,  2.02it/s, Processed data points=3925]100%|██████████| 16/16 [00:10<00:00,  2.54it/s, Processed data points=3925]100%|██████████| 16/16 [00:10<00:00,  1.49it/s, Processed data points=3925]
Saved the activations at count 1024 to ./activations_dir/raw/imagenette/val/inat_val_activations_clip-vit-base-patch32_-1_post_projection_part1.pt
Saved the activations at count 2048 to ./activations_dir/raw/imagenette/val/inat_val_activations_clip-vit-base-patch32_-1_post_projection_part2.pt
Saved the activations at count 3072 to ./activations_dir/raw/imagenette/val/inat_val_activations_clip-vit-base-patch32_-1_post_projection_part3.pt
Saved the activations at count 3925 to ./activations_dir/raw/imagenette/val/inat_val_activations_clip-vit-base-patch32_-1_post_projection_part4.pt
torch.Size([1024, 512])
Calculating norm factor:   0%|          | 0/100 [00:00<?, ?it/s]Calculating norm factor:  10%|█         | 10/100 [00:00<00:00, 137.74it/s]
Average mean squared norm: 113.5859603881836
Norm factor: 10.657670974731445
  0%|          | 0/2000 [00:00<?, ?it/s]wandb: Using wandb-core as the SDK backend.  Please refer to https://wandb.me/wandb-core for more information.
  0%|          | 1/2000 [00:00<14:37,  2.28it/s]  1%|          | 11/2000 [00:00<01:16, 26.02it/s]  1%|          | 24/2000 [00:00<00:37, 52.20it/s]  2%|▏         | 37/2000 [00:00<00:27, 72.14it/s]  2%|▎         | 50/2000 [00:00<00:22, 85.96it/s]  3%|▎         | 61/2000 [00:00<00:22, 86.79it/s]  4%|▎         | 74/2000 [00:01<00:19, 96.58it/s]  4%|▍         | 87/2000 [00:01<00:18, 103.63it/s]  5%|▌         | 100/2000 [00:01<00:17, 110.02it/s]wandb: Currently logged in as: eastfire1213 (eastfire1213-seoul-national-university). Use `wandb login --relogin` to force relogin
  6%|▌         | 112/2000 [00:01<00:18, 104.42it/s]  6%|▋         | 125/2000 [00:01<00:16, 111.04it/s]  7%|▋         | 138/2000 [00:01<00:16, 115.77it/s]  8%|▊         | 151/2000 [00:01<00:16, 109.61it/s]  8%|▊         | 164/2000 [00:01<00:15, 114.88it/s]  9%|▉         | 177/2000 [00:01<00:15, 118.50it/s] 10%|▉         | 191/2000 [00:02<00:14, 122.72it/s] 10%|█         | 204/2000 [00:02<00:15, 112.66it/s] 11%|█         | 217/2000 [00:02<00:15, 117.18it/s] 12%|█▏        | 231/2000 [00:02<00:14, 121.93it/s] 12%|█▏        | 244/2000 [00:02<00:14, 124.15it/s] 13%|█▎        | 257/2000 [00:02<00:15, 113.86it/s] 14%|█▎        | 271/2000 [00:02<00:14, 119.29it/s]wandb: Tracking run with wandb version 0.18.7
wandb: Run data is saved locally in /workspace/sae-for-vlm/wandb/run-20260930_105234-prve6wa7
wandb: Run `wandb offline` to turn off syncing.
wandb: Syncing run imagenette_clip-vit-base-patch32_post_projection_matryoshka_x8_k20_trainer_0
wandb: ⭐️ View project at https://wandb.ai/eastfire1213-seoul-national-university/sae-for-vlm
wandb: 🚀 View run at https://wandb.ai/eastfire1213-seoul-national-university/sae-for-vlm/runs/prve6wa7
 14%|█▍        | 284/2000 [00:02<00:14, 122.18it/s] 15%|█▍        | 297/2000 [00:02<00:13, 124.11it/s] 16%|█▌        | 310/2000 [00:03<00:14, 114.91it/s] 16%|█▌        | 323/2000 [00:03<00:14, 118.95it/s] 17%|█▋        | 336/2000 [00:03<00:13, 121.85it/s] 17%|█▋        | 349/2000 [00:03<00:13, 123.35it/s] 18%|█▊        | 362/2000 [00:03<00:14, 113.16it/s] 19%|█▉        | 375/2000 [00:03<00:13, 116.99it/s] 19%|█▉        | 388/2000 [00:03<00:13, 119.99it/s] 20%|██        | 401/2000 [00:03<00:14, 111.20it/s] 21%|██        | 414/2000 [00:03<00:13, 115.17it/s] 21%|██▏       | 427/2000 [00:04<00:13, 118.80it/s] 22%|██▏       | 441/2000 [00:04<00:12, 122.50it/s] 23%|██▎       | 454/2000 [00:04<00:13, 111.73it/s] 23%|██▎       | 467/2000 [00:04<00:13, 115.96it/s] 24%|██▍       | 481/2000 [00:04<00:12, 120.11it/s] 25%|██▍       | 494/2000 [00:04<00:12, 122.11it/s] 25%|██▌       | 507/2000 [00:04<00:13, 112.65it/s] 26%|██▌       | 521/2000 [00:04<00:12, 117.98it/s] 27%|██▋       | 534/2000 [00:04<00:12, 120.51it/s] 27%|██▋       | 547/2000 [00:05<00:11, 122.89it/s] 28%|██▊       | 560/2000 [00:05<00:12, 114.30it/s] 29%|██▊       | 573/2000 [00:05<00:12, 118.30it/s] 29%|██▉       | 586/2000 [00:05<00:11, 121.37it/s] 30%|██▉       | 599/2000 [00:05<00:11, 123.54it/s] 31%|███       | 612/2000 [00:05<00:12, 113.71it/s] 31%|███▏      | 625/2000 [00:05<00:11, 118.07it/s] 32%|███▏      | 638/2000 [00:05<00:11, 120.73it/s] 33%|███▎      | 651/2000 [00:05<00:12, 112.39it/s] 33%|███▎      | 665/2000 [00:06<00:11, 117.38it/s] 34%|███▍      | 678/2000 [00:06<00:10, 120.60it/s] 35%|███▍      | 692/2000 [00:06<00:10, 124.05it/s] 35%|███▌      | 705/2000 [00:06<00:11, 114.19it/s] 36%|███▌      | 719/2000 [00:06<00:10, 118.71it/s] 37%|███▋      | 733/2000 [00:06<00:10, 122.69it/s] 37%|███▋      | 746/2000 [00:06<00:10, 124.65it/s] 38%|███▊      | 759/2000 [00:06<00:10, 114.14it/s] 39%|███▊      | 773/2000 [00:06<00:10, 119.05it/s] 39%|███▉      | 786/2000 [00:07<00:09, 121.97it/s] 40%|███▉      | 799/2000 [00:07<00:09, 124.16it/s] 41%|████      | 812/2000 [00:07<00:10, 113.56it/s] 41%|████▏     | 825/2000 [00:07<00:10, 116.27it/s] 42%|████▏     | 837/2000 [00:07<00:10, 115.69it/s] 42%|████▎     | 850/2000 [00:07<00:09, 118.62it/s] 43%|████▎     | 862/2000 [00:07<00:10, 108.80it/s] 44%|████▍     | 875/2000 [00:07<00:09, 113.79it/s] 44%|████▍     | 888/2000 [00:07<00:09, 116.73it/s] 45%|████▌     | 901/2000 [00:08<00:14, 77.22it/s]  46%|████▌     | 914/2000 [00:08<00:12, 87.63it/s] 46%|████▋     | 927/2000 [00:08<00:11, 97.04it/s] 47%|████▋     | 941/2000 [00:08<00:10, 105.54it/s] 48%|████▊     | 953/2000 [00:08<00:10, 100.63it/s] 48%|████▊     | 966/2000 [00:08<00:09, 107.77it/s] 49%|████▉     | 979/2000 [00:08<00:09, 113.17it/s] 50%|████▉     | 993/2000 [00:09<00:08, 118.37it/s] 50%|█████     | 1006/2000 [00:09<00:10, 92.04it/s] 51%|█████     | 1019/2000 [00:09<00:09, 98.96it/s] 52%|█████▏    | 1032/2000 [00:09<00:09, 106.17it/s] 52%|█████▏    | 1045/2000 [00:09<00:08, 110.38it/s] 53%|█████▎    | 1057/2000 [00:09<00:09, 103.39it/s] 54%|█████▎    | 1070/2000 [00:09<00:08, 109.46it/s] 54%|█████▍    | 1083/2000 [00:09<00:08, 112.73it/s] 55%|█████▍    | 1096/2000 [00:10<00:07, 115.82it/s] 55%|█████▌    | 1108/2000 [00:10<00:08, 107.35it/s] 56%|█████▌    | 1121/2000 [00:10<00:07, 112.97it/s] 57%|█████▋    | 1134/2000 [00:10<00:07, 115.27it/s] 57%|█████▋    | 1147/2000 [00:10<00:07, 117.82it/s] 58%|█████▊    | 1159/2000 [00:10<00:07, 108.12it/s] 59%|█████▊    | 1172/2000 [00:10<00:07, 113.40it/s] 59%|█████▉    | 1185/2000 [00:10<00:07, 116.04it/s] 60%|█████▉    | 1198/2000 [00:10<00:06, 118.21it/s] 60%|██████    | 1210/2000 [00:11<00:07, 106.66it/s] 61%|██████    | 1223/2000 [00:11<00:07, 110.57it/s] 62%|██████▏   | 1236/2000 [00:11<00:06, 114.39it/s] 62%|██████▏   | 1249/2000 [00:11<00:06, 117.61it/s] 63%|██████▎   | 1261/2000 [00:11<00:06, 109.79it/s] 64%|██████▎   | 1274/2000 [00:11<00:06, 113.80it/s] 64%|██████▍   | 1287/2000 [00:11<00:06, 117.15it/s] 65%|██████▌   | 1300/2000 [00:11<00:05, 120.51it/s] 66%|██████▌   | 1313/2000 [00:11<00:06, 110.81it/s] 66%|██████▋   | 1326/2000 [00:12<00:05, 114.96it/s] 67%|██████▋   | 1339/2000 [00:12<00:05, 117.55it/s] 68%|██████▊   | 1351/2000 [00:12<00:05, 109.38it/s] 68%|██████▊   | 1364/2000 [00:12<00:05, 113.73it/s] 69%|██████▉   | 1377/2000 [00:12<00:05, 117.00it/s] 70%|██████▉   | 1391/2000 [00:12<00:05, 120.70it/s] 70%|███████   | 1404/2000 [00:12<00:05, 111.25it/s] 71%|███████   | 1417/2000 [00:12<00:05, 115.10it/s] 72%|███████▏  | 1430/2000 [00:12<00:04, 118.85it/s] 72%|███████▏  | 1443/2000 [00:13<00:04, 120.64it/s] 73%|███████▎  | 1456/2000 [00:13<00:04, 111.05it/s] 73%|███████▎  | 1469/2000 [00:13<00:04, 114.88it/s] 74%|███████▍  | 1482/2000 [00:13<00:04, 118.79it/s] 75%|███████▍  | 1495/2000 [00:13<00:04, 120.84it/s] 75%|███████▌  | 1508/2000 [00:13<00:04, 110.65it/s] 76%|███████▌  | 1521/2000 [00:13<00:04, 115.64it/s] 77%|███████▋  | 1534/2000 [00:13<00:03, 118.29it/s] 77%|███████▋  | 1547/2000 [00:13<00:03, 120.39it/s] 78%|███████▊  | 1560/2000 [00:14<00:03, 111.68it/s] 79%|███████▊  | 1573/2000 [00:14<00:03, 115.10it/s] 79%|███████▉  | 1586/2000 [00:14<00:03, 117.50it/s] 80%|███████▉  | 1599/2000 [00:14<00:03, 118.98it/s] 81%|████████  | 1612/2000 [00:14<00:03, 109.83it/s] 81%|████████▏ | 1625/2000 [00:14<00:03, 113.70it/s] 82%|████████▏ | 1638/2000 [00:14<00:03, 116.34it/s] 83%|████████▎ | 1651/2000 [00:14<00:03, 107.00it/s] 83%|████████▎ | 1664/2000 [00:14<00:03, 111.15it/s] 84%|████████▍ | 1677/2000 [00:15<00:02, 114.09it/s] 84%|████████▍ | 1690/2000 [00:15<00:02, 117.62it/s] 85%|████████▌ | 1702/2000 [00:15<00:02, 107.26it/s] 86%|████████▌ | 1715/2000 [00:15<00:02, 111.80it/s] 86%|████████▋ | 1728/2000 [00:15<00:02, 114.95it/s] 87%|████████▋ | 1741/2000 [00:15<00:02, 118.31it/s] 88%|████████▊ | 1753/2000 [00:15<00:02, 109.06it/s] 88%|████████▊ | 1766/2000 [00:15<00:02, 112.89it/s] 89%|████████▉ | 1779/2000 [00:15<00:01, 116.40it/s] 90%|████████▉ | 1792/2000 [00:16<00:01, 119.92it/s] 90%|█████████ | 1805/2000 [00:16<00:01, 110.80it/s] 91%|█████████ | 1818/2000 [00:16<00:01, 114.44it/s] 92%|█████████▏| 1831/2000 [00:16<00:01, 118.61it/s] 92%|█████████▏| 1844/2000 [00:16<00:01, 120.51it/s] 93%|█████████▎| 1857/2000 [00:16<00:01, 110.96it/s] 94%|█████████▎| 1870/2000 [00:16<00:01, 115.86it/s] 94%|█████████▍| 1883/2000 [00:16<00:00, 118.60it/s] 95%|█████████▍| 1896/2000 [00:16<00:00, 119.85it/s] 95%|█████████▌| 1909/2000 [00:17<00:00, 110.20it/s] 96%|█████████▌| 1922/2000 [00:17<00:00, 114.99it/s] 97%|█████████▋| 1935/2000 [00:17<00:00, 117.27it/s] 97%|█████████▋| 1948/2000 [00:17<00:00, 119.25it/s] 98%|█████████▊| 1961/2000 [00:17<00:00, 110.81it/s] 99%|█████████▊| 1974/2000 [00:17<00:00, 114.22it/s] 99%|█████████▉| 1987/2000 [00:17<00:00, 116.86it/s]100%|██████████| 2000/2000 [00:17<00:00, 119.80it/s]100%|██████████| 2000/2000 [00:17<00:00, 111.74it/s]
wandb: - 0.009 MB of 0.009 MB uploadedwandb: \ 0.012 MB of 0.012 MB uploadedwandb: | 0.012 MB of 0.012 MB uploadedwandb:                                                                                
wandb: 
wandb: Run history:
wandb:                                   auxk_loss ▁▁▁▁▁▁▁▁▁▁▁▁▁▁▁▁▁▁▁▁▁▁▁▁▁▁▁▁▁▁▁▁▁▁▁▁▁▁▁▁
wandb:                               dead_features ▁▁▁▁▁▁▁▁▁▁▁▁▁▁▁▁▁▁▁▁▁▁▁▁▁▁▁▁▁▁▁▁▁▁▁▁▁▁▁▁
wandb:                                effective_l0 ▁▁▁▁▁▁▁▁▁▁▁▁▁▁▁▁▁▁▁▁▁▁▁▁▁▁▁▁▁▁▁▁▁▁▁▁▁▁▁▁
wandb:                     frac_variance_explained ▁▃▃▄▅▅▆▆▆▆▇▇▇▇▇▇▇▇▇▇████████████████████
wandb:                                          l0 ▁▁▁▁▁▁▁▁▁▁▁▁▁▁▁▁▁▁▁▁▁▁▁▁▁▁▁▁▁▁▁▁▁▁▁▁▁▁▁▁
wandb:                                     l2_loss █▄▄▄▃▃▂▂▂▂▂▂▂▁▁▁▁▁▁▁▁▁▁▁▁▁▁▁▁▁▁▁▁▁▁▁▁▁▁▁
wandb:                                        loss █▄▄▄▃▃▂▂▂▂▂▂▂▁▁▁▁▁▁▁▁▁▁▁▁▁▁▁▁▁▁▁▁▁▁▁▁▁▁▁
wandb:                                          lr ▁▁▂▂▂▃▃▃▄▄▅▅▅▆▆▆▇▇▇█████████████████████
wandb:                                 max_l2_loss █▄▄▄▃▃▂▂▂▂▂▂▁▁▁▁▁▁▁▁▁▁▁▁▁▁▁▁▁▁▁▁▁▁▁▁▁▁▁▁
wandb:                                 min_l2_loss █▄▄▃▃▃▂▂▂▂▂▂▂▂▂▁▁▁▁▁▁▁▁▁▁▁▁▁▁▁▁▁▁▁▁▁▁▁▁▁
wandb:                          pre_norm_auxk_loss ▁▁▁▁▁▁▁▁▁▁▁▁▁▁▁▁▁▁▁▁▁▁▁▁▁▁▁▁▁▁▁▁▁▁▁▁▁▁▁▁
wandb: val_threshold_false/frac_variance_explained ▁▄▄▄▅▆▆▆▇▇▇▇▇▇▇█████████████████████████
wandb:       val_threshold_false/reconstruction_l2 █▄▃▃▃▂▂▂▂▂▁▁▁▁▁▁▁▁▁▁▁▁▁▁▁▁▁▁▁▁▁▁▁▁▁▁▁▁▁▁
wandb:             val_threshold_false/sparsity_l0 ▁▁▁▁▁▁▁▁▁▁▁▁▁▁▁▁▁▁▁▁▁▁▁▁▁▁▁▁▁▁▁▁▁▁▁▁▁▁▁▁
wandb:  val_threshold_true/frac_variance_explained ▁▂▂▂▂▂▃▄▄▄▄▄▅▅▅▅▅▆▆▆▆███████████████████
wandb:        val_threshold_true/reconstruction_l2 █▄▄▄▄▄▄▃▃▃▃▃▃▂▂▂▂▂▂▂▂▁▁▁▁▁▁▁▁▁▁▁▁▁▁▁▁▁▁▁
wandb:              val_threshold_true/sparsity_l0 █████▇▇▇▇▆▆▆▆▆▆▅▅▅▅▅▅▁▁▁▁▁▁▁▁▁▁▁▁▁▁▁▁▁▁▁
wandb: 
wandb: Run summary:
wandb:                                   auxk_loss 0
wandb:                               dead_features 0
wandb:                                effective_l0 20
wandb:                     frac_variance_explained 0.88461
wandb:                                          l0 20
wandb:                                     l2_loss 0.02294
wandb:                                        loss 0.02294
wandb:                                          lr 0.0004
wandb:                                 max_l2_loss 0.03261
wandb:                                 min_l2_loss 0.0138
wandb:                          pre_norm_auxk_loss -1
wandb: val_threshold_false/frac_variance_explained 0.69628
wandb:       val_threshold_false/reconstruction_l2 0.12758
wandb:             val_threshold_false/sparsity_l0 20
wandb:  val_threshold_true/frac_variance_explained 0.69955
wandb:        val_threshold_true/reconstruction_l2 0.12616
wandb:              val_threshold_true/sparsity_l0 27.79094
wandb: 
wandb: 🚀 View run imagenette_clip-vit-base-patch32_post_projection_matryoshka_x8_k20_trainer_0 at: https://wandb.ai/eastfire1213-seoul-national-university/sae-for-vlm/runs/prve6wa7
wandb: ⭐️ View project at: https://wandb.ai/eastfire1213-seoul-national-university/sae-for-vlm
wandb: Synced 4 W&B file(s), 0 media file(s), 3 artifact file(s) and 0 other file(s)
wandb: Find logs at: ./wandb/run-20260930_105234-prve6wa7/logs
Attached SAE from ./checkpoints_dir/imagenette/train_matroyshka_batch_top_k_20_x8/trainer_0/ae.pt
  0%|          | 0/37 [00:00<?, ?it/s]  0%|          | 0/37 [00:08<?, ?it/s, Processed data points=256]  3%|▎         | 1/37 [00:08<04:50,  8.08s/it, Processed data points=256]  3%|▎         | 1/37 [00:08<04:50,  8.08s/it, Processed data points=512]  5%|▌         | 2/37 [00:08<02:07,  3.65s/it, Processed data points=512]  5%|▌         | 2/37 [00:09<02:07,  3.65s/it, Processed data points=768]  8%|▊         | 3/37 [00:09<01:15,  2.23s/it, Processed data points=768]  8%|▊         | 3/37 [00:09<01:15,  2.23s/it, Processed data points=1024] 11%|█         | 4/37 [00:09<00:53,  1.62s/it, Processed data points=1024] 11%|█         | 4/37 [00:10<00:53,  1.62s/it, Processed data points=1280] 14%|█▎        | 5/37 [00:10<00:39,  1.22s/it, Processed data points=1280] 14%|█▎        | 5/37 [00:10<00:39,  1.22s/it, Processed data points=1536] 16%|█▌        | 6/37 [00:10<00:30,  1.00it/s, Processed data points=1536] 16%|█▌        | 6/37 [00:11<00:30,  1.00it/s, Processed data points=1792] 19%|█▉        | 7/37 [00:11<00:25,  1.18it/s, Processed data points=1792] 19%|█▉        | 7/37 [00:12<00:25,  1.18it/s, Processed data points=2048] 22%|██▏       | 8/37 [00:12<00:22,  1.26it/s, Processed data points=2048] 22%|██▏       | 8/37 [00:13<00:22,  1.26it/s, Processed data points=2304] 24%|██▍       | 9/37 [00:13<00:26,  1.04it/s, Processed data points=2304] 24%|██▍       | 9/37 [00:14<00:26,  1.04it/s, Processed data points=2560] 27%|██▋       | 10/37 [00:14<00:22,  1.18it/s, Processed data points=2560] 27%|██▋       | 10/37 [00:14<00:22,  1.18it/s, Processed data points=2816] 30%|██▉       | 11/37 [00:14<00:19,  1.32it/s, Processed data points=2816] 30%|██▉       | 11/37 [00:15<00:19,  1.32it/s, Processed data points=3072] 32%|███▏      | 12/37 [00:15<00:18,  1.34it/s, Processed data points=3072] 32%|███▏      | 12/37 [00:15<00:18,  1.34it/s, Processed data points=3328] 35%|███▌      | 13/37 [00:15<00:16,  1.47it/s, Processed data points=3328] 35%|███▌      | 13/37 [00:16<00:16,  1.47it/s, Processed data points=3584] 38%|███▊      | 14/37 [00:16<00:14,  1.56it/s, Processed data points=3584] 38%|███▊      | 14/37 [00:16<00:14,  1.56it/s, Processed data points=3840] 41%|████      | 15/37 [00:16<00:13,  1.63it/s, Processed data points=3840] 41%|████      | 15/37 [00:17<00:13,  1.63it/s, Processed data points=4096] 43%|████▎     | 16/37 [00:17<00:13,  1.52it/s, Processed data points=4096] 43%|████▎     | 16/37 [00:18<00:13,  1.52it/s, Processed data points=4352] 46%|████▌     | 17/37 [00:18<00:12,  1.61it/s, Processed data points=4352] 46%|████▌     | 17/37 [00:18<00:12,  1.61it/s, Processed data points=4608] 49%|████▊     | 18/37 [00:18<00:11,  1.63it/s, Processed data points=4608] 49%|████▊     | 18/37 [00:19<00:11,  1.63it/s, Processed data points=4864] 51%|█████▏    | 19/37 [00:19<00:10,  1.67it/s, Processed data points=4864] 51%|█████▏    | 19/37 [00:19<00:10,  1.67it/s, Processed data points=5120] 54%|█████▍    | 20/37 [00:20<00:11,  1.52it/s, Processed data points=5120] 54%|█████▍    | 20/37 [00:20<00:11,  1.52it/s, Processed data points=5376] 57%|█████▋    | 21/37 [00:20<00:10,  1.60it/s, Processed data points=5376] 57%|█████▋    | 21/37 [00:21<00:10,  1.60it/s, Processed data points=5632] 59%|█████▉    | 22/37 [00:21<00:09,  1.66it/s, Processed data points=5632] 59%|█████▉    | 22/37 [00:21<00:09,  1.66it/s, Processed data points=5888] 62%|██████▏   | 23/37 [00:21<00:08,  1.71it/s, Processed data points=5888] 62%|██████▏   | 23/37 [00:22<00:08,  1.71it/s, Processed data points=6144] 65%|██████▍   | 24/37 [00:22<00:08,  1.50it/s, Processed data points=6144] 65%|██████▍   | 24/37 [00:23<00:08,  1.50it/s, Processed data points=6400] 68%|██████▊   | 25/37 [00:23<00:07,  1.62it/s, Processed data points=6400] 68%|██████▊   | 25/37 [00:23<00:07,  1.62it/s, Processed data points=6656] 70%|███████   | 26/37 [00:23<00:06,  1.72it/s, Processed data points=6656] 70%|███████   | 26/37 [00:24<00:06,  1.72it/s, Processed data points=6912] 73%|███████▎  | 27/37 [00:24<00:05,  1.80it/s, Processed data points=6912] 73%|███████▎  | 27/37 [00:24<00:05,  1.80it/s, Processed data points=7168] 76%|███████▌  | 28/37 [00:24<00:05,  1.80it/s, Processed data points=7168] 76%|███████▌  | 28/37 [00:25<00:05,  1.80it/s, Processed data points=7424] 78%|███████▊  | 29/37 [00:25<00:04,  1.87it/s, Processed data points=7424] 78%|███████▊  | 29/37 [00:25<00:04,  1.87it/s, Processed data points=7680] 81%|████████  | 30/37 [00:25<00:03,  1.91it/s, Processed data points=7680] 81%|████████  | 30/37 [00:26<00:03,  1.91it/s, Processed data points=7936] 84%|████████▍ | 31/37 [00:26<00:03,  1.95it/s, Processed data points=7936] 84%|████████▍ | 31/37 [00:26<00:03,  1.95it/s, Processed data points=8192] 86%|████████▋ | 32/37 [00:26<00:02,  1.89it/s, Processed data points=8192] 86%|████████▋ | 32/37 [00:27<00:02,  1.89it/s, Processed data points=8448] 89%|████████▉ | 33/37 [00:27<00:02,  1.93it/s, Processed data points=8448] 89%|████████▉ | 33/37 [00:27<00:02,  1.93it/s, Processed data points=8704] 92%|█████████▏| 34/37 [00:27<00:01,  1.96it/s, Processed data points=8704] 92%|█████████▏| 34/37 [00:28<00:01,  1.96it/s, Processed data points=8960] 95%|█████████▍| 35/37 [00:28<00:01,  1.98it/s, Processed data points=8960] 95%|█████████▍| 35/37 [00:28<00:01,  1.98it/s, Processed data points=9216] 97%|█████████▋| 36/37 [00:29<00:00,  1.71it/s, Processed data points=9216] 97%|█████████▋| 36/37 [00:29<00:00,  1.71it/s, Processed data points=9469]100%|██████████| 37/37 [00:29<00:00,  1.81it/s, Processed data points=9469]100%|██████████| 37/37 [00:29<00:00,  1.25it/s, Processed data points=9469]
Saved the activations at count 1024 to ./activations_dir/matroyshka_batch_top_k_20_x8/imagenette_train/inat_train_activations_clip-vit-base-patch32_-1_post_projection_part1.pt
Saved the activations at count 2048 to ./activations_dir/matroyshka_batch_top_k_20_x8/imagenette_train/inat_train_activations_clip-vit-base-patch32_-1_post_projection_part2.pt
Saved the activations at count 3072 to ./activations_dir/matroyshka_batch_top_k_20_x8/imagenette_train/inat_train_activations_clip-vit-base-patch32_-1_post_projection_part3.pt
Saved the activations at count 4096 to ./activations_dir/matroyshka_batch_top_k_20_x8/imagenette_train/inat_train_activations_clip-vit-base-patch32_-1_post_projection_part4.pt
Saved the activations at count 5120 to ./activations_dir/matroyshka_batch_top_k_20_x8/imagenette_train/inat_train_activations_clip-vit-base-patch32_-1_post_projection_part5.pt
Saved the activations at count 6144 to ./activations_dir/matroyshka_batch_top_k_20_x8/imagenette_train/inat_train_activations_clip-vit-base-patch32_-1_post_projection_part6.pt
Saved the activations at count 7168 to ./activations_dir/matroyshka_batch_top_k_20_x8/imagenette_train/inat_train_activations_clip-vit-base-patch32_-1_post_projection_part7.pt
Saved the activations at count 8192 to ./activations_dir/matroyshka_batch_top_k_20_x8/imagenette_train/inat_train_activations_clip-vit-base-patch32_-1_post_projection_part8.pt
Saved the activations at count 9216 to ./activations_dir/matroyshka_batch_top_k_20_x8/imagenette_train/inat_train_activations_clip-vit-base-patch32_-1_post_projection_part9.pt
Saved the activations at count 9469 to ./activations_dir/matroyshka_batch_top_k_20_x8/imagenette_train/inat_train_activations_clip-vit-base-patch32_-1_post_projection_part10.pt
Computing HAI indices
Loading activations from ./activations_dir/matroyshka_batch_top_k_20_x8/imagenette_train
Dataset loaded. Total samples: 9469
Number of neurons detected: 4096
Processing 5 chunks of 1000 neurons each...
  0%|          | 0/5 [00:00<?, ?it/s] 20%|██        | 1/5 [00:01<00:06,  1.67s/it] 40%|████      | 2/5 [00:03<00:04,  1.53s/it] 60%|██████    | 3/5 [00:04<00:03,  1.65s/it] 80%|████████  | 4/5 [00:06<00:01,  1.58s/it]100%|██████████| 5/5 [00:07<00:00,  1.50s/it]100%|██████████| 5/5 [00:07<00:00,  1.54s/it]
hai_indices.shape(): (4096, 16)
Saved HAI indices to: ./activations_dir/matroyshka_batch_top_k_20_x8/imagenette_train/hai_indices_16
Saved worst HAI indices to: ./activations_dir/matroyshka_batch_top_k_20_x8/imagenette_train/hai_indices_16_worst
Loaded HAI indices found at ./activations_dir/matroyshka_batch_top_k_20_x8/imagenette_train/hai_indices_16.npy
Visualizing group 0:   0%|          | 0/256 [00:00<?, ?it/s]Visualizing group 0:   0%|          | 1/256 [00:00<01:39,  2.55it/s]Visualizing group 0:   1%|          | 2/256 [00:00<01:03,  3.98it/s]Visualizing group 0:   1%|          | 3/256 [00:00<00:51,  4.91it/s]Visualizing group 0:   2%|▏         | 4/256 [00:00<00:47,  5.35it/s]Visualizing group 0:   2%|▏         | 5/256 [00:01<00:43,  5.78it/s]Visualizing group 0:   2%|▏         | 6/256 [00:01<00:41,  6.02it/s]Visualizing group 0:   3%|▎         | 7/256 [00:01<00:40,  6.08it/s]Visualizing group 0:   3%|▎         | 8/256 [00:01<00:39,  6.25it/s]Visualizing group 0:   4%|▎         | 9/256 [00:01<00:39,  6.22it/s]Visualizing group 0:   4%|▍         | 10/256 [00:01<00:39,  6.17it/s]Visualizing group 0:   4%|▍         | 11/256 [00:01<00:39,  6.22it/s]Visualizing group 0:   5%|▍         | 12/256 [00:02<00:38,  6.39it/s]Visualizing group 0:   5%|▌         | 13/256 [00:02<00:37,  6.49it/s]Visualizing group 0:   5%|▌         | 14/256 [00:02<00:37,  6.53it/s]Visualizing group 0:   6%|▌         | 15/256 [00:02<00:36,  6.63it/s]Visualizing group 0:   6%|▋         | 16/256 [00:02<00:36,  6.66it/s]Visualizing group 0:   7%|▋         | 17/256 [00:02<00:36,  6.60it/s]Visualizing group 0:   7%|▋         | 18/256 [00:02<00:35,  6.70it/s]Visualizing group 0:   7%|▋         | 19/256 [00:03<00:36,  6.54it/s]Visualizing group 0:   8%|▊         | 20/256 [00:03<00:35,  6.72it/s]Visualizing group 0:   8%|▊         | 21/256 [00:03<00:36,  6.52it/s]Visualizing group 0:   9%|▊         | 22/256 [00:03<00:34,  6.72it/s]Visualizing group 0:   9%|▉         | 23/256 [00:03<00:35,  6.57it/s]Visualizing group 0:   9%|▉         | 24/256 [00:03<00:34,  6.69it/s]Visualizing group 0:  10%|▉         | 25/256 [00:04<00:35,  6.55it/s]Visualizing group 0:  10%|█         | 26/256 [00:04<00:35,  6.49it/s]Visualizing group 0:  11%|█         | 27/256 [00:04<00:33,  6.75it/s]Visualizing group 0:  11%|█         | 28/256 [00:04<00:34,  6.64it/s]Visualizing group 0:  11%|█▏        | 29/256 [00:04<00:34,  6.56it/s]Visualizing group 0:  12%|█▏        | 30/256 [00:04<00:34,  6.57it/s]Visualizing group 0:  12%|█▏        | 31/256 [00:04<00:34,  6.57it/s]Visualizing group 0:  12%|█▎        | 32/256 [00:05<00:34,  6.56it/s]Visualizing group 0:  13%|█▎        | 33/256 [00:05<00:31,  7.06it/s]Visualizing group 0:  13%|█▎        | 34/256 [00:05<00:31,  7.11it/s]Visualizing group 0:  14%|█▎        | 35/256 [00:05<00:31,  7.07it/s]Visualizing group 0:  14%|█▍        | 36/256 [00:05<00:31,  7.06it/s]Visualizing group 0:  14%|█▍        | 37/256 [00:05<00:30,  7.08it/s]Visualizing group 0:  15%|█▍        | 38/256 [00:05<00:31,  6.95it/s]Visualizing group 0:  15%|█▌        | 39/256 [00:06<00:32,  6.75it/s]Visualizing group 0:  16%|█▌        | 40/256 [00:06<00:32,  6.55it/s]Visualizing group 0:  16%|█▌        | 41/256 [00:06<00:33,  6.49it/s]Visualizing group 0:  16%|█▋        | 42/256 [00:06<00:33,  6.38it/s]Visualizing group 0:  17%|█▋        | 43/256 [00:06<00:33,  6.42it/s]Visualizing group 0:  17%|█▋        | 44/256 [00:06<00:33,  6.39it/s]Visualizing group 0:  18%|█▊        | 45/256 [00:07<00:33,  6.39it/s]Visualizing group 0:  18%|█▊        | 46/256 [00:07<00:32,  6.53it/s]Visualizing group 0:  18%|█▊        | 47/256 [00:07<00:32,  6.48it/s]Visualizing group 0:  19%|█▉        | 48/256 [00:07<00:31,  6.54it/s]Visualizing group 0:  19%|█▉        | 49/256 [00:07<00:31,  6.55it/s]Visualizing group 0:  20%|█▉        | 50/256 [00:07<00:30,  6.86it/s]Visualizing group 0:  20%|█▉        | 51/256 [00:07<00:31,  6.50it/s]Visualizing group 0:  20%|██        | 52/256 [00:08<00:30,  6.60it/s]Visualizing group 0:  21%|██        | 53/256 [00:08<00:30,  6.59it/s]Visualizing group 0:  21%|██        | 54/256 [00:08<00:30,  6.59it/s]Visualizing group 0:  21%|██▏       | 55/256 [00:08<00:29,  6.76it/s]Visualizing group 0:  22%|██▏       | 56/256 [00:08<00:29,  6.73it/s]Visualizing group 0:  22%|██▏       | 57/256 [00:08<00:30,  6.44it/s]Visualizing group 0:  23%|██▎       | 58/256 [00:09<00:32,  6.17it/s]Visualizing group 0:  23%|██▎       | 59/256 [00:09<00:31,  6.19it/s]Visualizing group 0:  23%|██▎       | 60/256 [00:09<00:30,  6.44it/s]Visualizing group 0:  24%|██▍       | 61/256 [00:09<00:30,  6.43it/s]Visualizing group 0:  24%|██▍       | 62/256 [00:09<00:29,  6.47it/s]Visualizing group 0:  25%|██▍       | 63/256 [00:09<00:29,  6.56it/s]Visualizing group 0:  25%|██▌       | 64/256 [00:09<00:29,  6.58it/s]Visualizing group 0:  25%|██▌       | 65/256 [00:10<00:30,  6.35it/s]Visualizing group 0:  26%|██▌       | 66/256 [00:10<00:30,  6.19it/s]Visualizing group 0:  26%|██▌       | 67/256 [00:10<00:30,  6.19it/s]Visualizing group 0:  27%|██▋       | 68/256 [00:10<00:30,  6.25it/s]Visualizing group 0:  27%|██▋       | 69/256 [00:10<00:29,  6.41it/s]Visualizing group 0:  27%|██▋       | 70/256 [00:10<00:28,  6.64it/s]Visualizing group 0:  28%|██▊       | 71/256 [00:11<00:27,  6.62it/s]Visualizing group 0:  28%|██▊       | 72/256 [00:11<00:27,  6.66it/s]Visualizing group 0:  29%|██▊       | 73/256 [00:11<00:27,  6.57it/s]Visualizing group 0:  29%|██▉       | 74/256 [00:11<00:27,  6.61it/s]Visualizing group 0:  29%|██▉       | 75/256 [00:11<00:28,  6.46it/s]Visualizing group 0:  30%|██▉       | 76/256 [00:11<00:28,  6.23it/s]Visualizing group 0:  30%|███       | 77/256 [00:12<00:28,  6.31it/s]Visualizing group 0:  30%|███       | 78/256 [00:12<00:28,  6.23it/s]Visualizing group 0:  31%|███       | 79/256 [00:12<00:28,  6.21it/s]Visualizing group 0:  31%|███▏      | 80/256 [00:12<00:28,  6.16it/s]Visualizing group 0:  32%|███▏      | 81/256 [00:12<00:28,  6.20it/s]Visualizing group 0:  32%|███▏      | 82/256 [00:12<00:27,  6.30it/s]Visualizing group 0:  32%|███▏      | 83/256 [00:12<00:26,  6.55it/s]Visualizing group 0:  33%|███▎      | 84/256 [00:13<00:26,  6.52it/s]Visualizing group 0:  33%|███▎      | 85/256 [00:13<00:26,  6.47it/s]Visualizing group 0:  34%|███▎      | 86/256 [00:13<00:26,  6.45it/s]Visualizing group 0:  34%|███▍      | 87/256 [00:13<00:25,  6.59it/s]Visualizing group 0:  34%|███▍      | 88/256 [00:13<00:25,  6.55it/s]Visualizing group 0:  35%|███▍      | 89/256 [00:13<00:25,  6.51it/s]Visualizing group 0:  35%|███▌      | 90/256 [00:14<00:25,  6.41it/s]Visualizing group 0:  36%|███▌      | 91/256 [00:14<00:27,  6.11it/s]Visualizing group 0:  36%|███▌      | 92/256 [00:14<00:26,  6.11it/s]Visualizing group 0:  36%|███▋      | 93/256 [00:14<00:27,  5.90it/s]Visualizing group 0:  37%|███▋      | 94/256 [00:14<00:27,  5.86it/s]Visualizing group 0:  37%|███▋      | 95/256 [00:14<00:27,  5.80it/s]Visualizing group 0:  38%|███▊      | 96/256 [00:15<00:33,  4.76it/s]Visualizing group 0:  38%|███▊      | 97/256 [00:15<00:30,  5.17it/s]Visualizing group 0:  38%|███▊      | 98/256 [00:15<00:28,  5.62it/s]Visualizing group 0:  39%|███▊      | 99/256 [00:15<00:26,  5.84it/s]Visualizing group 0:  39%|███▉      | 100/256 [00:15<00:25,  6.03it/s]Visualizing group 0:  39%|███▉      | 101/256 [00:15<00:24,  6.38it/s]Visualizing group 0:  40%|███▉      | 102/256 [00:16<00:23,  6.51it/s]Visualizing group 0:  40%|████      | 103/256 [00:16<00:23,  6.44it/s]Visualizing group 0:  41%|████      | 104/256 [00:16<00:23,  6.43it/s]Visualizing group 0:  41%|████      | 105/256 [00:16<00:23,  6.42it/s]Visualizing group 0:  41%|████▏     | 106/256 [00:16<00:22,  6.62it/s]Visualizing group 0:  42%|████▏     | 107/256 [00:16<00:22,  6.58it/s]Visualizing group 0:  42%|████▏     | 108/256 [00:17<00:22,  6.64it/s]Visualizing group 0:  43%|████▎     | 109/256 [00:17<00:21,  6.76it/s]Visualizing group 0:  43%|████▎     | 110/256 [00:17<00:22,  6.60it/s]Visualizing group 0:  43%|████▎     | 111/256 [00:17<00:23,  6.10it/s]Visualizing group 0:  44%|████▍     | 112/256 [00:17<00:23,  6.17it/s]Visualizing group 0:  44%|████▍     | 113/256 [00:17<00:22,  6.40it/s]Visualizing group 0:  45%|████▍     | 114/256 [00:17<00:22,  6.42it/s]Visualizing group 0:  45%|████▍     | 115/256 [00:18<00:22,  6.40it/s]Visualizing group 0:  45%|████▌     | 116/256 [00:18<00:22,  6.10it/s]Visualizing group 0:  46%|████▌     | 117/256 [00:18<00:23,  6.02it/s]Visualizing group 0:  46%|████▌     | 118/256 [00:18<00:21,  6.31it/s]Visualizing group 0:  46%|████▋     | 119/256 [00:18<00:21,  6.36it/s]Visualizing group 0:  47%|████▋     | 120/256 [00:18<00:20,  6.48it/s]Visualizing group 0:  47%|████▋     | 121/256 [00:19<00:20,  6.46it/s]Visualizing group 0:  48%|████▊     | 122/256 [00:19<00:20,  6.59it/s]Visualizing group 0:  48%|████▊     | 123/256 [00:19<00:20,  6.45it/s]Visualizing group 0:  48%|████▊     | 124/256 [00:19<00:20,  6.46it/s]Visualizing group 0:  49%|████▉     | 125/256 [00:19<00:19,  6.57it/s]Visualizing group 0:  49%|████▉     | 126/256 [00:19<00:19,  6.55it/s]Visualizing group 0:  50%|████▉     | 127/256 [00:19<00:19,  6.66it/s]Visualizing group 0:  50%|█████     | 128/256 [00:20<00:19,  6.55it/s]Visualizing group 0:  50%|█████     | 129/256 [00:20<00:20,  6.26it/s]Visualizing group 0:  51%|█████     | 130/256 [00:20<00:20,  6.25it/s]Visualizing group 0:  51%|█████     | 131/256 [00:20<00:19,  6.26it/s]Visualizing group 0:  52%|█████▏    | 132/256 [00:20<00:19,  6.46it/s]Visualizing group 0:  52%|█████▏    | 133/256 [00:20<00:19,  6.46it/s]Visualizing group 0:  52%|█████▏    | 134/256 [00:21<00:19,  6.25it/s]Visualizing group 0:  53%|█████▎    | 135/256 [00:21<00:19,  6.17it/s]Visualizing group 0:  53%|█████▎    | 136/256 [00:21<00:19,  6.16it/s]Visualizing group 0:  54%|█████▎    | 137/256 [00:21<00:18,  6.44it/s]Visualizing group 0:  54%|█████▍    | 138/256 [00:21<00:18,  6.31it/s]Visualizing group 0:  54%|█████▍    | 139/256 [00:21<00:17,  6.53it/s]Visualizing group 0:  55%|█████▍    | 140/256 [00:22<00:17,  6.59it/s]Visualizing group 0:  55%|█████▌    | 141/256 [00:22<00:17,  6.67it/s]Visualizing group 0:  55%|█████▌    | 142/256 [00:22<00:17,  6.63it/s]Visualizing group 0:  56%|█████▌    | 143/256 [00:22<00:17,  6.62it/s]Visualizing group 0:  56%|█████▋    | 144/256 [00:22<00:17,  6.29it/s]Visualizing group 0:  57%|█████▋    | 145/256 [00:22<00:17,  6.40it/s]Visualizing group 0:  57%|█████▋    | 146/256 [00:22<00:17,  6.37it/s]Visualizing group 0:  57%|█████▋    | 147/256 [00:23<00:16,  6.43it/s]Visualizing group 0:  58%|█████▊    | 148/256 [00:23<00:16,  6.47it/s]Visualizing group 0:  58%|█████▊    | 149/256 [00:23<00:16,  6.47it/s]Visualizing group 0:  59%|█████▊    | 150/256 [00:23<00:16,  6.50it/s]Visualizing group 0:  59%|█████▉    | 151/256 [00:23<00:16,  6.51it/s]Visualizing group 0:  59%|█████▉    | 152/256 [00:23<00:16,  6.22it/s]Visualizing group 0:  60%|█████▉    | 153/256 [00:24<00:16,  6.08it/s]Visualizing group 0:  60%|██████    | 154/256 [00:24<00:16,  6.17it/s]Visualizing group 0:  61%|██████    | 155/256 [00:24<00:17,  5.90it/s]Visualizing group 0:  61%|██████    | 156/256 [00:24<00:16,  6.05it/s]Visualizing group 0:  61%|██████▏   | 157/256 [00:24<00:16,  6.17it/s]Visualizing group 0:  62%|██████▏   | 158/256 [00:24<00:15,  6.32it/s]Visualizing group 0:  62%|██████▏   | 159/256 [00:25<00:15,  6.13it/s]Visualizing group 0:  62%|██████▎   | 160/256 [00:25<00:15,  6.19it/s]Visualizing group 0:  63%|██████▎   | 161/256 [00:25<00:15,  6.20it/s]Visualizing group 0:  63%|██████▎   | 162/256 [00:25<00:14,  6.33it/s]Visualizing group 0:  64%|██████▎   | 163/256 [00:25<00:14,  6.31it/s]Visualizing group 0:  64%|██████▍   | 164/256 [00:25<00:14,  6.41it/s]Visualizing group 0:  64%|██████▍   | 165/256 [00:25<00:14,  6.48it/s]Visualizing group 0:  65%|██████▍   | 166/256 [00:26<00:13,  6.50it/s]Visualizing group 0:  65%|██████▌   | 167/256 [00:26<00:14,  6.30it/s]Visualizing group 0:  66%|██████▌   | 168/256 [00:26<00:14,  6.22it/s]Visualizing group 0:  66%|██████▌   | 169/256 [00:26<00:13,  6.41it/s]Visualizing group 0:  66%|██████▋   | 170/256 [00:26<00:13,  6.46it/s]Visualizing group 0:  67%|██████▋   | 171/256 [00:26<00:13,  6.47it/s]Visualizing group 0:  67%|██████▋   | 172/256 [00:27<00:13,  6.40it/s]Visualizing group 0:  68%|██████▊   | 173/256 [00:27<00:13,  6.26it/s]Visualizing group 0:  68%|██████▊   | 174/256 [00:27<00:13,  6.12it/s]Visualizing group 0:  68%|██████▊   | 175/256 [00:27<00:12,  6.24it/s]Visualizing group 0:  69%|██████▉   | 176/256 [00:27<00:13,  6.14it/s]Visualizing group 0:  69%|██████▉   | 177/256 [00:27<00:12,  6.20it/s]Visualizing group 0:  70%|██████▉   | 178/256 [00:28<00:12,  6.21it/s]Visualizing group 0:  70%|██████▉   | 179/256 [00:28<00:11,  6.44it/s]Visualizing group 0:  70%|███████   | 180/256 [00:28<00:11,  6.39it/s]Visualizing group 0:  71%|███████   | 181/256 [00:28<00:11,  6.57it/s]Visualizing group 0:  71%|███████   | 182/256 [00:28<00:11,  6.54it/s]Visualizing group 0:  71%|███████▏  | 183/256 [00:28<00:11,  6.50it/s]Visualizing group 0:  72%|███████▏  | 184/256 [00:28<00:11,  6.54it/s]Visualizing group 0:  72%|███████▏  | 185/256 [00:29<00:10,  6.63it/s]Visualizing group 0:  73%|███████▎  | 186/256 [00:29<00:10,  6.64it/s]Visualizing group 0:  73%|███████▎  | 187/256 [00:29<00:10,  6.54it/s]Visualizing group 0:  73%|███████▎  | 188/256 [00:29<00:10,  6.45it/s]Visualizing group 0:  74%|███████▍  | 189/256 [00:29<00:10,  6.51it/s]Visualizing group 0:  74%|███████▍  | 190/256 [00:29<00:09,  6.64it/s]Visualizing group 0:  75%|███████▍  | 191/256 [00:30<00:09,  6.76it/s]Visualizing group 0:  75%|███████▌  | 192/256 [00:30<00:09,  6.69it/s]Visualizing group 0:  75%|███████▌  | 193/256 [00:30<00:09,  6.79it/s]Visualizing group 0:  76%|███████▌  | 194/256 [00:30<00:09,  6.77it/s]Visualizing group 0:  76%|███████▌  | 195/256 [00:30<00:08,  6.79it/s]Visualizing group 0:  77%|███████▋  | 196/256 [00:30<00:09,  6.63it/s]Visualizing group 0:  77%|███████▋  | 197/256 [00:30<00:09,  6.53it/s]Visualizing group 0:  77%|███████▋  | 198/256 [00:31<00:08,  6.57it/s]Visualizing group 0:  78%|███████▊  | 199/256 [00:31<00:08,  6.64it/s]Visualizing group 0:  78%|███████▊  | 200/256 [00:31<00:08,  6.58it/s]Visualizing group 0:  79%|███████▊  | 201/256 [00:31<00:08,  6.54it/s]Visualizing group 0:  79%|███████▉  | 202/256 [00:31<00:08,  6.56it/s]Visualizing group 0:  79%|███████▉  | 203/256 [00:32<00:11,  4.72it/s]Visualizing group 0:  80%|███████▉  | 204/256 [00:32<00:10,  5.01it/s]Visualizing group 0:  80%|████████  | 205/256 [00:32<00:09,  5.37it/s]Visualizing group 0:  80%|████████  | 206/256 [00:32<00:08,  5.79it/s]Visualizing group 0:  81%|████████  | 207/256 [00:32<00:08,  5.93it/s]Visualizing group 0:  81%|████████▏ | 208/256 [00:32<00:07,  6.16it/s]Visualizing group 0:  82%|████████▏ | 209/256 [00:32<00:07,  6.22it/s]Visualizing group 0:  82%|████████▏ | 210/256 [00:33<00:08,  5.32it/s]Visualizing group 0:  82%|████████▏ | 211/256 [00:33<00:07,  5.78it/s]Visualizing group 0:  83%|████████▎ | 212/256 [00:33<00:07,  6.06it/s]Visualizing group 0:  83%|████████▎ | 213/256 [00:33<00:07,  6.08it/s]Visualizing group 0:  84%|████████▎ | 214/256 [00:33<00:06,  6.15it/s]Visualizing group 0:  84%|████████▍ | 215/256 [00:33<00:06,  6.39it/s]Visualizing group 0:  84%|████████▍ | 216/256 [00:34<00:06,  6.52it/s]Visualizing group 0:  85%|████████▍ | 217/256 [00:34<00:05,  6.57it/s]Visualizing group 0:  85%|████████▌ | 218/256 [00:34<00:05,  6.74it/s]Visualizing group 0:  86%|████████▌ | 219/256 [00:34<00:05,  6.49it/s]Visualizing group 0:  86%|████████▌ | 220/256 [00:34<00:05,  6.64it/s]Visualizing group 0:  86%|████████▋ | 221/256 [00:34<00:05,  6.61it/s]Visualizing group 0:  87%|████████▋ | 222/256 [00:35<00:05,  6.66it/s]Visualizing group 0:  87%|████████▋ | 223/256 [00:35<00:04,  6.67it/s]Visualizing group 0:  88%|████████▊ | 224/256 [00:35<00:04,  6.68it/s]Visualizing group 0:  88%|████████▊ | 225/256 [00:35<00:04,  6.68it/s]Visualizing group 0:  88%|████████▊ | 226/256 [00:35<00:04,  6.74it/s]Visualizing group 0:  89%|████████▊ | 227/256 [00:35<00:04,  6.43it/s]Visualizing group 0:  89%|████████▉ | 228/256 [00:35<00:04,  6.44it/s]Visualizing group 0:  89%|████████▉ | 229/256 [00:36<00:04,  6.27it/s]Visualizing group 0:  90%|████████▉ | 230/256 [00:36<00:04,  6.13it/s]Visualizing group 0:  90%|█████████ | 231/256 [00:36<00:04,  6.17it/s]Visualizing group 0:  91%|█████████ | 232/256 [00:36<00:03,  6.38it/s]Visualizing group 0:  91%|█████████ | 233/256 [00:36<00:03,  6.49it/s]Visualizing group 0:  91%|█████████▏| 234/256 [00:36<00:03,  6.51it/s]Visualizing group 0:  92%|█████████▏| 235/256 [00:37<00:03,  6.65it/s]Visualizing group 0:  92%|█████████▏| 236/256 [00:37<00:02,  6.79it/s]Visualizing group 0:  93%|█████████▎| 237/256 [00:37<00:02,  6.71it/s]Visualizing group 0:  93%|█████████▎| 238/256 [00:37<00:02,  6.68it/s]Visualizing group 0:  93%|█████████▎| 239/256 [00:37<00:02,  6.66it/s]Visualizing group 0:  94%|█████████▍| 240/256 [00:37<00:02,  6.75it/s]Visualizing group 0:  94%|█████████▍| 241/256 [00:37<00:02,  6.78it/s]Visualizing group 0:  95%|█████████▍| 242/256 [00:38<00:02,  6.69it/s]Visualizing group 0:  95%|█████████▍| 243/256 [00:38<00:01,  6.74it/s]Visualizing group 0:  95%|█████████▌| 244/256 [00:38<00:01,  6.66it/s]Visualizing group 0:  96%|█████████▌| 245/256 [00:38<00:01,  6.70it/s]Visualizing group 0:  96%|█████████▌| 246/256 [00:38<00:01,  6.56it/s]Visualizing group 0:  96%|█████████▋| 247/256 [00:38<00:01,  6.67it/s]Visualizing group 0:  97%|█████████▋| 248/256 [00:38<00:01,  6.60it/s]Visualizing group 0:  97%|█████████▋| 249/256 [00:39<00:01,  6.63it/s]Visualizing group 0:  98%|█████████▊| 250/256 [00:39<00:00,  6.49it/s]Visualizing group 0:  98%|█████████▊| 251/256 [00:39<00:00,  6.60it/s]Visualizing group 0:  98%|█████████▊| 252/256 [00:39<00:00,  6.68it/s]Visualizing group 0:  99%|█████████▉| 253/256 [00:39<00:00,  6.79it/s]Visualizing group 0:  99%|█████████▉| 254/256 [00:39<00:00,  6.21it/s]Visualizing group 0: 100%|█████████▉| 255/256 [00:40<00:00,  6.19it/s]Visualizing group 0: 100%|██████████| 256/256 [00:40<00:00,  6.32it/s]Visualizing group 0: 100%|██████████| 256/256 [00:40<00:00,  6.37it/s]
Visualizing group 1:   0%|          | 0/512 [00:00<?, ?it/s]Visualizing group 1:   0%|          | 1/512 [00:00<01:17,  6.60it/s]Visualizing group 1:   0%|          | 2/512 [00:00<01:15,  6.76it/s]Visualizing group 1:   1%|          | 3/512 [00:00<01:16,  6.66it/s]Visualizing group 1:   1%|          | 4/512 [00:00<01:14,  6.86it/s]Visualizing group 1:   1%|          | 5/512 [00:00<01:16,  6.66it/s]Visualizing group 1:   1%|          | 6/512 [00:00<01:14,  6.82it/s]Visualizing group 1:   1%|▏         | 7/512 [00:01<01:15,  6.69it/s]Visualizing group 1:   2%|▏         | 8/512 [00:01<01:14,  6.74it/s]Visualizing group 1:   2%|▏         | 9/512 [00:01<01:15,  6.63it/s]Visualizing group 1:   2%|▏         | 10/512 [00:01<01:16,  6.56it/s]Visualizing group 1:   2%|▏         | 11/512 [00:01<01:15,  6.64it/s]Visualizing group 1:   2%|▏         | 12/512 [00:01<01:14,  6.68it/s]Visualizing group 1:   3%|▎         | 13/512 [00:01<01:16,  6.53it/s]Visualizing group 1:   3%|▎         | 14/512 [00:02<01:16,  6.50it/s]Visualizing group 1:   3%|▎         | 15/512 [00:02<01:15,  6.61it/s]Visualizing group 1:   3%|▎         | 16/512 [00:02<01:14,  6.63it/s]Visualizing group 1:   3%|▎         | 17/512 [00:02<01:14,  6.68it/s]Visualizing group 1:   4%|▎         | 18/512 [00:02<01:12,  6.80it/s]Visualizing group 1:   4%|▎         | 19/512 [00:02<01:13,  6.72it/s]Visualizing group 1:   4%|▍         | 20/512 [00:02<01:13,  6.70it/s]Visualizing group 1:   4%|▍         | 21/512 [00:03<01:14,  6.62it/s]Visualizing group 1:   4%|▍         | 22/512 [00:03<01:13,  6.63it/s]Visualizing group 1:   4%|▍         | 23/512 [00:03<01:14,  6.54it/s]Visualizing group 1:   5%|▍         | 24/512 [00:03<01:14,  6.58it/s]Visualizing group 1:   5%|▍         | 25/512 [00:03<01:13,  6.67it/s]Visualizing group 1:   5%|▌         | 26/512 [00:03<01:11,  6.76it/s]Visualizing group 1:   5%|▌         | 27/512 [00:04<01:11,  6.81it/s]Visualizing group 1:   5%|▌         | 28/512 [00:04<01:10,  6.85it/s]Visualizing group 1:   6%|▌         | 29/512 [00:04<01:13,  6.59it/s]Visualizing group 1:   6%|▌         | 30/512 [00:04<01:12,  6.65it/s]Visualizing group 1:   6%|▌         | 31/512 [00:04<01:11,  6.70it/s]Visualizing group 1:   6%|▋         | 32/512 [00:04<01:11,  6.68it/s]Visualizing group 1:   6%|▋         | 33/512 [00:04<01:12,  6.59it/s]Visualizing group 1:   7%|▋         | 34/512 [00:05<01:11,  6.68it/s]Visualizing group 1:   7%|▋         | 35/512 [00:05<01:10,  6.75it/s]Visualizing group 1:   7%|▋         | 36/512 [00:05<01:10,  6.74it/s]Visualizing group 1:   7%|▋         | 37/512 [00:05<01:11,  6.64it/s]Visualizing group 1:   7%|▋         | 38/512 [00:05<01:10,  6.76it/s]Visualizing group 1:   8%|▊         | 39/512 [00:05<01:09,  6.84it/s]Visualizing group 1:   8%|▊         | 40/512 [00:05<01:11,  6.59it/s]Visualizing group 1:   8%|▊         | 41/512 [00:06<01:11,  6.61it/s]Visualizing group 1:   8%|▊         | 42/512 [00:06<01:10,  6.70it/s]Visualizing group 1:   8%|▊         | 43/512 [00:06<01:11,  6.56it/s]Visualizing group 1:   9%|▊         | 44/512 [00:06<01:10,  6.64it/s]Visualizing group 1:   9%|▉         | 45/512 [00:06<01:10,  6.64it/s]Visualizing group 1:   9%|▉         | 46/512 [00:06<01:10,  6.57it/s]Visualizing group 1:   9%|▉         | 47/512 [00:07<01:10,  6.58it/s]Visualizing group 1:   9%|▉         | 48/512 [00:07<01:14,  6.21it/s]Visualizing group 1:  10%|▉         | 49/512 [00:07<01:12,  6.34it/s]Visualizing group 1:  10%|▉         | 50/512 [00:07<01:13,  6.25it/s]Visualizing group 1:  10%|▉         | 51/512 [00:07<01:12,  6.37it/s]Visualizing group 1:  10%|█         | 52/512 [00:07<01:10,  6.52it/s]Visualizing group 1:  10%|█         | 53/512 [00:07<01:10,  6.52it/s]Visualizing group 1:  11%|█         | 54/512 [00:08<01:10,  6.52it/s]Visualizing group 1:  11%|█         | 55/512 [00:08<01:08,  6.66it/s]Visualizing group 1:  11%|█         | 56/512 [00:08<01:08,  6.65it/s]Visualizing group 1:  11%|█         | 57/512 [00:08<01:09,  6.57it/s]Visualizing group 1:  11%|█▏        | 58/512 [00:08<01:08,  6.63it/s]Visualizing group 1:  12%|█▏        | 59/512 [00:08<01:06,  6.82it/s]Visualizing group 1:  12%|█▏        | 60/512 [00:09<01:07,  6.67it/s]Visualizing group 1:  12%|█▏        | 61/512 [00:09<01:08,  6.60it/s]Visualizing group 1:  12%|█▏        | 62/512 [00:09<01:07,  6.70it/s]Visualizing group 1:  12%|█▏        | 63/512 [00:09<01:06,  6.76it/s]Visualizing group 1:  12%|█▎        | 64/512 [00:09<01:07,  6.62it/s]Visualizing group 1:  13%|█▎        | 65/512 [00:09<01:07,  6.64it/s]Visualizing group 1:  13%|█▎        | 66/512 [00:09<01:06,  6.66it/s]Visualizing group 1:  13%|█▎        | 67/512 [00:10<01:05,  6.76it/s]Visualizing group 1:  13%|█▎        | 68/512 [00:10<01:19,  5.59it/s]Visualizing group 1:  13%|█▎        | 69/512 [00:10<01:16,  5.79it/s]Visualizing group 1:  14%|█▎        | 70/512 [00:10<01:13,  6.04it/s]Visualizing group 1:  14%|█▍        | 71/512 [00:10<01:09,  6.31it/s]Visualizing group 1:  14%|█▍        | 72/512 [00:10<01:10,  6.26it/s]Visualizing group 1:  14%|█▍        | 73/512 [00:11<01:07,  6.49it/s]Visualizing group 1:  14%|█▍        | 74/512 [00:11<01:08,  6.42it/s]Visualizing group 1:  15%|█▍        | 75/512 [00:11<01:06,  6.55it/s]Visualizing group 1:  15%|█▍        | 76/512 [00:11<01:06,  6.57it/s]Visualizing group 1:  15%|█▌        | 77/512 [00:11<01:05,  6.60it/s]Visualizing group 1:  15%|█▌        | 78/512 [00:11<01:05,  6.65it/s]Visualizing group 1:  15%|█▌        | 79/512 [00:11<01:04,  6.73it/s]Visualizing group 1:  16%|█▌        | 80/512 [00:12<01:04,  6.74it/s]Visualizing group 1:  16%|█▌        | 81/512 [00:12<01:03,  6.74it/s]Visualizing group 1:  16%|█▌        | 82/512 [00:12<01:04,  6.62it/s]Visualizing group 1:  16%|█▌        | 83/512 [00:12<01:04,  6.68it/s]Visualizing group 1:  16%|█▋        | 84/512 [00:12<01:04,  6.64it/s]Visualizing group 1:  17%|█▋        | 85/512 [00:12<01:05,  6.49it/s]Visualizing group 1:  17%|█▋        | 86/512 [00:13<01:05,  6.51it/s]Visualizing group 1:  17%|█▋        | 87/512 [00:13<01:03,  6.70it/s]Visualizing group 1:  17%|█▋        | 88/512 [00:13<01:02,  6.76it/s]Visualizing group 1:  17%|█▋        | 89/512 [00:13<01:03,  6.70it/s]Visualizing group 1:  18%|█▊        | 90/512 [00:13<01:03,  6.62it/s]Visualizing group 1:  18%|█▊        | 91/512 [00:13<01:02,  6.75it/s]Visualizing group 1:  18%|█▊        | 92/512 [00:13<01:03,  6.63it/s]Visualizing group 1:  18%|█▊        | 93/512 [00:14<01:02,  6.71it/s]Visualizing group 1:  18%|█▊        | 94/512 [00:14<01:02,  6.68it/s]Visualizing group 1:  19%|█▊        | 95/512 [00:14<01:02,  6.64it/s]Visualizing group 1:  19%|█▉        | 96/512 [00:14<01:02,  6.71it/s]Visualizing group 1:  19%|█▉        | 97/512 [00:14<01:01,  6.72it/s]Visualizing group 1:  19%|█▉        | 98/512 [00:14<01:02,  6.65it/s]Visualizing group 1:  19%|█▉        | 99/512 [00:14<01:00,  6.78it/s]Visualizing group 1:  20%|█▉        | 100/512 [00:15<01:02,  6.59it/s]Visualizing group 1:  20%|█▉        | 101/512 [00:15<01:01,  6.72it/s]Visualizing group 1:  20%|█▉        | 102/512 [00:15<01:01,  6.67it/s]Visualizing group 1:  20%|██        | 103/512 [00:15<01:01,  6.70it/s]Visualizing group 1:  20%|██        | 104/512 [00:15<01:02,  6.55it/s]Visualizing group 1:  21%|██        | 105/512 [00:15<00:59,  6.79it/s]Visualizing group 1:  21%|██        | 106/512 [00:16<01:00,  6.66it/s]Visualizing group 1:  21%|██        | 107/512 [00:16<01:01,  6.63it/s]Visualizing group 1:  21%|██        | 108/512 [00:16<01:01,  6.54it/s]Visualizing group 1:  21%|██▏       | 109/512 [00:16<01:00,  6.61it/s]Visualizing group 1:  21%|██▏       | 110/512 [00:16<01:01,  6.58it/s]Visualizing group 1:  22%|██▏       | 111/512 [00:16<01:04,  6.21it/s]Visualizing group 1:  22%|██▏       | 112/512 [00:16<01:04,  6.24it/s]Visualizing group 1:  22%|██▏       | 113/512 [00:17<01:03,  6.28it/s]Visualizing group 1:  22%|██▏       | 114/512 [00:17<01:01,  6.48it/s]Visualizing group 1:  22%|██▏       | 115/512 [00:17<01:01,  6.42it/s]Visualizing group 1:  23%|██▎       | 116/512 [00:17<01:00,  6.52it/s]Visualizing group 1:  23%|██▎       | 117/512 [00:17<01:00,  6.54it/s]Visualizing group 1:  23%|██▎       | 118/512 [00:17<00:59,  6.63it/s]Visualizing group 1:  23%|██▎       | 119/512 [00:18<00:58,  6.77it/s]Visualizing group 1:  23%|██▎       | 120/512 [00:18<00:57,  6.79it/s]Visualizing group 1:  24%|██▎       | 121/512 [00:18<00:59,  6.60it/s]Visualizing group 1:  24%|██▍       | 122/512 [00:18<00:58,  6.68it/s]Visualizing group 1:  24%|██▍       | 123/512 [00:18<00:58,  6.62it/s]Visualizing group 1:  24%|██▍       | 124/512 [00:18<00:57,  6.78it/s]Visualizing group 1:  24%|██▍       | 125/512 [00:18<00:58,  6.64it/s]Visualizing group 1:  25%|██▍       | 126/512 [00:19<00:57,  6.75it/s]Visualizing group 1:  25%|██▍       | 127/512 [00:19<00:58,  6.54it/s]Visualizing group 1:  25%|██▌       | 128/512 [00:19<00:58,  6.60it/s]Visualizing group 1:  25%|██▌       | 129/512 [00:19<00:58,  6.53it/s]Visualizing group 1:  25%|██▌       | 130/512 [00:19<01:01,  6.20it/s]Visualizing group 1:  26%|██▌       | 131/512 [00:19<01:00,  6.29it/s]Visualizing group 1:  26%|██▌       | 132/512 [00:20<01:00,  6.29it/s]Visualizing group 1:  26%|██▌       | 133/512 [00:20<01:00,  6.31it/s]Visualizing group 1:  26%|██▌       | 134/512 [00:20<00:58,  6.51it/s]Visualizing group 1:  26%|██▋       | 135/512 [00:20<00:56,  6.65it/s]Visualizing group 1:  27%|██▋       | 136/512 [00:20<00:56,  6.64it/s]Visualizing group 1:  27%|██▋       | 137/512 [00:20<00:56,  6.59it/s]Visualizing group 1:  27%|██▋       | 138/512 [00:20<00:57,  6.54it/s]Visualizing group 1:  27%|██▋       | 139/512 [00:21<00:55,  6.68it/s]Visualizing group 1:  27%|██▋       | 140/512 [00:21<00:55,  6.66it/s]Visualizing group 1:  28%|██▊       | 141/512 [00:21<00:55,  6.66it/s]Visualizing group 1:  28%|██▊       | 142/512 [00:21<00:55,  6.62it/s]Visualizing group 1:  28%|██▊       | 143/512 [00:21<00:55,  6.60it/s]Visualizing group 1:  28%|██▊       | 144/512 [00:21<00:55,  6.66it/s]Visualizing group 1:  28%|██▊       | 145/512 [00:21<00:54,  6.78it/s]Visualizing group 1:  29%|██▊       | 146/512 [00:22<01:00,  6.09it/s]Visualizing group 1:  29%|██▊       | 147/512 [00:22<00:59,  6.14it/s]Visualizing group 1:  29%|██▉       | 148/512 [00:22<00:57,  6.33it/s]Visualizing group 1:  29%|██▉       | 149/512 [00:22<00:56,  6.40it/s]Visualizing group 1:  29%|██▉       | 150/512 [00:22<00:55,  6.50it/s]Visualizing group 1:  29%|██▉       | 151/512 [00:22<00:55,  6.50it/s]Visualizing group 1:  30%|██▉       | 152/512 [00:23<00:55,  6.54it/s]Visualizing group 1:  30%|██▉       | 153/512 [00:23<00:54,  6.55it/s]Visualizing group 1:  30%|███       | 154/512 [00:23<00:54,  6.61it/s]Visualizing group 1:  30%|███       | 155/512 [00:23<00:53,  6.68it/s]Visualizing group 1:  30%|███       | 156/512 [00:23<00:52,  6.72it/s]Visualizing group 1:  31%|███       | 157/512 [00:23<00:52,  6.76it/s]Visualizing group 1:  31%|███       | 158/512 [00:23<00:52,  6.74it/s]Visualizing group 1:  31%|███       | 159/512 [00:24<00:52,  6.66it/s]Visualizing group 1:  31%|███▏      | 160/512 [00:24<00:55,  6.34it/s]Visualizing group 1:  31%|███▏      | 161/512 [00:24<00:56,  6.25it/s]Visualizing group 1:  32%|███▏      | 162/512 [00:24<00:56,  6.22it/s]Visualizing group 1:  32%|███▏      | 163/512 [00:24<00:54,  6.44it/s]Visualizing group 1:  32%|███▏      | 164/512 [00:24<00:56,  6.20it/s]Visualizing group 1:  32%|███▏      | 165/512 [00:25<00:53,  6.43it/s]Visualizing group 1:  32%|███▏      | 166/512 [00:25<00:52,  6.55it/s]Visualizing group 1:  33%|███▎      | 167/512 [00:25<00:52,  6.54it/s]Visualizing group 1:  33%|███▎      | 168/512 [00:25<00:51,  6.63it/s]Visualizing group 1:  33%|███▎      | 169/512 [00:25<00:52,  6.57it/s]Visualizing group 1:  33%|███▎      | 170/512 [00:25<00:51,  6.62it/s]Visualizing group 1:  33%|███▎      | 171/512 [00:26<00:52,  6.48it/s]Visualizing group 1:  34%|███▎      | 172/512 [00:26<00:54,  6.29it/s]Visualizing group 1:  34%|███▍      | 173/512 [00:26<00:53,  6.28it/s]Visualizing group 1:  34%|███▍      | 174/512 [00:26<00:53,  6.38it/s]Visualizing group 1:  34%|███▍      | 175/512 [00:26<00:51,  6.51it/s]Visualizing group 1:  34%|███▍      | 176/512 [00:26<00:50,  6.60it/s]Visualizing group 1:  35%|███▍      | 177/512 [00:27<01:01,  5.48it/s]Visualizing group 1:  35%|███▍      | 178/512 [00:27<00:57,  5.83it/s]Visualizing group 1:  35%|███▍      | 179/512 [00:27<00:55,  6.01it/s]Visualizing group 1:  35%|███▌      | 180/512 [00:27<00:53,  6.26it/s]Visualizing group 1:  35%|███▌      | 181/512 [00:27<00:53,  6.24it/s]Visualizing group 1:  36%|███▌      | 182/512 [00:27<00:52,  6.34it/s]Visualizing group 1:  36%|███▌      | 183/512 [00:27<00:51,  6.38it/s]Visualizing group 1:  36%|███▌      | 184/512 [00:28<00:50,  6.52it/s]Visualizing group 1:  36%|███▌      | 185/512 [00:28<00:49,  6.63it/s]Visualizing group 1:  36%|███▋      | 186/512 [00:28<00:49,  6.61it/s]Visualizing group 1:  37%|███▋      | 187/512 [00:28<00:52,  6.18it/s]Visualizing group 1:  37%|███▋      | 188/512 [00:28<00:52,  6.22it/s]Visualizing group 1:  37%|███▋      | 189/512 [00:28<00:50,  6.37it/s]Visualizing group 1:  37%|███▋      | 190/512 [00:29<00:50,  6.36it/s]Visualizing group 1:  37%|███▋      | 191/512 [00:29<00:50,  6.42it/s]Visualizing group 1:  38%|███▊      | 192/512 [00:29<00:48,  6.54it/s]Visualizing group 1:  38%|███▊      | 193/512 [00:29<00:49,  6.46it/s]Visualizing group 1:  38%|███▊      | 194/512 [00:29<00:48,  6.58it/s]Visualizing group 1:  38%|███▊      | 195/512 [00:29<00:47,  6.64it/s]Visualizing group 1:  38%|███▊      | 196/512 [00:29<00:47,  6.61it/s]Visualizing group 1:  38%|███▊      | 197/512 [00:30<00:47,  6.57it/s]Visualizing group 1:  39%|███▊      | 198/512 [00:30<00:49,  6.28it/s]Visualizing group 1:  39%|███▉      | 199/512 [00:30<00:51,  6.07it/s]Visualizing group 1:  39%|███▉      | 200/512 [00:30<00:52,  5.95it/s]Visualizing group 1:  39%|███▉      | 201/512 [00:30<00:50,  6.13it/s]Visualizing group 1:  39%|███▉      | 202/512 [00:30<00:50,  6.14it/s]Visualizing group 1:  40%|███▉      | 203/512 [00:31<00:50,  6.18it/s]Visualizing group 1:  40%|███▉      | 204/512 [00:31<00:50,  6.06it/s]Visualizing group 1:  40%|████      | 205/512 [00:31<00:50,  6.07it/s]Visualizing group 1:  40%|████      | 206/512 [00:31<00:49,  6.18it/s]Visualizing group 1:  40%|████      | 207/512 [00:31<00:48,  6.25it/s]Visualizing group 1:  41%|████      | 208/512 [00:31<00:46,  6.49it/s]Visualizing group 1:  41%|████      | 209/512 [00:32<00:47,  6.41it/s]Visualizing group 1:  41%|████      | 210/512 [00:32<00:45,  6.57it/s]Visualizing group 1:  41%|████      | 211/512 [00:32<00:45,  6.62it/s]Visualizing group 1:  41%|████▏     | 212/512 [00:32<00:44,  6.72it/s]Visualizing group 1:  42%|████▏     | 213/512 [00:32<00:44,  6.74it/s]Visualizing group 1:  42%|████▏     | 214/512 [00:32<00:44,  6.70it/s]Visualizing group 1:  42%|████▏     | 215/512 [00:32<00:45,  6.58it/s]Visualizing group 1:  42%|████▏     | 216/512 [00:33<00:44,  6.58it/s]Visualizing group 1:  42%|████▏     | 217/512 [00:33<00:47,  6.25it/s]Visualizing group 1:  43%|████▎     | 218/512 [00:33<00:47,  6.24it/s]Visualizing group 1:  43%|████▎     | 219/512 [00:33<00:45,  6.39it/s]Visualizing group 1:  43%|████▎     | 220/512 [00:33<00:45,  6.37it/s]Visualizing group 1:  43%|████▎     | 221/512 [00:33<00:45,  6.36it/s]Visualizing group 1:  43%|████▎     | 222/512 [00:34<00:44,  6.48it/s]Visualizing group 1:  44%|████▎     | 223/512 [00:34<00:43,  6.64it/s]Visualizing group 1:  44%|████▍     | 224/512 [00:34<00:43,  6.65it/s]Visualizing group 1:  44%|████▍     | 225/512 [00:34<00:42,  6.74it/s]Visualizing group 1:  44%|████▍     | 226/512 [00:34<00:43,  6.65it/s]Visualizing group 1:  44%|████▍     | 227/512 [00:34<00:45,  6.26it/s]Visualizing group 1:  45%|████▍     | 228/512 [00:34<00:46,  6.17it/s]Visualizing group 1:  45%|████▍     | 229/512 [00:35<00:45,  6.28it/s]Visualizing group 1:  45%|████▍     | 230/512 [00:35<00:43,  6.42it/s]Visualizing group 1:  45%|████▌     | 231/512 [00:35<00:43,  6.47it/s]Visualizing group 1:  45%|████▌     | 232/512 [00:35<00:41,  6.68it/s]Visualizing group 1:  46%|████▌     | 233/512 [00:35<00:42,  6.52it/s]Visualizing group 1:  46%|████▌     | 234/512 [00:35<00:41,  6.72it/s]Visualizing group 1:  46%|████▌     | 235/512 [00:36<00:41,  6.64it/s]Visualizing group 1:  46%|████▌     | 236/512 [00:36<00:40,  6.75it/s]Visualizing group 1:  46%|████▋     | 237/512 [00:36<00:42,  6.50it/s]Visualizing group 1:  46%|████▋     | 238/512 [00:36<00:41,  6.68it/s]Visualizing group 1:  47%|████▋     | 239/512 [00:36<00:41,  6.62it/s]Visualizing group 1:  47%|████▋     | 240/512 [00:36<00:40,  6.64it/s]Visualizing group 1:  47%|████▋     | 241/512 [00:36<00:40,  6.67it/s]Visualizing group 1:  47%|████▋     | 242/512 [00:37<00:39,  6.80it/s]Visualizing group 1:  47%|████▋     | 243/512 [00:37<00:40,  6.63it/s]Visualizing group 1:  48%|████▊     | 244/512 [00:37<00:39,  6.71it/s]Visualizing group 1:  48%|████▊     | 245/512 [00:37<00:40,  6.52it/s]Visualizing group 1:  48%|████▊     | 246/512 [00:37<00:39,  6.66it/s]Visualizing group 1:  48%|████▊     | 247/512 [00:37<00:40,  6.57it/s]Visualizing group 1:  48%|████▊     | 248/512 [00:37<00:39,  6.69it/s]Visualizing group 1:  49%|████▊     | 249/512 [00:38<00:42,  6.18it/s]Visualizing group 1:  49%|████▉     | 250/512 [00:38<00:43,  6.09it/s]Visualizing group 1:  49%|████▉     | 251/512 [00:38<00:41,  6.23it/s]Visualizing group 1:  49%|████▉     | 252/512 [00:38<00:40,  6.39it/s]Visualizing group 1:  49%|████▉     | 253/512 [00:38<00:39,  6.57it/s]Visualizing group 1:  50%|████▉     | 254/512 [00:38<00:39,  6.59it/s]Visualizing group 1:  50%|████▉     | 255/512 [00:39<00:39,  6.50it/s]Visualizing group 1:  50%|█████     | 256/512 [00:39<00:38,  6.69it/s]Visualizing group 1:  50%|█████     | 257/512 [00:39<00:37,  6.72it/s]Visualizing group 1:  50%|█████     | 258/512 [00:39<00:38,  6.58it/s]Visualizing group 1:  51%|█████     | 259/512 [00:39<00:37,  6.71it/s]Visualizing group 1:  51%|█████     | 260/512 [00:39<00:37,  6.66it/s]Visualizing group 1:  51%|█████     | 261/512 [00:39<00:37,  6.65it/s]Visualizing group 1:  51%|█████     | 262/512 [00:40<00:37,  6.60it/s]Visualizing group 1:  51%|█████▏    | 263/512 [00:40<00:37,  6.71it/s]Visualizing group 1:  52%|█████▏    | 264/512 [00:40<00:37,  6.68it/s]Visualizing group 1:  52%|█████▏    | 265/512 [00:40<00:36,  6.68it/s]Visualizing group 1:  52%|█████▏    | 266/512 [00:40<00:36,  6.71it/s]Visualizing group 1:  52%|█████▏    | 267/512 [00:40<00:37,  6.46it/s]Visualizing group 1:  52%|█████▏    | 268/512 [00:41<00:37,  6.57it/s]Visualizing group 1:  53%|█████▎    | 269/512 [00:41<00:37,  6.41it/s]Visualizing group 1:  53%|█████▎    | 270/512 [00:41<00:38,  6.32it/s]Visualizing group 1:  53%|█████▎    | 271/512 [00:41<00:39,  6.17it/s]Visualizing group 1:  53%|█████▎    | 272/512 [00:41<00:39,  6.06it/s]Visualizing group 1:  53%|█████▎    | 273/512 [00:41<00:39,  6.06it/s]Visualizing group 1:  54%|█████▎    | 274/512 [00:42<00:38,  6.16it/s]Visualizing group 1:  54%|█████▎    | 275/512 [00:42<00:37,  6.35it/s]Visualizing group 1:  54%|█████▍    | 276/512 [00:42<00:37,  6.35it/s]Visualizing group 1:  54%|█████▍    | 277/512 [00:42<00:37,  6.34it/s]Visualizing group 1:  54%|█████▍    | 278/512 [00:42<00:35,  6.50it/s]Visualizing group 1:  54%|█████▍    | 279/512 [00:42<00:35,  6.53it/s]Visualizing group 1:  55%|█████▍    | 280/512 [00:42<00:34,  6.65it/s]Visualizing group 1:  55%|█████▍    | 281/512 [00:43<00:34,  6.61it/s]Visualizing group 1:  55%|█████▌    | 282/512 [00:43<00:34,  6.66it/s]Visualizing group 1:  55%|█████▌    | 283/512 [00:43<00:35,  6.54it/s]Visualizing group 1:  55%|█████▌    | 284/512 [00:43<00:34,  6.67it/s]Visualizing group 1:  56%|█████▌    | 285/512 [00:43<00:33,  6.69it/s]Visualizing group 1:  56%|█████▌    | 286/512 [00:43<00:33,  6.67it/s]Visualizing group 1:  56%|█████▌    | 287/512 [00:44<00:34,  6.54it/s]Visualizing group 1:  56%|█████▋    | 288/512 [00:44<00:33,  6.64it/s]Visualizing group 1:  56%|█████▋    | 289/512 [00:44<00:33,  6.64it/s]Visualizing group 1:  57%|█████▋    | 290/512 [00:44<00:33,  6.72it/s]Visualizing group 1:  57%|█████▋    | 291/512 [00:44<00:40,  5.45it/s]Visualizing group 1:  57%|█████▋    | 292/512 [00:44<00:39,  5.59it/s]Visualizing group 1:  57%|█████▋    | 293/512 [00:45<00:37,  5.91it/s]Visualizing group 1:  57%|█████▋    | 294/512 [00:45<00:36,  6.04it/s]Visualizing group 1:  58%|█████▊    | 295/512 [00:45<00:35,  6.15it/s]Visualizing group 1:  58%|█████▊    | 296/512 [00:45<00:33,  6.43it/s]Visualizing group 1:  58%|█████▊    | 297/512 [00:45<00:33,  6.38it/s]Visualizing group 1:  58%|█████▊    | 298/512 [00:45<00:33,  6.35it/s]Visualizing group 1:  58%|█████▊    | 299/512 [00:45<00:33,  6.41it/s]Visualizing group 1:  59%|█████▊    | 300/512 [00:46<00:32,  6.50it/s]Visualizing group 1:  59%|█████▉    | 301/512 [00:46<00:32,  6.51it/s]Visualizing group 1:  59%|█████▉    | 302/512 [00:46<00:32,  6.55it/s]Visualizing group 1:  59%|█████▉    | 303/512 [00:46<00:31,  6.59it/s]Visualizing group 1:  59%|█████▉    | 304/512 [00:46<00:31,  6.52it/s]Visualizing group 1:  60%|█████▉    | 305/512 [00:46<00:31,  6.65it/s]Visualizing group 1:  60%|█████▉    | 306/512 [00:47<00:30,  6.70it/s]Visualizing group 1:  60%|█████▉    | 307/512 [00:47<00:30,  6.71it/s]Visualizing group 1:  60%|██████    | 308/512 [00:47<00:30,  6.64it/s]Visualizing group 1:  60%|██████    | 309/512 [00:47<00:30,  6.70it/s]Visualizing group 1:  61%|██████    | 310/512 [00:47<00:29,  6.76it/s]Visualizing group 1:  61%|██████    | 311/512 [00:47<00:30,  6.60it/s]Visualizing group 1:  61%|██████    | 312/512 [00:47<00:30,  6.54it/s]Visualizing group 1:  61%|██████    | 313/512 [00:48<00:30,  6.59it/s]Visualizing group 1:  61%|██████▏   | 314/512 [00:48<00:30,  6.57it/s]Visualizing group 1:  62%|██████▏   | 315/512 [00:48<00:30,  6.39it/s]Visualizing group 1:  62%|██████▏   | 316/512 [00:48<00:30,  6.33it/s]Visualizing group 1:  62%|██████▏   | 317/512 [00:48<00:29,  6.53it/s]Visualizing group 1:  62%|██████▏   | 318/512 [00:48<00:30,  6.28it/s]Visualizing group 1:  62%|██████▏   | 319/512 [00:49<00:30,  6.36it/s]Visualizing group 1:  62%|██████▎   | 320/512 [00:49<00:29,  6.50it/s]Visualizing group 1:  63%|██████▎   | 321/512 [00:49<00:29,  6.48it/s]Visualizing group 1:  63%|██████▎   | 322/512 [00:49<00:30,  6.30it/s]Visualizing group 1:  63%|██████▎   | 323/512 [00:49<00:30,  6.14it/s]Visualizing group 1:  63%|██████▎   | 324/512 [00:49<00:29,  6.28it/s]Visualizing group 1:  63%|██████▎   | 325/512 [00:49<00:28,  6.57it/s]Visualizing group 1:  64%|██████▎   | 326/512 [00:50<00:27,  6.66it/s]Visualizing group 1:  64%|██████▍   | 327/512 [00:50<00:28,  6.48it/s]Visualizing group 1:  64%|██████▍   | 328/512 [00:50<00:27,  6.73it/s]Visualizing group 1:  64%|██████▍   | 329/512 [00:50<00:27,  6.63it/s]Visualizing group 1:  64%|██████▍   | 330/512 [00:50<00:33,  5.47it/s]Visualizing group 1:  65%|██████▍   | 331/512 [00:50<00:32,  5.65it/s]Visualizing group 1:  65%|██████▍   | 332/512 [00:51<00:30,  5.97it/s]Visualizing group 1:  65%|██████▌   | 333/512 [00:51<00:28,  6.24it/s]Visualizing group 1:  65%|██████▌   | 334/512 [00:51<00:27,  6.42it/s]Visualizing group 1:  65%|██████▌   | 335/512 [00:51<00:28,  6.30it/s]Visualizing group 1:  66%|██████▌   | 336/512 [00:51<00:36,  4.76it/s]Visualizing group 1:  66%|██████▌   | 337/512 [00:52<00:33,  5.16it/s]Visualizing group 1:  66%|██████▌   | 338/512 [00:52<00:31,  5.56it/s]Visualizing group 1:  66%|██████▌   | 339/512 [00:52<00:29,  5.89it/s]Visualizing group 1:  66%|██████▋   | 340/512 [00:52<00:28,  5.96it/s]Visualizing group 1:  67%|██████▋   | 341/512 [00:52<00:27,  6.18it/s]Visualizing group 1:  67%|██████▋   | 342/512 [00:52<00:27,  6.25it/s]Visualizing group 1:  67%|██████▋   | 343/512 [00:52<00:28,  6.01it/s]Visualizing group 1:  67%|██████▋   | 344/512 [00:53<00:27,  6.10it/s]Visualizing group 1:  67%|██████▋   | 345/512 [00:53<00:27,  6.17it/s]Visualizing group 1:  68%|██████▊   | 346/512 [00:53<00:26,  6.20it/s]Visualizing group 1:  68%|██████▊   | 347/512 [00:53<00:27,  6.04it/s]Visualizing group 1:  68%|██████▊   | 348/512 [00:53<00:26,  6.13it/s]Visualizing group 1:  68%|██████▊   | 349/512 [00:53<00:26,  6.18it/s]Visualizing group 1:  68%|██████▊   | 350/512 [00:54<00:26,  6.20it/s]Visualizing group 1:  69%|██████▊   | 351/512 [00:54<00:26,  6.06it/s]Visualizing group 1:  69%|██████▉   | 352/512 [00:54<00:26,  6.08it/s]Visualizing group 1:  69%|██████▉   | 353/512 [00:54<00:27,  5.83it/s]Visualizing group 1:  69%|██████▉   | 354/512 [00:54<00:25,  6.10it/s]Visualizing group 1:  69%|██████▉   | 355/512 [00:54<00:25,  6.24it/s]Visualizing group 1:  70%|██████▉   | 356/512 [00:55<00:24,  6.37it/s]Visualizing group 1:  70%|██████▉   | 357/512 [00:55<00:24,  6.40it/s]Visualizing group 1:  70%|██████▉   | 358/512 [00:55<00:23,  6.60it/s]Visualizing group 1:  70%|███████   | 359/512 [00:55<00:23,  6.55it/s]Visualizing group 1:  70%|███████   | 360/512 [00:55<00:22,  6.68it/s]Visualizing group 1:  71%|███████   | 361/512 [00:55<00:23,  6.54it/s]Visualizing group 1:  71%|███████   | 362/512 [00:55<00:22,  6.66it/s]Visualizing group 1:  71%|███████   | 363/512 [00:56<00:22,  6.55it/s]Visualizing group 1:  71%|███████   | 364/512 [00:56<00:22,  6.48it/s]Visualizing group 1:  71%|███████▏  | 365/512 [00:56<00:22,  6.57it/s]Visualizing group 1:  71%|███████▏  | 366/512 [00:56<00:21,  6.68it/s]Visualizing group 1:  72%|███████▏  | 367/512 [00:56<00:22,  6.57it/s]Visualizing group 1:  72%|███████▏  | 368/512 [00:56<00:21,  6.66it/s]Visualizing group 1:  72%|███████▏  | 369/512 [00:57<00:21,  6.66it/s]Visualizing group 1:  72%|███████▏  | 370/512 [00:57<00:20,  6.78it/s]Visualizing group 1:  72%|███████▏  | 371/512 [00:57<00:21,  6.51it/s]Visualizing group 1:  73%|███████▎  | 372/512 [00:57<00:21,  6.61it/s]Visualizing group 1:  73%|███████▎  | 373/512 [00:57<00:20,  6.70it/s]Visualizing group 1:  73%|███████▎  | 374/512 [00:57<00:20,  6.77it/s]Visualizing group 1:  73%|███████▎  | 375/512 [00:57<00:20,  6.68it/s]Visualizing group 1:  73%|███████▎  | 376/512 [00:58<00:20,  6.74it/s]Visualizing group 1:  74%|███████▎  | 377/512 [00:58<00:20,  6.69it/s]Visualizing group 1:  74%|███████▍  | 378/512 [00:58<00:19,  6.74it/s]Visualizing group 1:  74%|███████▍  | 379/512 [00:58<00:19,  6.67it/s]Visualizing group 1:  74%|███████▍  | 380/512 [00:58<00:20,  6.53it/s]Visualizing group 1:  74%|███████▍  | 381/512 [00:58<00:19,  6.56it/s]Visualizing group 1:  75%|███████▍  | 382/512 [00:59<00:19,  6.65it/s]Visualizing group 1:  75%|███████▍  | 383/512 [00:59<00:19,  6.74it/s]Visualizing group 1:  75%|███████▌  | 384/512 [00:59<00:18,  6.89it/s]Visualizing group 1:  75%|███████▌  | 385/512 [00:59<00:18,  6.70it/s]Visualizing group 1:  75%|███████▌  | 386/512 [00:59<00:18,  6.66it/s]Visualizing group 1:  76%|███████▌  | 387/512 [00:59<00:18,  6.68it/s]Visualizing group 1:  76%|███████▌  | 388/512 [00:59<00:18,  6.80it/s]Visualizing group 1:  76%|███████▌  | 389/512 [01:00<00:18,  6.66it/s]Visualizing group 1:  76%|███████▌  | 390/512 [01:00<00:18,  6.75it/s]Visualizing group 1:  76%|███████▋  | 391/512 [01:00<00:18,  6.64it/s]Visualizing group 1:  77%|███████▋  | 392/512 [01:00<00:18,  6.57it/s]Visualizing group 1:  77%|███████▋  | 393/512 [01:00<00:18,  6.58it/s]Visualizing group 1:  77%|███████▋  | 394/512 [01:00<00:17,  6.68it/s]Visualizing group 1:  77%|███████▋  | 395/512 [01:00<00:17,  6.63it/s]Visualizing group 1:  77%|███████▋  | 396/512 [01:01<00:17,  6.65it/s]Visualizing group 1:  78%|███████▊  | 397/512 [01:01<00:17,  6.69it/s]Visualizing group 1:  78%|███████▊  | 398/512 [01:01<00:17,  6.64it/s]Visualizing group 1:  78%|███████▊  | 399/512 [01:01<00:17,  6.60it/s]Visualizing group 1:  78%|███████▊  | 400/512 [01:01<00:16,  6.65it/s]Visualizing group 1:  78%|███████▊  | 401/512 [01:01<00:17,  6.48it/s]Visualizing group 1:  79%|███████▊  | 402/512 [01:02<00:17,  6.46it/s]Visualizing group 1:  79%|███████▊  | 403/512 [01:02<00:17,  6.32it/s]Visualizing group 1:  79%|███████▉  | 404/512 [01:02<00:17,  6.21it/s]Visualizing group 1:  79%|███████▉  | 405/512 [01:02<00:20,  5.22it/s]Visualizing group 1:  79%|███████▉  | 406/512 [01:02<00:18,  5.64it/s]Visualizing group 1:  79%|███████▉  | 407/512 [01:02<00:17,  5.94it/s]Visualizing group 1:  80%|███████▉  | 408/512 [01:03<00:17,  6.12it/s]Visualizing group 1:  80%|███████▉  | 409/512 [01:03<00:16,  6.15it/s]Visualizing group 1:  80%|████████  | 410/512 [01:03<00:16,  6.37it/s]Visualizing group 1:  80%|████████  | 411/512 [01:03<00:15,  6.47it/s]Visualizing group 1:  80%|████████  | 412/512 [01:03<00:15,  6.54it/s]Visualizing group 1:  81%|████████  | 413/512 [01:03<00:15,  6.57it/s]Visualizing group 1:  81%|████████  | 414/512 [01:03<00:14,  6.55it/s]Visualizing group 1:  81%|████████  | 415/512 [01:04<00:14,  6.56it/s]Visualizing group 1:  81%|████████▏ | 416/512 [01:04<00:15,  6.37it/s]Visualizing group 1:  81%|████████▏ | 417/512 [01:04<00:15,  6.29it/s]Visualizing group 1:  82%|████████▏ | 418/512 [01:04<00:14,  6.34it/s]Visualizing group 1:  82%|████████▏ | 419/512 [01:04<00:14,  6.54it/s]Visualizing group 1:  82%|████████▏ | 420/512 [01:04<00:13,  6.66it/s]Visualizing group 1:  82%|████████▏ | 421/512 [01:05<00:13,  6.61it/s]Visualizing group 1:  82%|████████▏ | 422/512 [01:05<00:13,  6.53it/s]Visualizing group 1:  83%|████████▎ | 423/512 [01:05<00:13,  6.48it/s]Visualizing group 1:  83%|████████▎ | 424/512 [01:05<00:13,  6.43it/s]Visualizing group 1:  83%|████████▎ | 425/512 [01:05<00:13,  6.55it/s]Visualizing group 1:  83%|████████▎ | 426/512 [01:05<00:13,  6.57it/s]Visualizing group 1:  83%|████████▎ | 427/512 [01:05<00:12,  6.56it/s]Visualizing group 1:  84%|████████▎ | 428/512 [01:06<00:12,  6.47it/s]Visualizing group 1:  84%|████████▍ | 429/512 [01:06<00:13,  6.36it/s]Visualizing group 1:  84%|████████▍ | 430/512 [01:06<00:12,  6.35it/s]Visualizing group 1:  84%|████████▍ | 431/512 [01:06<00:12,  6.46it/s]Visualizing group 1:  84%|████████▍ | 432/512 [01:06<00:12,  6.54it/s]Visualizing group 1:  85%|████████▍ | 433/512 [01:06<00:12,  6.56it/s]Visualizing group 1:  85%|████████▍ | 434/512 [01:07<00:11,  6.59it/s]Visualizing group 1:  85%|████████▍ | 435/512 [01:07<00:11,  6.58it/s]Visualizing group 1:  85%|████████▌ | 436/512 [01:07<00:11,  6.51it/s]Visualizing group 1:  85%|████████▌ | 437/512 [01:07<00:11,  6.51it/s]Visualizing group 1:  86%|████████▌ | 438/512 [01:07<00:11,  6.58it/s]Visualizing group 1:  86%|████████▌ | 439/512 [01:07<00:10,  6.67it/s]Visualizing group 1:  86%|████████▌ | 440/512 [01:07<00:10,  6.66it/s]Visualizing group 1:  86%|████████▌ | 441/512 [01:08<00:10,  6.68it/s]Visualizing group 1:  86%|████████▋ | 442/512 [01:08<00:10,  6.68it/s]Visualizing group 1:  87%|████████▋ | 443/512 [01:08<00:10,  6.67it/s]Visualizing group 1:  87%|████████▋ | 444/512 [01:08<00:10,  6.58it/s]Visualizing group 1:  87%|████████▋ | 445/512 [01:08<00:10,  6.60it/s]Visualizing group 1:  87%|████████▋ | 446/512 [01:08<00:09,  6.64it/s]Visualizing group 1:  87%|████████▋ | 447/512 [01:09<00:09,  6.71it/s]Visualizing group 1:  88%|████████▊ | 448/512 [01:09<00:09,  6.56it/s]Visualizing group 1:  88%|████████▊ | 449/512 [01:09<00:09,  6.57it/s]Visualizing group 1:  88%|████████▊ | 450/512 [01:09<00:09,  6.68it/s]Visualizing group 1:  88%|████████▊ | 451/512 [01:09<00:09,  6.68it/s]Visualizing group 1:  88%|████████▊ | 452/512 [01:09<00:08,  6.75it/s]Visualizing group 1:  88%|████████▊ | 453/512 [01:09<00:08,  6.67it/s]Visualizing group 1:  89%|████████▊ | 454/512 [01:10<00:08,  6.74it/s]Visualizing group 1:  89%|████████▉ | 455/512 [01:10<00:08,  6.52it/s]Visualizing group 1:  89%|████████▉ | 456/512 [01:10<00:08,  6.62it/s]Visualizing group 1:  89%|████████▉ | 457/512 [01:10<00:08,  6.37it/s]Visualizing group 1:  89%|████████▉ | 458/512 [01:10<00:08,  6.42it/s]Visualizing group 1:  90%|████████▉ | 459/512 [01:10<00:08,  6.30it/s]Visualizing group 1:  90%|████████▉ | 460/512 [01:11<00:08,  6.42it/s]Visualizing group 1:  90%|█████████ | 461/512 [01:11<00:07,  6.50it/s]Visualizing group 1:  90%|█████████ | 462/512 [01:11<00:07,  6.55it/s]Visualizing group 1:  90%|█████████ | 463/512 [01:11<00:07,  6.51it/s]Visualizing group 1:  91%|█████████ | 464/512 [01:11<00:07,  6.56it/s]Visualizing group 1:  91%|█████████ | 465/512 [01:11<00:07,  6.67it/s]Visualizing group 1:  91%|█████████ | 466/512 [01:11<00:06,  6.77it/s]Visualizing group 1:  91%|█████████ | 467/512 [01:12<00:06,  6.58it/s]Visualizing group 1:  91%|█████████▏| 468/512 [01:12<00:06,  6.63it/s]Visualizing group 1:  92%|█████████▏| 469/512 [01:12<00:06,  6.80it/s]Visualizing group 1:  92%|█████████▏| 470/512 [01:12<00:06,  6.76it/s]Visualizing group 1:  92%|█████████▏| 471/512 [01:12<00:06,  6.64it/s]Visualizing group 1:  92%|█████████▏| 472/512 [01:12<00:06,  6.52it/s]Visualizing group 1:  92%|█████████▏| 473/512 [01:12<00:05,  6.62it/s]Visualizing group 1:  93%|█████████▎| 474/512 [01:13<00:05,  6.45it/s]Visualizing group 1:  93%|█████████▎| 475/512 [01:13<00:05,  6.28it/s]Visualizing group 1:  93%|█████████▎| 476/512 [01:13<00:05,  6.19it/s]Visualizing group 1:  93%|█████████▎| 477/512 [01:13<00:05,  6.35it/s]Visualizing group 1:  93%|█████████▎| 478/512 [01:13<00:05,  6.43it/s]Visualizing group 1:  94%|█████████▎| 479/512 [01:13<00:05,  6.48it/s]Visualizing group 1:  94%|█████████▍| 480/512 [01:14<00:04,  6.50it/s]Visualizing group 1:  94%|█████████▍| 481/512 [01:14<00:04,  6.48it/s]Visualizing group 1:  94%|█████████▍| 482/512 [01:14<00:04,  6.60it/s]Visualizing group 1:  94%|█████████▍| 483/512 [01:14<00:04,  6.26it/s]Visualizing group 1:  95%|█████████▍| 484/512 [01:14<00:04,  6.30it/s]Visualizing group 1:  95%|█████████▍| 485/512 [01:14<00:04,  6.34it/s]Visualizing group 1:  95%|█████████▍| 486/512 [01:15<00:04,  6.28it/s]Visualizing group 1:  95%|█████████▌| 487/512 [01:15<00:03,  6.31it/s]Visualizing group 1:  95%|█████████▌| 488/512 [01:15<00:04,  5.89it/s]Visualizing group 1:  96%|█████████▌| 489/512 [01:15<00:03,  5.99it/s]Visualizing group 1:  96%|█████████▌| 490/512 [01:15<00:03,  5.98it/s]Visualizing group 1:  96%|█████████▌| 491/512 [01:15<00:03,  6.09it/s]Visualizing group 1:  96%|█████████▌| 492/512 [01:15<00:03,  6.27it/s]Visualizing group 1:  96%|█████████▋| 493/512 [01:16<00:02,  6.36it/s]Visualizing group 1:  96%|█████████▋| 494/512 [01:16<00:02,  6.32it/s]Visualizing group 1:  97%|█████████▋| 495/512 [01:16<00:02,  6.40it/s]Visualizing group 1:  97%|█████████▋| 496/512 [01:16<00:02,  6.47it/s]Visualizing group 1:  97%|█████████▋| 497/512 [01:16<00:02,  6.59it/s]Visualizing group 1:  97%|█████████▋| 498/512 [01:16<00:02,  6.48it/s]Visualizing group 1:  97%|█████████▋| 499/512 [01:17<00:01,  6.62it/s]Visualizing group 1:  98%|█████████▊| 500/512 [01:17<00:01,  6.55it/s]Visualizing group 1:  98%|█████████▊| 501/512 [01:17<00:01,  6.34it/s]Visualizing group 1:  98%|█████████▊| 502/512 [01:17<00:01,  6.43it/s]Visualizing group 1:  98%|█████████▊| 503/512 [01:17<00:01,  6.48it/s]Visualizing group 1:  98%|█████████▊| 504/512 [01:17<00:01,  6.24it/s]Visualizing group 1:  99%|█████████▊| 505/512 [01:18<00:01,  6.42it/s]Visualizing group 1:  99%|█████████▉| 506/512 [01:18<00:00,  6.43it/s]Visualizing group 1:  99%|█████████▉| 507/512 [01:18<00:00,  6.46it/s]Visualizing group 1:  99%|█████████▉| 508/512 [01:18<00:00,  6.52it/s]Visualizing group 1:  99%|█████████▉| 509/512 [01:18<00:00,  6.12it/s]Visualizing group 1: 100%|█████████▉| 510/512 [01:18<00:00,  6.07it/s]Visualizing group 1: 100%|█████████▉| 511/512 [01:19<00:00,  5.91it/s]Visualizing group 1: 100%|██████████| 512/512 [01:19<00:00,  6.12it/s]Visualizing group 1: 100%|██████████| 512/512 [01:19<00:00,  6.47it/s]
Visualizing group 2:   0%|          | 0/1024 [00:00<?, ?it/s]Visualizing group 2:   0%|          | 1/1024 [00:00<02:27,  6.92it/s]Visualizing group 2:   0%|          | 2/1024 [00:00<02:34,  6.63it/s]Visualizing group 2:   0%|          | 3/1024 [00:00<03:23,  5.01it/s]Visualizing group 2:   0%|          | 4/1024 [00:00<03:02,  5.58it/s]Visualizing group 2:   0%|          | 5/1024 [00:00<02:50,  5.99it/s]Visualizing group 2:   1%|          | 6/1024 [00:01<02:46,  6.13it/s]Visualizing group 2:   1%|          | 7/1024 [00:01<02:39,  6.39it/s]Visualizing group 2:   1%|          | 8/1024 [00:01<02:35,  6.54it/s]Visualizing group 2:   1%|          | 9/1024 [00:01<02:33,  6.59it/s]Visualizing group 2:   1%|          | 10/1024 [00:01<02:35,  6.51it/s]Visualizing group 2:   1%|          | 11/1024 [00:01<02:35,  6.51it/s]Visualizing group 2:   1%|          | 12/1024 [00:01<02:37,  6.43it/s]Visualizing group 2:   1%|▏         | 13/1024 [00:02<02:44,  6.16it/s]Visualizing group 2:   1%|▏         | 14/1024 [00:02<02:40,  6.30it/s]Visualizing group 2:   1%|▏         | 15/1024 [00:02<02:42,  6.20it/s]Visualizing group 2:   2%|▏         | 16/1024 [00:02<02:41,  6.25it/s]Visualizing group 2:   2%|▏         | 17/1024 [00:02<02:43,  6.17it/s]Visualizing group 2:   2%|▏         | 18/1024 [00:02<02:42,  6.18it/s]Visualizing group 2:   2%|▏         | 19/1024 [00:03<02:40,  6.26it/s]Visualizing group 2:   2%|▏         | 20/1024 [00:03<02:37,  6.37it/s]Visualizing group 2:   2%|▏         | 21/1024 [00:03<02:40,  6.24it/s]Visualizing group 2:   2%|▏         | 22/1024 [00:03<02:35,  6.45it/s]Visualizing group 2:   2%|▏         | 23/1024 [00:03<02:32,  6.58it/s]Visualizing group 2:   2%|▏         | 24/1024 [00:03<02:31,  6.62it/s]Visualizing group 2:   2%|▏         | 25/1024 [00:03<02:31,  6.60it/s]Visualizing group 2:   3%|▎         | 26/1024 [00:04<02:30,  6.64it/s]Visualizing group 2:   3%|▎         | 27/1024 [00:04<02:28,  6.73it/s]Visualizing group 2:   3%|▎         | 28/1024 [00:04<02:28,  6.70it/s]Visualizing group 2:   3%|▎         | 29/1024 [00:04<02:27,  6.76it/s]Visualizing group 2:   3%|▎         | 30/1024 [00:04<02:30,  6.60it/s]Visualizing group 2:   3%|▎         | 31/1024 [00:04<02:28,  6.70it/s]Visualizing group 2:   3%|▎         | 32/1024 [00:04<02:27,  6.71it/s]Visualizing group 2:   3%|▎         | 33/1024 [00:05<02:27,  6.71it/s]Visualizing group 2:   3%|▎         | 34/1024 [00:05<02:28,  6.66it/s]Visualizing group 2:   3%|▎         | 35/1024 [00:05<02:32,  6.47it/s]Visualizing group 2:   4%|▎         | 36/1024 [00:05<02:31,  6.53it/s]Visualizing group 2:   4%|▎         | 37/1024 [00:05<02:32,  6.46it/s]Visualizing group 2:   4%|▎         | 38/1024 [00:05<02:35,  6.32it/s]Visualizing group 2:   4%|▍         | 39/1024 [00:06<02:34,  6.36it/s]Visualizing group 2:   4%|▍         | 40/1024 [00:06<02:30,  6.52it/s]Visualizing group 2:   4%|▍         | 41/1024 [00:06<02:32,  6.43it/s]Visualizing group 2:   4%|▍         | 42/1024 [00:06<02:36,  6.26it/s]Visualizing group 2:   4%|▍         | 43/1024 [00:06<02:39,  6.14it/s]Visualizing group 2:   4%|▍         | 44/1024 [00:06<02:39,  6.15it/s]Visualizing group 2:   4%|▍         | 45/1024 [00:07<02:35,  6.30it/s]Visualizing group 2:   4%|▍         | 46/1024 [00:07<02:33,  6.39it/s]Visualizing group 2:   5%|▍         | 47/1024 [00:07<02:30,  6.48it/s]Visualizing group 2:   5%|▍         | 48/1024 [00:07<02:30,  6.50it/s]Visualizing group 2:   5%|▍         | 49/1024 [00:07<02:25,  6.72it/s]Visualizing group 2:   5%|▍         | 50/1024 [00:07<02:27,  6.59it/s]Visualizing group 2:   5%|▍         | 51/1024 [00:07<02:24,  6.73it/s]Visualizing group 2:   5%|▌         | 52/1024 [00:08<02:22,  6.81it/s]Visualizing group 2:   5%|▌         | 53/1024 [00:08<02:24,  6.71it/s]Visualizing group 2:   5%|▌         | 54/1024 [00:08<02:28,  6.52it/s]Visualizing group 2:   5%|▌         | 55/1024 [00:08<02:31,  6.39it/s]Visualizing group 2:   5%|▌         | 56/1024 [00:08<02:27,  6.56it/s]Visualizing group 2:   6%|▌         | 57/1024 [00:08<02:31,  6.38it/s]Visualizing group 2:   6%|▌         | 58/1024 [00:09<02:32,  6.31it/s]Visualizing group 2:   6%|▌         | 59/1024 [00:09<02:33,  6.27it/s]Visualizing group 2:   6%|▌         | 60/1024 [00:09<02:30,  6.40it/s]Visualizing group 2:   6%|▌         | 61/1024 [00:09<02:32,  6.30it/s]Visualizing group 2:   6%|▌         | 62/1024 [00:09<02:27,  6.53it/s]Visualizing group 2:   6%|▌         | 63/1024 [00:09<02:30,  6.40it/s]Visualizing group 2:   6%|▋         | 64/1024 [00:09<02:30,  6.36it/s]Visualizing group 2:   6%|▋         | 65/1024 [00:10<02:33,  6.26it/s]Visualizing group 2:   6%|▋         | 66/1024 [00:10<02:33,  6.23it/s]Visualizing group 2:   7%|▋         | 67/1024 [00:10<02:33,  6.22it/s]Visualizing group 2:   7%|▋         | 68/1024 [00:10<02:31,  6.30it/s]Visualizing group 2:   7%|▋         | 69/1024 [00:10<02:37,  6.08it/s]Visualizing group 2:   7%|▋         | 70/1024 [00:10<02:33,  6.22it/s]Visualizing group 2:   7%|▋         | 71/1024 [00:11<02:33,  6.20it/s]Visualizing group 2:   7%|▋         | 72/1024 [00:11<02:27,  6.44it/s]Visualizing group 2:   7%|▋         | 73/1024 [00:11<02:25,  6.53it/s]Visualizing group 2:   7%|▋         | 74/1024 [00:11<02:29,  6.34it/s]Visualizing group 2:   7%|▋         | 75/1024 [00:11<02:32,  6.24it/s]Visualizing group 2:   7%|▋         | 76/1024 [00:11<02:33,  6.17it/s]Visualizing group 2:   8%|▊         | 77/1024 [00:12<02:29,  6.33it/s]Visualizing group 2:   8%|▊         | 78/1024 [00:12<02:28,  6.36it/s]Visualizing group 2:   8%|▊         | 79/1024 [00:12<02:26,  6.46it/s]Visualizing group 2:   8%|▊         | 80/1024 [00:12<02:24,  6.55it/s]Visualizing group 2:   8%|▊         | 81/1024 [00:12<02:26,  6.45it/s]Visualizing group 2:   8%|▊         | 82/1024 [00:12<02:24,  6.53it/s]Visualizing group 2:   8%|▊         | 83/1024 [00:12<02:23,  6.55it/s]Visualizing group 2:   8%|▊         | 84/1024 [00:13<02:23,  6.55it/s]Visualizing group 2:   8%|▊         | 85/1024 [00:13<02:27,  6.36it/s]Visualizing group 2:   8%|▊         | 86/1024 [00:13<02:29,  6.28it/s]Visualizing group 2:   8%|▊         | 87/1024 [00:13<02:25,  6.45it/s]Visualizing group 2:   9%|▊         | 88/1024 [00:13<02:21,  6.62it/s]Visualizing group 2:   9%|▊         | 89/1024 [00:13<02:23,  6.52it/s]Visualizing group 2:   9%|▉         | 90/1024 [00:14<02:21,  6.62it/s]Visualizing group 2:   9%|▉         | 91/1024 [00:14<02:21,  6.59it/s]Visualizing group 2:   9%|▉         | 92/1024 [00:14<02:20,  6.63it/s]Visualizing group 2:   9%|▉         | 93/1024 [00:14<02:23,  6.49it/s]Visualizing group 2:   9%|▉         | 94/1024 [00:14<02:22,  6.53it/s]Visualizing group 2:   9%|▉         | 95/1024 [00:14<02:24,  6.44it/s]Visualizing group 2:   9%|▉         | 96/1024 [00:14<02:27,  6.30it/s]Visualizing group 2:   9%|▉         | 97/1024 [00:15<02:29,  6.19it/s]Visualizing group 2:  10%|▉         | 98/1024 [00:15<02:33,  6.03it/s]Visualizing group 2:  10%|▉         | 99/1024 [00:15<02:36,  5.91it/s]Visualizing group 2:  10%|▉         | 100/1024 [00:15<02:32,  6.06it/s]Visualizing group 2:  10%|▉         | 101/1024 [00:15<02:28,  6.24it/s]Visualizing group 2:  10%|▉         | 102/1024 [00:15<02:24,  6.40it/s]Visualizing group 2:  10%|█         | 103/1024 [00:16<02:22,  6.48it/s]Visualizing group 2:  10%|█         | 104/1024 [00:16<02:21,  6.52it/s]Visualizing group 2:  10%|█         | 105/1024 [00:16<02:22,  6.45it/s]Visualizing group 2:  10%|█         | 106/1024 [00:16<02:20,  6.52it/s]Visualizing group 2:  10%|█         | 107/1024 [00:16<02:18,  6.63it/s]Visualizing group 2:  11%|█         | 108/1024 [00:16<02:19,  6.58it/s]Visualizing group 2:  11%|█         | 109/1024 [00:17<02:20,  6.53it/s]Visualizing group 2:  11%|█         | 110/1024 [00:17<02:19,  6.54it/s]Visualizing group 2:  11%|█         | 111/1024 [00:17<02:26,  6.23it/s]Visualizing group 2:  11%|█         | 112/1024 [00:17<03:04,  4.94it/s]Visualizing group 2:  11%|█         | 113/1024 [00:17<02:52,  5.28it/s]Visualizing group 2:  11%|█         | 114/1024 [00:17<02:39,  5.70it/s]Visualizing group 2:  11%|█         | 115/1024 [00:18<02:35,  5.86it/s]Visualizing group 2:  11%|█▏        | 116/1024 [00:18<02:30,  6.05it/s]Visualizing group 2:  11%|█▏        | 117/1024 [00:18<02:23,  6.31it/s]Visualizing group 2:  12%|█▏        | 118/1024 [00:18<02:22,  6.36it/s]Visualizing group 2:  12%|█▏        | 119/1024 [00:18<02:28,  6.11it/s]Visualizing group 2:  12%|█▏        | 120/1024 [00:18<02:29,  6.04it/s]Visualizing group 2:  12%|█▏        | 121/1024 [00:19<02:28,  6.10it/s]Visualizing group 2:  12%|█▏        | 122/1024 [00:19<02:22,  6.32it/s]Visualizing group 2:  12%|█▏        | 123/1024 [00:19<02:27,  6.09it/s]Visualizing group 2:  12%|█▏        | 124/1024 [00:19<02:25,  6.20it/s]Visualizing group 2:  12%|█▏        | 125/1024 [00:19<02:22,  6.29it/s]Visualizing group 2:  12%|█▏        | 126/1024 [00:19<02:20,  6.39it/s]Visualizing group 2:  12%|█▏        | 127/1024 [00:19<02:17,  6.54it/s]Visualizing group 2:  12%|█▎        | 128/1024 [00:20<02:20,  6.40it/s]Visualizing group 2:  13%|█▎        | 129/1024 [00:20<02:16,  6.57it/s]Visualizing group 2:  13%|█▎        | 130/1024 [00:20<02:14,  6.66it/s]Visualizing group 2:  13%|█▎        | 131/1024 [00:20<02:15,  6.58it/s]Visualizing group 2:  13%|█▎        | 132/1024 [00:20<02:18,  6.45it/s]Visualizing group 2:  13%|█▎        | 133/1024 [00:20<02:29,  5.97it/s]Visualizing group 2:  13%|█▎        | 134/1024 [00:21<02:30,  5.91it/s]Visualizing group 2:  13%|█▎        | 135/1024 [00:21<02:32,  5.85it/s]Visualizing group 2:  13%|█▎        | 136/1024 [00:21<02:29,  5.94it/s]Visualizing group 2:  13%|█▎        | 137/1024 [00:21<02:28,  5.97it/s]Visualizing group 2:  13%|█▎        | 138/1024 [00:21<02:28,  5.95it/s]Visualizing group 2:  14%|█▎        | 139/1024 [00:21<02:23,  6.16it/s]Visualizing group 2:  14%|█▎        | 140/1024 [00:22<02:21,  6.27it/s]Visualizing group 2:  14%|█▍        | 141/1024 [00:22<02:18,  6.37it/s]Visualizing group 2:  14%|█▍        | 142/1024 [00:22<02:17,  6.40it/s]Visualizing group 2:  14%|█▍        | 143/1024 [00:22<02:15,  6.50it/s]Visualizing group 2:  14%|█▍        | 144/1024 [00:22<02:15,  6.51it/s]Visualizing group 2:  14%|█▍        | 145/1024 [00:22<02:13,  6.59it/s]Visualizing group 2:  14%|█▍        | 146/1024 [00:23<02:12,  6.63it/s]Visualizing group 2:  14%|█▍        | 147/1024 [00:23<02:13,  6.58it/s]Visualizing group 2:  14%|█▍        | 148/1024 [00:23<02:12,  6.62it/s]Visualizing group 2:  15%|█▍        | 149/1024 [00:23<02:21,  6.17it/s]Visualizing group 2:  15%|█▍        | 150/1024 [00:23<02:22,  6.15it/s]Visualizing group 2:  15%|█▍        | 151/1024 [00:23<02:29,  5.85it/s]Visualizing group 2:  15%|█▍        | 152/1024 [00:24<02:25,  5.98it/s]Visualizing group 2:  15%|█▍        | 153/1024 [00:24<02:20,  6.18it/s]Visualizing group 2:  15%|█▌        | 154/1024 [00:24<02:16,  6.36it/s]Visualizing group 2:  15%|█▌        | 155/1024 [00:24<02:15,  6.39it/s]Visualizing group 2:  15%|█▌        | 156/1024 [00:24<02:13,  6.50it/s]Visualizing group 2:  15%|█▌        | 157/1024 [00:24<02:16,  6.36it/s]Visualizing group 2:  15%|█▌        | 158/1024 [00:24<02:18,  6.27it/s]Visualizing group 2:  16%|█▌        | 159/1024 [00:25<02:17,  6.27it/s]Visualizing group 2:  16%|█▌        | 160/1024 [00:25<02:18,  6.24it/s]Visualizing group 2:  16%|█▌        | 161/1024 [00:25<02:21,  6.11it/s]Visualizing group 2:  16%|█▌        | 162/1024 [00:25<02:19,  6.16it/s]Visualizing group 2:  16%|█▌        | 163/1024 [00:25<02:21,  6.07it/s]Visualizing group 2:  16%|█▌        | 164/1024 [00:25<02:24,  5.96it/s]Visualizing group 2:  16%|█▌        | 165/1024 [00:26<02:20,  6.11it/s]Visualizing group 2:  16%|█▌        | 166/1024 [00:26<02:16,  6.30it/s]Visualizing group 2:  16%|█▋        | 167/1024 [00:26<02:15,  6.34it/s]Visualizing group 2:  16%|█▋        | 168/1024 [00:26<02:14,  6.38it/s]Visualizing group 2:  17%|█▋        | 169/1024 [00:26<02:13,  6.39it/s]Visualizing group 2:  17%|█▋        | 170/1024 [00:26<02:13,  6.38it/s]Visualizing group 2:  17%|█▋        | 171/1024 [00:27<02:08,  6.66it/s]Visualizing group 2:  17%|█▋        | 172/1024 [00:27<02:08,  6.65it/s]Visualizing group 2:  17%|█▋        | 173/1024 [00:27<02:08,  6.61it/s]Visualizing group 2:  17%|█▋        | 174/1024 [00:27<02:07,  6.66it/s]Visualizing group 2:  17%|█▋        | 175/1024 [00:27<02:08,  6.58it/s]Visualizing group 2:  17%|█▋        | 176/1024 [00:27<02:07,  6.66it/s]Visualizing group 2:  17%|█▋        | 177/1024 [00:27<02:06,  6.68it/s]Visualizing group 2:  17%|█▋        | 178/1024 [00:28<02:10,  6.50it/s]Visualizing group 2:  17%|█▋        | 179/1024 [00:28<02:08,  6.55it/s]Visualizing group 2:  18%|█▊        | 180/1024 [00:28<02:13,  6.34it/s]Visualizing group 2:  18%|█▊        | 181/1024 [00:28<02:11,  6.41it/s]Visualizing group 2:  18%|█▊        | 182/1024 [00:28<02:11,  6.39it/s]Visualizing group 2:  18%|█▊        | 183/1024 [00:28<02:13,  6.31it/s]Visualizing group 2:  18%|█▊        | 184/1024 [00:29<02:10,  6.44it/s]Visualizing group 2:  18%|█▊        | 185/1024 [00:29<02:07,  6.59it/s]Visualizing group 2:  18%|█▊        | 186/1024 [00:29<02:09,  6.45it/s]Visualizing group 2:  18%|█▊        | 187/1024 [00:29<02:07,  6.56it/s]Visualizing group 2:  18%|█▊        | 188/1024 [00:29<02:07,  6.57it/s]Visualizing group 2:  18%|█▊        | 189/1024 [00:29<02:05,  6.67it/s]Visualizing group 2:  19%|█▊        | 190/1024 [00:29<02:06,  6.58it/s]Visualizing group 2:  19%|█▊        | 191/1024 [00:30<02:05,  6.64it/s]Visualizing group 2:  19%|█▉        | 192/1024 [00:30<02:06,  6.60it/s]Visualizing group 2:  19%|█▉        | 193/1024 [00:30<02:07,  6.50it/s]Visualizing group 2:  19%|█▉        | 194/1024 [00:30<02:10,  6.37it/s]Visualizing group 2:  19%|█▉        | 195/1024 [00:30<02:10,  6.35it/s]Visualizing group 2:  19%|█▉        | 196/1024 [00:30<02:06,  6.53it/s]Visualizing group 2:  19%|█▉        | 197/1024 [00:30<02:07,  6.48it/s]Visualizing group 2:  19%|█▉        | 198/1024 [00:31<02:04,  6.61it/s]Visualizing group 2:  19%|█▉        | 199/1024 [00:31<02:05,  6.57it/s]Visualizing group 2:  20%|█▉        | 200/1024 [00:31<02:04,  6.61it/s]Visualizing group 2:  20%|█▉        | 201/1024 [00:31<02:04,  6.61it/s]Visualizing group 2:  20%|█▉        | 202/1024 [00:31<02:03,  6.66it/s]Visualizing group 2:  20%|█▉        | 203/1024 [00:31<02:05,  6.52it/s]Visualizing group 2:  20%|█▉        | 204/1024 [00:32<02:04,  6.60it/s]Visualizing group 2:  20%|██        | 205/1024 [00:32<02:03,  6.61it/s]Visualizing group 2:  20%|██        | 206/1024 [00:32<02:01,  6.74it/s]Visualizing group 2:  20%|██        | 207/1024 [00:32<02:42,  5.03it/s]Visualizing group 2:  20%|██        | 208/1024 [00:32<02:31,  5.39it/s]Visualizing group 2:  20%|██        | 209/1024 [00:32<02:20,  5.79it/s]Visualizing group 2:  21%|██        | 210/1024 [00:33<02:13,  6.10it/s]Visualizing group 2:  21%|██        | 211/1024 [00:33<02:08,  6.35it/s]Visualizing group 2:  21%|██        | 212/1024 [00:33<02:06,  6.40it/s]Visualizing group 2:  21%|██        | 213/1024 [00:33<02:04,  6.51it/s]Visualizing group 2:  21%|██        | 214/1024 [00:33<02:04,  6.50it/s]Visualizing group 2:  21%|██        | 215/1024 [00:33<02:28,  5.44it/s]Visualizing group 2:  21%|██        | 216/1024 [00:34<02:21,  5.72it/s]Visualizing group 2:  21%|██        | 217/1024 [00:34<02:19,  5.78it/s]Visualizing group 2:  21%|██▏       | 218/1024 [00:34<02:19,  5.79it/s]Visualizing group 2:  21%|██▏       | 219/1024 [00:34<02:15,  5.92it/s]Visualizing group 2:  21%|██▏       | 220/1024 [00:34<02:10,  6.15it/s]Visualizing group 2:  22%|██▏       | 221/1024 [00:34<02:07,  6.28it/s]Visualizing group 2:  22%|██▏       | 222/1024 [00:35<02:09,  6.21it/s]Visualizing group 2:  22%|██▏       | 223/1024 [00:35<02:10,  6.16it/s]Visualizing group 2:  22%|██▏       | 224/1024 [00:35<02:11,  6.10it/s]Visualizing group 2:  22%|██▏       | 225/1024 [00:35<02:07,  6.26it/s]Visualizing group 2:  22%|██▏       | 226/1024 [00:35<02:30,  5.32it/s]Visualizing group 2:  22%|██▏       | 227/1024 [00:35<02:21,  5.62it/s]Visualizing group 2:  22%|██▏       | 228/1024 [00:36<02:14,  5.93it/s]Visualizing group 2:  22%|██▏       | 229/1024 [00:36<02:08,  6.18it/s]Visualizing group 2:  22%|██▏       | 230/1024 [00:36<02:05,  6.32it/s]Visualizing group 2:  23%|██▎       | 231/1024 [00:36<02:02,  6.47it/s]Visualizing group 2:  23%|██▎       | 232/1024 [00:36<02:00,  6.58it/s]Visualizing group 2:  23%|██▎       | 233/1024 [00:36<01:58,  6.66it/s]Visualizing group 2:  23%|██▎       | 234/1024 [00:36<02:00,  6.57it/s]Visualizing group 2:  23%|██▎       | 235/1024 [00:37<01:57,  6.73it/s]Visualizing group 2:  23%|██▎       | 236/1024 [00:37<01:57,  6.71it/s]Visualizing group 2:  23%|██▎       | 237/1024 [00:37<01:57,  6.70it/s]Visualizing group 2:  23%|██▎       | 238/1024 [00:37<01:59,  6.59it/s]Visualizing group 2:  23%|██▎       | 239/1024 [00:37<01:56,  6.72it/s]Visualizing group 2:  23%|██▎       | 240/1024 [00:37<01:57,  6.66it/s]Visualizing group 2:  24%|██▎       | 241/1024 [00:38<01:57,  6.69it/s]Visualizing group 2:  24%|██▎       | 242/1024 [00:38<01:56,  6.72it/s]Visualizing group 2:  24%|██▎       | 243/1024 [00:38<01:56,  6.71it/s]Visualizing group 2:  24%|██▍       | 244/1024 [00:38<01:56,  6.68it/s]Visualizing group 2:  24%|██▍       | 245/1024 [00:38<01:55,  6.72it/s]Visualizing group 2:  24%|██▍       | 246/1024 [00:38<01:59,  6.49it/s]Visualizing group 2:  24%|██▍       | 247/1024 [00:38<01:58,  6.57it/s]Visualizing group 2:  24%|██▍       | 248/1024 [00:39<01:59,  6.50it/s]Visualizing group 2:  24%|██▍       | 249/1024 [00:39<02:01,  6.39it/s]Visualizing group 2:  24%|██▍       | 250/1024 [00:39<01:59,  6.50it/s]Visualizing group 2:  25%|██▍       | 251/1024 [00:39<01:57,  6.58it/s]Visualizing group 2:  25%|██▍       | 252/1024 [00:39<01:55,  6.70it/s]Visualizing group 2:  25%|██▍       | 253/1024 [00:39<01:52,  6.85it/s]Visualizing group 2:  25%|██▍       | 254/1024 [00:39<01:54,  6.75it/s]Visualizing group 2:  25%|██▍       | 255/1024 [00:40<01:54,  6.71it/s]Visualizing group 2:  25%|██▌       | 256/1024 [00:40<01:56,  6.61it/s]Visualizing group 2:  25%|██▌       | 257/1024 [00:40<02:00,  6.38it/s]Visualizing group 2:  25%|██▌       | 258/1024 [00:40<02:03,  6.22it/s]Visualizing group 2:  25%|██▌       | 259/1024 [00:40<02:00,  6.36it/s]Visualizing group 2:  25%|██▌       | 260/1024 [00:40<01:59,  6.41it/s]Visualizing group 2:  25%|██▌       | 261/1024 [00:41<02:00,  6.35it/s]Visualizing group 2:  26%|██▌       | 262/1024 [00:41<01:59,  6.37it/s]Visualizing group 2:  26%|██▌       | 263/1024 [00:41<01:54,  6.64it/s]Visualizing group 2:  26%|██▌       | 264/1024 [00:41<01:52,  6.78it/s]Visualizing group 2:  26%|██▌       | 265/1024 [00:41<01:54,  6.61it/s]Visualizing group 2:  26%|██▌       | 266/1024 [00:41<01:55,  6.55it/s]Visualizing group 2:  26%|██▌       | 267/1024 [00:41<01:52,  6.70it/s]Visualizing group 2:  26%|██▌       | 268/1024 [00:42<01:53,  6.69it/s]Visualizing group 2:  26%|██▋       | 269/1024 [00:42<01:54,  6.60it/s]Visualizing group 2:  26%|██▋       | 270/1024 [00:42<01:53,  6.65it/s]Visualizing group 2:  26%|██▋       | 271/1024 [00:42<01:53,  6.61it/s]Visualizing group 2:  27%|██▋       | 272/1024 [00:42<01:59,  6.30it/s]Visualizing group 2:  27%|██▋       | 273/1024 [00:42<01:59,  6.27it/s]Visualizing group 2:  27%|██▋       | 274/1024 [00:43<01:59,  6.29it/s]Visualizing group 2:  27%|██▋       | 275/1024 [00:43<01:57,  6.40it/s]Visualizing group 2:  27%|██▋       | 276/1024 [00:43<01:56,  6.41it/s]Visualizing group 2:  27%|██▋       | 277/1024 [00:43<01:53,  6.56it/s]Visualizing group 2:  27%|██▋       | 278/1024 [00:43<01:56,  6.38it/s]Visualizing group 2:  27%|██▋       | 279/1024 [00:43<01:55,  6.48it/s]Visualizing group 2:  27%|██▋       | 280/1024 [00:44<01:52,  6.60it/s]Visualizing group 2:  27%|██▋       | 281/1024 [00:44<01:54,  6.52it/s]Visualizing group 2:  28%|██▊       | 282/1024 [00:44<01:52,  6.59it/s]Visualizing group 2:  28%|██▊       | 283/1024 [00:44<01:49,  6.74it/s]Visualizing group 2:  28%|██▊       | 284/1024 [00:44<01:52,  6.55it/s]Visualizing group 2:  28%|██▊       | 285/1024 [00:44<01:57,  6.29it/s]Visualizing group 2:  28%|██▊       | 286/1024 [00:44<01:55,  6.41it/s]Visualizing group 2:  28%|██▊       | 287/1024 [00:45<01:55,  6.36it/s]Visualizing group 2:  28%|██▊       | 288/1024 [00:45<01:52,  6.52it/s]Visualizing group 2:  28%|██▊       | 289/1024 [00:45<01:51,  6.57it/s]Visualizing group 2:  28%|██▊       | 290/1024 [00:45<01:50,  6.63it/s]Visualizing group 2:  28%|██▊       | 291/1024 [00:45<01:51,  6.59it/s]Visualizing group 2:  29%|██▊       | 292/1024 [00:45<01:50,  6.62it/s]Visualizing group 2:  29%|██▊       | 293/1024 [00:46<01:52,  6.53it/s]Visualizing group 2:  29%|██▊       | 294/1024 [00:46<01:50,  6.60it/s]Visualizing group 2:  29%|██▉       | 295/1024 [00:46<01:49,  6.67it/s]Visualizing group 2:  29%|██▉       | 296/1024 [00:46<01:47,  6.75it/s]Visualizing group 2:  29%|██▉       | 297/1024 [00:46<01:47,  6.75it/s]Visualizing group 2:  29%|██▉       | 298/1024 [00:46<01:48,  6.72it/s]Visualizing group 2:  29%|██▉       | 299/1024 [00:46<01:49,  6.63it/s]Visualizing group 2:  29%|██▉       | 300/1024 [00:47<01:51,  6.48it/s]Visualizing group 2:  29%|██▉       | 301/1024 [00:47<01:48,  6.67it/s]Visualizing group 2:  29%|██▉       | 302/1024 [00:47<01:47,  6.69it/s]Visualizing group 2:  30%|██▉       | 303/1024 [00:47<01:48,  6.66it/s]Visualizing group 2:  30%|██▉       | 304/1024 [00:47<01:46,  6.77it/s]Visualizing group 2:  30%|██▉       | 305/1024 [00:47<01:46,  6.72it/s]Visualizing group 2:  30%|██▉       | 306/1024 [00:47<01:45,  6.78it/s]Visualizing group 2:  30%|██▉       | 307/1024 [00:48<01:48,  6.62it/s]Visualizing group 2:  30%|███       | 308/1024 [00:48<01:45,  6.80it/s]Visualizing group 2:  30%|███       | 309/1024 [00:48<01:47,  6.67it/s]Visualizing group 2:  30%|███       | 310/1024 [00:48<01:47,  6.65it/s]Visualizing group 2:  30%|███       | 311/1024 [00:48<01:47,  6.60it/s]Visualizing group 2:  30%|███       | 312/1024 [00:48<01:45,  6.75it/s]Visualizing group 2:  31%|███       | 313/1024 [00:48<01:47,  6.61it/s]Visualizing group 2:  31%|███       | 314/1024 [00:49<01:45,  6.75it/s]Visualizing group 2:  31%|███       | 315/1024 [00:49<01:47,  6.61it/s]Visualizing group 2:  31%|███       | 316/1024 [00:49<01:45,  6.70it/s]Visualizing group 2:  31%|███       | 317/1024 [00:49<01:46,  6.64it/s]Visualizing group 2:  31%|███       | 318/1024 [00:49<01:45,  6.72it/s]Visualizing group 2:  31%|███       | 319/1024 [00:49<01:44,  6.73it/s]Visualizing group 2:  31%|███▏      | 320/1024 [00:50<01:45,  6.67it/s]Visualizing group 2:  31%|███▏      | 321/1024 [00:50<01:45,  6.64it/s]Visualizing group 2:  31%|███▏      | 322/1024 [00:50<01:46,  6.61it/s]Visualizing group 2:  32%|███▏      | 323/1024 [00:50<01:46,  6.56it/s]Visualizing group 2:  32%|███▏      | 324/1024 [00:50<01:45,  6.63it/s]Visualizing group 2:  32%|███▏      | 325/1024 [00:50<01:46,  6.57it/s]Visualizing group 2:  32%|███▏      | 326/1024 [00:50<01:47,  6.51it/s]Visualizing group 2:  32%|███▏      | 327/1024 [00:51<01:45,  6.62it/s]Visualizing group 2:  32%|███▏      | 328/1024 [00:51<01:45,  6.57it/s]Visualizing group 2:  32%|███▏      | 329/1024 [00:51<01:43,  6.73it/s]Visualizing group 2:  32%|███▏      | 330/1024 [00:51<01:46,  6.54it/s]Visualizing group 2:  32%|███▏      | 331/1024 [00:51<01:43,  6.70it/s]Visualizing group 2:  32%|███▏      | 332/1024 [00:51<01:43,  6.71it/s]Visualizing group 2:  33%|███▎      | 333/1024 [00:52<01:43,  6.65it/s]Visualizing group 2:  33%|███▎      | 334/1024 [00:52<01:43,  6.67it/s]Visualizing group 2:  33%|███▎      | 335/1024 [00:52<01:44,  6.62it/s]Visualizing group 2:  33%|███▎      | 336/1024 [00:52<01:42,  6.71it/s]Visualizing group 2:  33%|███▎      | 337/1024 [00:52<01:41,  6.76it/s]Visualizing group 2:  33%|███▎      | 338/1024 [00:52<01:41,  6.75it/s]Visualizing group 2:  33%|███▎      | 339/1024 [00:52<01:44,  6.53it/s]Visualizing group 2:  33%|███▎      | 340/1024 [00:53<02:10,  5.24it/s]Visualizing group 2:  33%|███▎      | 341/1024 [00:53<02:02,  5.58it/s]Visualizing group 2:  33%|███▎      | 342/1024 [00:53<01:57,  5.82it/s]Visualizing group 2:  33%|███▎      | 343/1024 [00:53<01:50,  6.19it/s]Visualizing group 2:  34%|███▎      | 344/1024 [00:53<01:48,  6.26it/s]Visualizing group 2:  34%|███▎      | 345/1024 [00:53<01:47,  6.34it/s]Visualizing group 2:  34%|███▍      | 346/1024 [00:54<01:43,  6.57it/s]Visualizing group 2:  34%|███▍      | 347/1024 [00:54<01:43,  6.55it/s]Visualizing group 2:  34%|███▍      | 348/1024 [00:54<01:46,  6.37it/s]Visualizing group 2:  34%|███▍      | 349/1024 [00:54<01:43,  6.53it/s]Visualizing group 2:  34%|███▍      | 350/1024 [00:54<01:42,  6.58it/s]Visualizing group 2:  34%|███▍      | 351/1024 [00:54<01:39,  6.75it/s]Visualizing group 2:  34%|███▍      | 352/1024 [00:55<01:43,  6.50it/s]Visualizing group 2:  34%|███▍      | 353/1024 [00:55<01:39,  6.74it/s]Visualizing group 2:  35%|███▍      | 354/1024 [00:55<01:40,  6.67it/s]Visualizing group 2:  35%|███▍      | 355/1024 [00:55<01:40,  6.62it/s]Visualizing group 2:  35%|███▍      | 356/1024 [00:55<01:40,  6.65it/s]Visualizing group 2:  35%|███▍      | 357/1024 [00:55<01:49,  6.07it/s]Visualizing group 2:  35%|███▍      | 358/1024 [00:55<01:45,  6.29it/s]Visualizing group 2:  35%|███▌      | 359/1024 [00:56<01:44,  6.36it/s]Visualizing group 2:  35%|███▌      | 360/1024 [00:56<01:43,  6.41it/s]Visualizing group 2:  35%|███▌      | 361/1024 [00:56<01:46,  6.20it/s]Visualizing group 2:  35%|███▌      | 362/1024 [00:56<01:41,  6.55it/s]Visualizing group 2:  35%|███▌      | 363/1024 [00:56<01:39,  6.67it/s]Visualizing group 2:  36%|███▌      | 364/1024 [00:57<02:18,  4.77it/s]Visualizing group 2:  36%|███▌      | 365/1024 [00:57<02:07,  5.18it/s]Visualizing group 2:  36%|███▌      | 366/1024 [00:57<01:59,  5.49it/s]Visualizing group 2:  36%|███▌      | 367/1024 [00:57<01:51,  5.89it/s]Visualizing group 2:  36%|███▌      | 368/1024 [00:57<01:47,  6.08it/s]Visualizing group 2:  36%|███▌      | 369/1024 [00:57<01:43,  6.31it/s]Visualizing group 2:  36%|███▌      | 370/1024 [00:57<01:41,  6.46it/s]Visualizing group 2:  36%|███▌      | 371/1024 [00:58<01:40,  6.50it/s]Visualizing group 2:  36%|███▋      | 372/1024 [00:58<01:39,  6.56it/s]Visualizing group 2:  36%|███▋      | 373/1024 [00:58<02:12,  4.93it/s]Visualizing group 2:  37%|███▋      | 374/1024 [00:58<02:00,  5.39it/s]Visualizing group 2:  37%|███▋      | 375/1024 [00:58<01:53,  5.73it/s]Visualizing group 2:  37%|███▋      | 376/1024 [00:58<01:47,  6.00it/s]Visualizing group 2:  37%|███▋      | 377/1024 [00:59<01:44,  6.21it/s]Visualizing group 2:  37%|███▋      | 378/1024 [00:59<01:41,  6.37it/s]Visualizing group 2:  37%|███▋      | 379/1024 [00:59<01:39,  6.51it/s]Visualizing group 2:  37%|███▋      | 380/1024 [00:59<01:38,  6.56it/s]Visualizing group 2:  37%|███▋      | 381/1024 [00:59<01:37,  6.60it/s]Visualizing group 2:  37%|███▋      | 382/1024 [00:59<01:38,  6.51it/s]Visualizing group 2:  37%|███▋      | 383/1024 [01:00<01:36,  6.61it/s]Visualizing group 2:  38%|███▊      | 384/1024 [01:00<01:36,  6.63it/s]Visualizing group 2:  38%|███▊      | 385/1024 [01:00<01:34,  6.74it/s]Visualizing group 2:  38%|███▊      | 386/1024 [01:00<01:39,  6.42it/s]Visualizing group 2:  38%|███▊      | 387/1024 [01:00<01:37,  6.53it/s]Visualizing group 2:  38%|███▊      | 388/1024 [01:00<01:35,  6.64it/s]Visualizing group 2:  38%|███▊      | 389/1024 [01:00<01:35,  6.67it/s]Visualizing group 2:  38%|███▊      | 390/1024 [01:01<01:33,  6.76it/s]Visualizing group 2:  38%|███▊      | 391/1024 [01:01<01:36,  6.53it/s]Visualizing group 2:  38%|███▊      | 392/1024 [01:01<01:34,  6.70it/s]Visualizing group 2:  38%|███▊      | 393/1024 [01:01<01:33,  6.74it/s]Visualizing group 2:  38%|███▊      | 394/1024 [01:01<01:34,  6.65it/s]Visualizing group 2:  39%|███▊      | 395/1024 [01:01<01:33,  6.76it/s]Visualizing group 2:  39%|███▊      | 396/1024 [01:01<01:33,  6.73it/s]Visualizing group 2:  39%|███▉      | 397/1024 [01:02<01:33,  6.73it/s]Visualizing group 2:  39%|███▉      | 398/1024 [01:02<01:34,  6.60it/s]Visualizing group 2:  39%|███▉      | 399/1024 [01:02<01:36,  6.48it/s]Visualizing group 2:  39%|███▉      | 400/1024 [01:02<01:36,  6.44it/s]Visualizing group 2:  39%|███▉      | 401/1024 [01:02<01:35,  6.54it/s]Visualizing group 2:  39%|███▉      | 402/1024 [01:02<01:33,  6.65it/s]Visualizing group 2:  39%|███▉      | 403/1024 [01:03<01:31,  6.77it/s]Visualizing group 2:  39%|███▉      | 404/1024 [01:03<01:31,  6.81it/s]Visualizing group 2:  40%|███▉      | 405/1024 [01:03<01:30,  6.84it/s]Visualizing group 2:  40%|███▉      | 406/1024 [01:03<01:31,  6.72it/s]Visualizing group 2:  40%|███▉      | 407/1024 [01:03<01:35,  6.48it/s]Visualizing group 2:  40%|███▉      | 408/1024 [01:03<01:33,  6.60it/s]Visualizing group 2:  40%|███▉      | 409/1024 [01:03<01:31,  6.73it/s]Visualizing group 2:  40%|████      | 410/1024 [01:04<01:43,  5.91it/s]Visualizing group 2:  40%|████      | 411/1024 [01:04<01:36,  6.38it/s]Visualizing group 2:  40%|████      | 412/1024 [01:04<01:34,  6.51it/s]Visualizing group 2:  40%|████      | 413/1024 [01:04<01:32,  6.58it/s]Visualizing group 2:  40%|████      | 414/1024 [01:04<01:32,  6.63it/s]Visualizing group 2:  41%|████      | 415/1024 [01:04<01:31,  6.64it/s]Visualizing group 2:  41%|████      | 416/1024 [01:05<01:32,  6.54it/s]Visualizing group 2:  41%|████      | 417/1024 [01:05<01:34,  6.45it/s]Visualizing group 2:  41%|████      | 418/1024 [01:05<01:35,  6.37it/s]Visualizing group 2:  41%|████      | 419/1024 [01:05<01:36,  6.26it/s]Visualizing group 2:  41%|████      | 420/1024 [01:05<01:36,  6.26it/s]Visualizing group 2:  41%|████      | 421/1024 [01:05<01:33,  6.47it/s]Visualizing group 2:  41%|████      | 422/1024 [01:06<01:35,  6.33it/s]Visualizing group 2:  41%|████▏     | 423/1024 [01:06<01:32,  6.51it/s]Visualizing group 2:  41%|████▏     | 424/1024 [01:06<01:30,  6.64it/s]Visualizing group 2:  42%|████▏     | 425/1024 [01:06<01:32,  6.48it/s]Visualizing group 2:  42%|████▏     | 426/1024 [01:06<01:31,  6.52it/s]Visualizing group 2:  42%|████▏     | 427/1024 [01:06<01:36,  6.20it/s]Visualizing group 2:  42%|████▏     | 428/1024 [01:06<01:36,  6.18it/s]Visualizing group 2:  42%|████▏     | 429/1024 [01:07<01:34,  6.27it/s]Visualizing group 2:  42%|████▏     | 430/1024 [01:07<01:34,  6.31it/s]Visualizing group 2:  42%|████▏     | 431/1024 [01:07<01:32,  6.40it/s]Visualizing group 2:  42%|████▏     | 432/1024 [01:07<01:32,  6.42it/s]Visualizing group 2:  42%|████▏     | 433/1024 [01:07<01:31,  6.46it/s]Visualizing group 2:  42%|████▏     | 434/1024 [01:07<01:28,  6.67it/s]Visualizing group 2:  42%|████▏     | 435/1024 [01:07<01:27,  6.74it/s]Visualizing group 2:  43%|████▎     | 436/1024 [01:08<01:29,  6.58it/s]Visualizing group 2:  43%|████▎     | 437/1024 [01:08<01:28,  6.65it/s]Visualizing group 2:  43%|████▎     | 438/1024 [01:08<01:39,  5.90it/s]Visualizing group 2:  43%|████▎     | 439/1024 [01:08<01:35,  6.14it/s]Visualizing group 2:  43%|████▎     | 440/1024 [01:08<01:32,  6.29it/s]Visualizing group 2:  43%|████▎     | 441/1024 [01:08<01:30,  6.45it/s]Visualizing group 2:  43%|████▎     | 442/1024 [01:09<01:27,  6.68it/s]Visualizing group 2:  43%|████▎     | 443/1024 [01:09<01:26,  6.73it/s]Visualizing group 2:  43%|████▎     | 444/1024 [01:09<01:26,  6.70it/s]Visualizing group 2:  43%|████▎     | 445/1024 [01:09<01:25,  6.75it/s]Visualizing group 2:  44%|████▎     | 446/1024 [01:09<01:27,  6.59it/s]Visualizing group 2:  44%|████▎     | 447/1024 [01:09<01:25,  6.75it/s]Visualizing group 2:  44%|████▍     | 448/1024 [01:10<01:28,  6.52it/s]Visualizing group 2:  44%|████▍     | 449/1024 [01:10<01:26,  6.61it/s]Visualizing group 2:  44%|████▍     | 450/1024 [01:10<01:43,  5.52it/s]Visualizing group 2:  44%|████▍     | 451/1024 [01:10<01:37,  5.86it/s]Visualizing group 2:  44%|████▍     | 452/1024 [01:10<01:34,  6.08it/s]Visualizing group 2:  44%|████▍     | 453/1024 [01:10<01:31,  6.23it/s]Visualizing group 2:  44%|████▍     | 454/1024 [01:11<01:30,  6.28it/s]Visualizing group 2:  44%|████▍     | 455/1024 [01:11<01:30,  6.32it/s]Visualizing group 2:  45%|████▍     | 456/1024 [01:11<01:29,  6.34it/s]Visualizing group 2:  45%|████▍     | 457/1024 [01:11<01:27,  6.48it/s]Visualizing group 2:  45%|████▍     | 458/1024 [01:11<01:25,  6.65it/s]Visualizing group 2:  45%|████▍     | 459/1024 [01:11<01:25,  6.64it/s]Visualizing group 2:  45%|████▍     | 460/1024 [01:11<01:22,  6.82it/s]Visualizing group 2:  45%|████▌     | 461/1024 [01:12<01:21,  6.93it/s]Visualizing group 2:  45%|████▌     | 462/1024 [01:12<01:24,  6.68it/s]Visualizing group 2:  45%|████▌     | 463/1024 [01:12<01:23,  6.72it/s]Visualizing group 2:  45%|████▌     | 464/1024 [01:12<01:24,  6.61it/s]Visualizing group 2:  45%|████▌     | 465/1024 [01:12<01:26,  6.43it/s]Visualizing group 2:  46%|████▌     | 466/1024 [01:12<01:25,  6.55it/s]Visualizing group 2:  46%|████▌     | 467/1024 [01:12<01:24,  6.62it/s]Visualizing group 2:  46%|████▌     | 468/1024 [01:13<01:24,  6.61it/s]Visualizing group 2:  46%|████▌     | 469/1024 [01:13<01:21,  6.81it/s]Visualizing group 2:  46%|████▌     | 470/1024 [01:13<01:23,  6.64it/s]Visualizing group 2:  46%|████▌     | 471/1024 [01:13<01:24,  6.54it/s]Visualizing group 2:  46%|████▌     | 472/1024 [01:13<01:20,  6.83it/s]Visualizing group 2:  46%|████▌     | 473/1024 [01:13<01:21,  6.77it/s]Visualizing group 2:  46%|████▋     | 474/1024 [01:14<01:22,  6.67it/s]Visualizing group 2:  46%|████▋     | 475/1024 [01:14<01:22,  6.65it/s]Visualizing group 2:  46%|████▋     | 476/1024 [01:14<01:22,  6.65it/s]Visualizing group 2:  47%|████▋     | 477/1024 [01:14<01:24,  6.45it/s]Visualizing group 2:  47%|████▋     | 478/1024 [01:14<01:26,  6.34it/s]Visualizing group 2:  47%|████▋     | 479/1024 [01:14<01:27,  6.25it/s]Visualizing group 2:  47%|████▋     | 480/1024 [01:14<01:25,  6.36it/s]Visualizing group 2:  47%|████▋     | 481/1024 [01:15<01:23,  6.48it/s]Visualizing group 2:  47%|████▋     | 482/1024 [01:15<01:21,  6.61it/s]Visualizing group 2:  47%|████▋     | 483/1024 [01:15<01:21,  6.63it/s]Visualizing group 2:  47%|████▋     | 484/1024 [01:15<01:20,  6.71it/s]Visualizing group 2:  47%|████▋     | 485/1024 [01:15<01:20,  6.69it/s]Visualizing group 2:  47%|████▋     | 486/1024 [01:15<01:21,  6.57it/s]Visualizing group 2:  48%|████▊     | 487/1024 [01:15<01:22,  6.54it/s]Visualizing group 2:  48%|████▊     | 488/1024 [01:16<01:19,  6.72it/s]Visualizing group 2:  48%|████▊     | 489/1024 [01:16<01:21,  6.55it/s]Visualizing group 2:  48%|████▊     | 490/1024 [01:16<01:20,  6.64it/s]Visualizing group 2:  48%|████▊     | 491/1024 [01:16<01:19,  6.67it/s]Visualizing group 2:  48%|████▊     | 492/1024 [01:16<01:19,  6.72it/s]Visualizing group 2:  48%|████▊     | 493/1024 [01:16<01:20,  6.63it/s]Visualizing group 2:  48%|████▊     | 494/1024 [01:17<01:19,  6.69it/s]Visualizing group 2:  48%|████▊     | 495/1024 [01:17<01:19,  6.68it/s]Visualizing group 2:  48%|████▊     | 496/1024 [01:17<01:19,  6.68it/s]Visualizing group 2:  49%|████▊     | 497/1024 [01:17<01:20,  6.56it/s]Visualizing group 2:  49%|████▊     | 498/1024 [01:17<01:20,  6.52it/s]Visualizing group 2:  49%|████▊     | 499/1024 [01:17<01:19,  6.59it/s]Visualizing group 2:  49%|████▉     | 500/1024 [01:17<01:19,  6.59it/s]Visualizing group 2:  49%|████▉     | 501/1024 [01:18<01:19,  6.58it/s]Visualizing group 2:  49%|████▉     | 502/1024 [01:18<01:17,  6.69it/s]Visualizing group 2:  49%|████▉     | 503/1024 [01:18<01:17,  6.69it/s]Visualizing group 2:  49%|████▉     | 504/1024 [01:18<01:16,  6.77it/s]Visualizing group 2:  49%|████▉     | 505/1024 [01:18<01:16,  6.79it/s]Visualizing group 2:  49%|████▉     | 506/1024 [01:18<01:15,  6.82it/s]Visualizing group 2:  50%|████▉     | 507/1024 [01:18<01:16,  6.73it/s]Visualizing group 2:  50%|████▉     | 508/1024 [01:19<01:15,  6.80it/s]Visualizing group 2:  50%|████▉     | 509/1024 [01:19<01:17,  6.68it/s]Visualizing group 2:  50%|████▉     | 510/1024 [01:19<01:17,  6.67it/s]Visualizing group 2:  50%|████▉     | 511/1024 [01:19<01:16,  6.69it/s]Visualizing group 2:  50%|█████     | 512/1024 [01:19<01:15,  6.74it/s]Visualizing group 2:  50%|█████     | 513/1024 [01:19<01:17,  6.56it/s]Visualizing group 2:  50%|█████     | 514/1024 [01:20<01:15,  6.75it/s]Visualizing group 2:  50%|█████     | 515/1024 [01:20<01:16,  6.62it/s]Visualizing group 2:  50%|█████     | 516/1024 [01:20<01:15,  6.76it/s]Visualizing group 2:  50%|█████     | 517/1024 [01:20<01:17,  6.53it/s]Visualizing group 2:  51%|█████     | 518/1024 [01:20<01:17,  6.57it/s]Visualizing group 2:  51%|█████     | 519/1024 [01:20<01:18,  6.40it/s]Visualizing group 2:  51%|█████     | 520/1024 [01:20<01:22,  6.14it/s]Visualizing group 2:  51%|█████     | 521/1024 [01:21<01:20,  6.26it/s]Visualizing group 2:  51%|█████     | 522/1024 [01:21<01:18,  6.37it/s]Visualizing group 2:  51%|█████     | 523/1024 [01:21<01:16,  6.56it/s]Visualizing group 2:  51%|█████     | 524/1024 [01:21<01:16,  6.51it/s]Visualizing group 2:  51%|█████▏    | 525/1024 [01:21<01:15,  6.61it/s]Visualizing group 2:  51%|█████▏    | 526/1024 [01:21<01:17,  6.45it/s]Visualizing group 2:  51%|█████▏    | 527/1024 [01:22<01:16,  6.54it/s]Visualizing group 2:  52%|█████▏    | 528/1024 [01:22<01:14,  6.62it/s]Visualizing group 2:  52%|█████▏    | 529/1024 [01:22<01:13,  6.74it/s]Visualizing group 2:  52%|█████▏    | 530/1024 [01:22<01:14,  6.64it/s]Visualizing group 2:  52%|█████▏    | 531/1024 [01:22<01:12,  6.79it/s]Visualizing group 2:  52%|█████▏    | 532/1024 [01:22<01:15,  6.56it/s]Visualizing group 2:  52%|█████▏    | 533/1024 [01:22<01:15,  6.52it/s]Visualizing group 2:  52%|█████▏    | 534/1024 [01:23<01:14,  6.58it/s]Visualizing group 2:  52%|█████▏    | 535/1024 [01:23<01:14,  6.57it/s]Visualizing group 2:  52%|█████▏    | 536/1024 [01:23<01:11,  6.81it/s]Visualizing group 2:  52%|█████▏    | 537/1024 [01:23<01:11,  6.79it/s]Visualizing group 2:  53%|█████▎    | 538/1024 [01:23<01:13,  6.59it/s]Visualizing group 2:  53%|█████▎    | 539/1024 [01:23<01:12,  6.67it/s]Visualizing group 2:  53%|█████▎    | 540/1024 [01:24<01:13,  6.61it/s]Visualizing group 2:  53%|█████▎    | 541/1024 [01:24<01:11,  6.74it/s]Visualizing group 2:  53%|█████▎    | 542/1024 [01:24<01:14,  6.47it/s]Visualizing group 2:  53%|█████▎    | 543/1024 [01:24<01:12,  6.61it/s]Visualizing group 2:  53%|█████▎    | 544/1024 [01:24<01:13,  6.50it/s]Visualizing group 2:  53%|█████▎    | 545/1024 [01:24<01:13,  6.48it/s]Visualizing group 2:  53%|█████▎    | 546/1024 [01:24<01:14,  6.39it/s]Visualizing group 2:  53%|█████▎    | 547/1024 [01:25<01:16,  6.26it/s]Visualizing group 2:  54%|█████▎    | 548/1024 [01:25<01:14,  6.43it/s]Visualizing group 2:  54%|█████▎    | 549/1024 [01:25<01:13,  6.50it/s]Visualizing group 2:  54%|█████▎    | 550/1024 [01:25<01:11,  6.62it/s]Visualizing group 2:  54%|█████▍    | 551/1024 [01:25<01:11,  6.61it/s]Visualizing group 2:  54%|█████▍    | 552/1024 [01:25<01:11,  6.63it/s]Visualizing group 2:  54%|█████▍    | 553/1024 [01:25<01:10,  6.65it/s]Visualizing group 2:  54%|█████▍    | 554/1024 [01:26<01:09,  6.73it/s]Visualizing group 2:  54%|█████▍    | 555/1024 [01:26<01:10,  6.67it/s]Visualizing group 2:  54%|█████▍    | 556/1024 [01:26<01:09,  6.72it/s]Visualizing group 2:  54%|█████▍    | 557/1024 [01:26<01:11,  6.54it/s]Visualizing group 2:  54%|█████▍    | 558/1024 [01:26<01:13,  6.35it/s]Visualizing group 2:  55%|█████▍    | 559/1024 [01:26<01:14,  6.23it/s]Visualizing group 2:  55%|█████▍    | 560/1024 [01:27<01:27,  5.28it/s]Visualizing group 2:  55%|█████▍    | 561/1024 [01:27<01:22,  5.63it/s]Visualizing group 2:  55%|█████▍    | 562/1024 [01:27<01:19,  5.82it/s]Visualizing group 2:  55%|█████▍    | 563/1024 [01:27<01:14,  6.22it/s]Visualizing group 2:  55%|█████▌    | 564/1024 [01:27<01:15,  6.08it/s]Visualizing group 2:  55%|█████▌    | 565/1024 [01:27<01:15,  6.06it/s]Visualizing group 2:  55%|█████▌    | 566/1024 [01:28<01:15,  6.06it/s]Visualizing group 2:  55%|█████▌    | 567/1024 [01:28<01:14,  6.13it/s]Visualizing group 2:  55%|█████▌    | 568/1024 [01:28<01:11,  6.41it/s]Visualizing group 2:  56%|█████▌    | 569/1024 [01:28<01:11,  6.41it/s]Visualizing group 2:  56%|█████▌    | 570/1024 [01:28<01:10,  6.45it/s]Visualizing group 2:  56%|█████▌    | 571/1024 [01:28<01:09,  6.51it/s]Visualizing group 2:  56%|█████▌    | 572/1024 [01:29<01:08,  6.64it/s]Visualizing group 2:  56%|█████▌    | 573/1024 [01:29<01:09,  6.47it/s]Visualizing group 2:  56%|█████▌    | 574/1024 [01:29<01:07,  6.68it/s]Visualizing group 2:  56%|█████▌    | 575/1024 [01:29<01:08,  6.59it/s]Visualizing group 2:  56%|█████▋    | 576/1024 [01:29<01:08,  6.58it/s]Visualizing group 2:  56%|█████▋    | 577/1024 [01:29<01:06,  6.72it/s]Visualizing group 2:  56%|█████▋    | 578/1024 [01:29<01:06,  6.76it/s]Visualizing group 2:  57%|█████▋    | 579/1024 [01:30<01:06,  6.68it/s]Visualizing group 2:  57%|█████▋    | 580/1024 [01:30<01:05,  6.78it/s]Visualizing group 2:  57%|█████▋    | 581/1024 [01:30<01:06,  6.67it/s]Visualizing group 2:  57%|█████▋    | 582/1024 [01:30<01:05,  6.74it/s]Visualizing group 2:  57%|█████▋    | 583/1024 [01:30<01:05,  6.75it/s]Visualizing group 2:  57%|█████▋    | 584/1024 [01:30<01:05,  6.68it/s]Visualizing group 2:  57%|█████▋    | 585/1024 [01:30<01:06,  6.63it/s]Visualizing group 2:  57%|█████▋    | 586/1024 [01:31<01:05,  6.68it/s]Visualizing group 2:  57%|█████▋    | 587/1024 [01:31<01:06,  6.62it/s]Visualizing group 2:  57%|█████▋    | 588/1024 [01:31<01:05,  6.69it/s]Visualizing group 2:  58%|█████▊    | 589/1024 [01:31<01:06,  6.54it/s]Visualizing group 2:  58%|█████▊    | 590/1024 [01:31<01:05,  6.63it/s]Visualizing group 2:  58%|█████▊    | 591/1024 [01:31<01:06,  6.56it/s]Visualizing group 2:  58%|█████▊    | 592/1024 [01:32<01:04,  6.65it/s]Visualizing group 2:  58%|█████▊    | 593/1024 [01:32<01:04,  6.71it/s]Visualizing group 2:  58%|█████▊    | 594/1024 [01:32<01:03,  6.75it/s]Visualizing group 2:  58%|█████▊    | 595/1024 [01:32<01:28,  4.85it/s]Visualizing group 2:  58%|█████▊    | 596/1024 [01:32<01:21,  5.24it/s]Visualizing group 2:  58%|█████▊    | 597/1024 [01:32<01:17,  5.50it/s]Visualizing group 2:  58%|█████▊    | 598/1024 [01:33<01:12,  5.89it/s]Visualizing group 2:  58%|█████▊    | 599/1024 [01:33<01:10,  6.07it/s]Visualizing group 2:  59%|█████▊    | 600/1024 [01:33<01:08,  6.22it/s]Visualizing group 2:  59%|█████▊    | 601/1024 [01:33<01:06,  6.35it/s]Visualizing group 2:  59%|█████▉    | 602/1024 [01:33<01:04,  6.50it/s]Visualizing group 2:  59%|█████▉    | 603/1024 [01:33<01:04,  6.52it/s]Visualizing group 2:  59%|█████▉    | 604/1024 [01:34<01:04,  6.49it/s]Visualizing group 2:  59%|█████▉    | 605/1024 [01:34<01:05,  6.41it/s]Visualizing group 2:  59%|█████▉    | 606/1024 [01:34<01:03,  6.56it/s]Visualizing group 2:  59%|█████▉    | 607/1024 [01:34<01:03,  6.55it/s]Visualizing group 2:  59%|█████▉    | 608/1024 [01:34<01:02,  6.66it/s]Visualizing group 2:  59%|█████▉    | 609/1024 [01:34<01:02,  6.60it/s]Visualizing group 2:  60%|█████▉    | 610/1024 [01:34<01:02,  6.64it/s]Visualizing group 2:  60%|█████▉    | 611/1024 [01:35<01:01,  6.67it/s]Visualizing group 2:  60%|█████▉    | 612/1024 [01:35<01:01,  6.72it/s]Visualizing group 2:  60%|█████▉    | 613/1024 [01:35<01:01,  6.71it/s]Visualizing group 2:  60%|█████▉    | 614/1024 [01:35<01:02,  6.56it/s]Visualizing group 2:  60%|██████    | 615/1024 [01:35<01:01,  6.62it/s]Visualizing group 2:  60%|██████    | 616/1024 [01:35<01:00,  6.69it/s]Visualizing group 2:  60%|██████    | 617/1024 [01:35<00:59,  6.85it/s]Visualizing group 2:  60%|██████    | 618/1024 [01:36<00:59,  6.78it/s]Visualizing group 2:  60%|██████    | 619/1024 [01:36<01:01,  6.61it/s]Visualizing group 2:  61%|██████    | 620/1024 [01:36<01:01,  6.52it/s]Visualizing group 2:  61%|██████    | 621/1024 [01:36<01:00,  6.64it/s]Visualizing group 2:  61%|██████    | 622/1024 [01:36<01:00,  6.63it/s]Visualizing group 2:  61%|██████    | 623/1024 [01:36<00:59,  6.71it/s]Visualizing group 2:  61%|██████    | 624/1024 [01:37<00:59,  6.71it/s]Visualizing group 2:  61%|██████    | 625/1024 [01:37<01:00,  6.63it/s]Visualizing group 2:  61%|██████    | 626/1024 [01:37<00:59,  6.65it/s]Visualizing group 2:  61%|██████    | 627/1024 [01:37<01:00,  6.59it/s]Visualizing group 2:  61%|██████▏   | 628/1024 [01:37<00:59,  6.66it/s]Visualizing group 2:  61%|██████▏   | 629/1024 [01:37<00:59,  6.67it/s]Visualizing group 2:  62%|██████▏   | 630/1024 [01:37<00:57,  6.84it/s]Visualizing group 2:  62%|██████▏   | 631/1024 [01:38<00:59,  6.56it/s]Visualizing group 2:  62%|██████▏   | 632/1024 [01:38<00:59,  6.55it/s]Visualizing group 2:  62%|██████▏   | 633/1024 [01:38<00:59,  6.60it/s]Visualizing group 2:  62%|██████▏   | 634/1024 [01:38<00:59,  6.60it/s]Visualizing group 2:  62%|██████▏   | 635/1024 [01:38<00:58,  6.69it/s]Visualizing group 2:  62%|██████▏   | 636/1024 [01:38<00:58,  6.62it/s]Visualizing group 2:  62%|██████▏   | 637/1024 [01:38<00:57,  6.73it/s]Visualizing group 2:  62%|██████▏   | 638/1024 [01:39<00:57,  6.76it/s]Visualizing group 2:  62%|██████▏   | 639/1024 [01:39<00:57,  6.66it/s]Visualizing group 2:  62%|██████▎   | 640/1024 [01:39<00:59,  6.50it/s]Visualizing group 2:  63%|██████▎   | 641/1024 [01:39<00:57,  6.61it/s]Visualizing group 2:  63%|██████▎   | 642/1024 [01:39<00:56,  6.80it/s]Visualizing group 2:  63%|██████▎   | 643/1024 [01:39<00:56,  6.77it/s]Visualizing group 2:  63%|██████▎   | 644/1024 [01:40<00:56,  6.77it/s]Visualizing group 2:  63%|██████▎   | 645/1024 [01:40<00:56,  6.75it/s]Visualizing group 2:  63%|██████▎   | 646/1024 [01:40<00:55,  6.81it/s]Visualizing group 2:  63%|██████▎   | 647/1024 [01:40<00:57,  6.60it/s]Visualizing group 2:  63%|██████▎   | 648/1024 [01:40<00:56,  6.64it/s]Visualizing group 2:  63%|██████▎   | 649/1024 [01:40<00:56,  6.68it/s]Visualizing group 2:  63%|██████▎   | 650/1024 [01:40<00:55,  6.78it/s]Visualizing group 2:  64%|██████▎   | 651/1024 [01:41<00:56,  6.62it/s]Visualizing group 2:  64%|██████▎   | 652/1024 [01:41<00:55,  6.74it/s]Visualizing group 2:  64%|██████▍   | 653/1024 [01:41<00:56,  6.58it/s]Visualizing group 2:  64%|██████▍   | 654/1024 [01:41<00:55,  6.71it/s]Visualizing group 2:  64%|██████▍   | 655/1024 [01:41<00:56,  6.51it/s]Visualizing group 2:  64%|██████▍   | 656/1024 [01:41<00:55,  6.65it/s]Visualizing group 2:  64%|██████▍   | 657/1024 [01:42<00:55,  6.56it/s]Visualizing group 2:  64%|██████▍   | 658/1024 [01:42<00:54,  6.66it/s]Visualizing group 2:  64%|██████▍   | 659/1024 [01:42<00:54,  6.74it/s]Visualizing group 2:  64%|██████▍   | 660/1024 [01:42<00:54,  6.74it/s]Visualizing group 2:  65%|██████▍   | 661/1024 [01:42<00:54,  6.66it/s]Visualizing group 2:  65%|██████▍   | 662/1024 [01:42<00:53,  6.73it/s]Visualizing group 2:  65%|██████▍   | 663/1024 [01:42<00:54,  6.59it/s]Visualizing group 2:  65%|██████▍   | 664/1024 [01:43<00:54,  6.58it/s]Visualizing group 2:  65%|██████▍   | 665/1024 [01:43<00:55,  6.48it/s]Visualizing group 2:  65%|██████▌   | 666/1024 [01:43<00:57,  6.27it/s]Visualizing group 2:  65%|██████▌   | 667/1024 [01:43<00:57,  6.23it/s]Visualizing group 2:  65%|██████▌   | 668/1024 [01:43<00:56,  6.34it/s]Visualizing group 2:  65%|██████▌   | 669/1024 [01:43<00:54,  6.48it/s]Visualizing group 2:  65%|██████▌   | 670/1024 [01:44<01:15,  4.69it/s]Visualizing group 2:  66%|██████▌   | 671/1024 [01:44<01:08,  5.14it/s]Visualizing group 2:  66%|██████▌   | 672/1024 [01:44<01:03,  5.52it/s]Visualizing group 2:  66%|██████▌   | 673/1024 [01:44<00:59,  5.89it/s]Visualizing group 2:  66%|██████▌   | 674/1024 [01:44<00:57,  6.08it/s]Visualizing group 2:  66%|██████▌   | 675/1024 [01:44<00:55,  6.31it/s]Visualizing group 2:  66%|██████▌   | 676/1024 [01:45<00:54,  6.39it/s]Visualizing group 2:  66%|██████▌   | 677/1024 [01:45<00:53,  6.51it/s]Visualizing group 2:  66%|██████▌   | 678/1024 [01:45<00:53,  6.43it/s]Visualizing group 2:  66%|██████▋   | 679/1024 [01:45<00:54,  6.32it/s]Visualizing group 2:  66%|██████▋   | 680/1024 [01:45<00:53,  6.48it/s]Visualizing group 2:  67%|██████▋   | 681/1024 [01:45<00:51,  6.72it/s]Visualizing group 2:  67%|██████▋   | 682/1024 [01:45<00:51,  6.64it/s]Visualizing group 2:  67%|██████▋   | 683/1024 [01:46<00:51,  6.67it/s]Visualizing group 2:  67%|██████▋   | 684/1024 [01:46<00:50,  6.68it/s]Visualizing group 2:  67%|██████▋   | 685/1024 [01:46<00:50,  6.67it/s]Visualizing group 2:  67%|██████▋   | 686/1024 [01:46<00:51,  6.55it/s]Visualizing group 2:  67%|██████▋   | 687/1024 [01:46<00:50,  6.66it/s]Visualizing group 2:  67%|██████▋   | 688/1024 [01:46<00:50,  6.64it/s]Visualizing group 2:  67%|██████▋   | 689/1024 [01:47<00:50,  6.68it/s]Visualizing group 2:  67%|██████▋   | 690/1024 [01:47<00:50,  6.58it/s]Visualizing group 2:  67%|██████▋   | 691/1024 [01:47<00:51,  6.47it/s]Visualizing group 2:  68%|██████▊   | 692/1024 [01:47<00:49,  6.65it/s]Visualizing group 2:  68%|██████▊   | 693/1024 [01:47<00:49,  6.73it/s]Visualizing group 2:  68%|██████▊   | 694/1024 [01:47<00:49,  6.64it/s]Visualizing group 2:  68%|██████▊   | 695/1024 [01:47<00:51,  6.37it/s]Visualizing group 2:  68%|██████▊   | 696/1024 [01:48<00:51,  6.35it/s]Visualizing group 2:  68%|██████▊   | 697/1024 [01:48<00:50,  6.46it/s]Visualizing group 2:  68%|██████▊   | 698/1024 [01:48<00:50,  6.44it/s]Visualizing group 2:  68%|██████▊   | 699/1024 [01:48<00:50,  6.38it/s]Visualizing group 2:  68%|██████▊   | 700/1024 [01:48<00:50,  6.40it/s]Visualizing group 2:  68%|██████▊   | 701/1024 [01:48<00:49,  6.54it/s]Visualizing group 2:  69%|██████▊   | 702/1024 [01:49<00:48,  6.66it/s]Visualizing group 2:  69%|██████▊   | 703/1024 [01:49<00:47,  6.71it/s]Visualizing group 2:  69%|██████▉   | 704/1024 [01:49<00:47,  6.75it/s]Visualizing group 2:  69%|██████▉   | 705/1024 [01:49<00:48,  6.59it/s]Visualizing group 2:  69%|██████▉   | 706/1024 [01:49<00:47,  6.68it/s]Visualizing group 2:  69%|██████▉   | 707/1024 [01:49<00:48,  6.58it/s]Visualizing group 2:  69%|██████▉   | 708/1024 [01:49<00:46,  6.77it/s]Visualizing group 2:  69%|██████▉   | 709/1024 [01:50<00:47,  6.65it/s]Visualizing group 2:  69%|██████▉   | 710/1024 [01:50<00:46,  6.77it/s]Visualizing group 2:  69%|██████▉   | 711/1024 [01:50<00:47,  6.59it/s]Visualizing group 2:  70%|██████▉   | 712/1024 [01:50<00:51,  6.02it/s]Visualizing group 2:  70%|██████▉   | 713/1024 [01:50<00:49,  6.28it/s]Visualizing group 2:  70%|██████▉   | 714/1024 [01:50<00:49,  6.29it/s]Visualizing group 2:  70%|██████▉   | 715/1024 [01:51<00:47,  6.54it/s]Visualizing group 2:  70%|██████▉   | 716/1024 [01:51<00:47,  6.47it/s]Visualizing group 2:  70%|███████   | 717/1024 [01:51<00:46,  6.63it/s]Visualizing group 2:  70%|███████   | 718/1024 [01:51<00:46,  6.61it/s]Visualizing group 2:  70%|███████   | 719/1024 [01:51<00:45,  6.63it/s]Visualizing group 2:  70%|███████   | 720/1024 [01:51<00:46,  6.60it/s]Visualizing group 2:  70%|███████   | 721/1024 [01:51<00:45,  6.63it/s]Visualizing group 2:  71%|███████   | 722/1024 [01:52<00:46,  6.56it/s]Visualizing group 2:  71%|███████   | 723/1024 [01:52<00:45,  6.68it/s]Visualizing group 2:  71%|███████   | 724/1024 [01:52<00:45,  6.56it/s]Visualizing group 2:  71%|███████   | 725/1024 [01:52<00:44,  6.70it/s]Visualizing group 2:  71%|███████   | 726/1024 [01:52<00:44,  6.62it/s]Visualizing group 2:  71%|███████   | 727/1024 [01:52<00:43,  6.76it/s]Visualizing group 2:  71%|███████   | 728/1024 [01:52<00:44,  6.66it/s]Visualizing group 2:  71%|███████   | 729/1024 [01:53<00:44,  6.70it/s]Visualizing group 2:  71%|███████▏  | 730/1024 [01:53<00:44,  6.58it/s]Visualizing group 2:  71%|███████▏  | 731/1024 [01:53<00:43,  6.68it/s]Visualizing group 2:  71%|███████▏  | 732/1024 [01:53<00:43,  6.64it/s]Visualizing group 2:  72%|███████▏  | 733/1024 [01:53<00:43,  6.76it/s]Visualizing group 2:  72%|███████▏  | 734/1024 [01:53<00:43,  6.65it/s]Visualizing group 2:  72%|███████▏  | 735/1024 [01:54<00:43,  6.69it/s]Visualizing group 2:  72%|███████▏  | 736/1024 [01:54<00:43,  6.55it/s]Visualizing group 2:  72%|███████▏  | 737/1024 [01:54<00:42,  6.74it/s]Visualizing group 2:  72%|███████▏  | 738/1024 [01:54<00:43,  6.59it/s]Visualizing group 2:  72%|███████▏  | 739/1024 [01:54<00:42,  6.73it/s]Visualizing group 2:  72%|███████▏  | 740/1024 [01:54<00:43,  6.55it/s]Visualizing group 2:  72%|███████▏  | 741/1024 [01:54<00:42,  6.72it/s]Visualizing group 2:  72%|███████▏  | 742/1024 [01:55<00:42,  6.60it/s]Visualizing group 2:  73%|███████▎  | 743/1024 [01:55<00:41,  6.73it/s]Visualizing group 2:  73%|███████▎  | 744/1024 [01:55<00:41,  6.68it/s]Visualizing group 2:  73%|███████▎  | 745/1024 [01:55<00:41,  6.77it/s]Visualizing group 2:  73%|███████▎  | 746/1024 [01:55<00:41,  6.66it/s]Visualizing group 2:  73%|███████▎  | 747/1024 [01:55<00:41,  6.68it/s]Visualizing group 2:  73%|███████▎  | 748/1024 [01:55<00:42,  6.55it/s]Visualizing group 2:  73%|███████▎  | 749/1024 [01:56<00:41,  6.66it/s]Visualizing group 2:  73%|███████▎  | 750/1024 [01:56<00:41,  6.64it/s]Visualizing group 2:  73%|███████▎  | 751/1024 [01:56<00:40,  6.67it/s]Visualizing group 2:  73%|███████▎  | 752/1024 [01:56<00:40,  6.76it/s]Visualizing group 2:  74%|███████▎  | 753/1024 [01:56<00:40,  6.74it/s]Visualizing group 2:  74%|███████▎  | 754/1024 [01:56<00:41,  6.57it/s]Visualizing group 2:  74%|███████▎  | 755/1024 [01:57<00:40,  6.64it/s]Visualizing group 2:  74%|███████▍  | 756/1024 [01:57<00:40,  6.61it/s]Visualizing group 2:  74%|███████▍  | 757/1024 [01:57<00:40,  6.55it/s]Visualizing group 2:  74%|███████▍  | 758/1024 [01:57<00:40,  6.58it/s]Visualizing group 2:  74%|███████▍  | 759/1024 [01:57<00:39,  6.71it/s]Visualizing group 2:  74%|███████▍  | 760/1024 [01:57<00:42,  6.21it/s]Visualizing group 2:  74%|███████▍  | 761/1024 [01:57<00:42,  6.26it/s]Visualizing group 2:  74%|███████▍  | 762/1024 [01:58<00:40,  6.45it/s]Visualizing group 2:  75%|███████▍  | 763/1024 [01:58<00:40,  6.47it/s]Visualizing group 2:  75%|███████▍  | 764/1024 [01:58<00:39,  6.54it/s]Visualizing group 2:  75%|███████▍  | 765/1024 [01:58<00:39,  6.48it/s]Visualizing group 2:  75%|███████▍  | 766/1024 [01:58<00:39,  6.61it/s]Visualizing group 2:  75%|███████▍  | 767/1024 [01:58<00:39,  6.58it/s]Visualizing group 2:  75%|███████▌  | 768/1024 [01:59<00:38,  6.58it/s]Visualizing group 2:  75%|███████▌  | 769/1024 [01:59<00:38,  6.60it/s]Visualizing group 2:  75%|███████▌  | 770/1024 [01:59<00:37,  6.71it/s]Visualizing group 2:  75%|███████▌  | 771/1024 [01:59<00:39,  6.46it/s]Visualizing group 2:  75%|███████▌  | 772/1024 [01:59<00:38,  6.54it/s]Visualizing group 2:  75%|███████▌  | 773/1024 [01:59<00:38,  6.58it/s]Visualizing group 2:  76%|███████▌  | 774/1024 [01:59<00:37,  6.65it/s]Visualizing group 2:  76%|███████▌  | 775/1024 [02:00<00:36,  6.75it/s]Visualizing group 2:  76%|███████▌  | 776/1024 [02:00<00:36,  6.79it/s]Visualizing group 2:  76%|███████▌  | 777/1024 [02:00<00:36,  6.70it/s]Visualizing group 2:  76%|███████▌  | 778/1024 [02:00<00:36,  6.82it/s]Visualizing group 2:  76%|███████▌  | 779/1024 [02:00<00:37,  6.61it/s]Visualizing group 2:  76%|███████▌  | 780/1024 [02:00<00:43,  5.58it/s]Visualizing group 2:  76%|███████▋  | 781/1024 [02:01<00:41,  5.81it/s]Visualizing group 2:  76%|███████▋  | 782/1024 [02:01<00:39,  6.13it/s]Visualizing group 2:  76%|███████▋  | 783/1024 [02:01<00:37,  6.36it/s]Visualizing group 2:  77%|███████▋  | 784/1024 [02:01<00:37,  6.39it/s]Visualizing group 2:  77%|███████▋  | 785/1024 [02:01<00:38,  6.19it/s]Visualizing group 2:  77%|███████▋  | 786/1024 [02:01<00:36,  6.44it/s]Visualizing group 2:  77%|███████▋  | 787/1024 [02:02<00:36,  6.48it/s]Visualizing group 2:  77%|███████▋  | 788/1024 [02:02<00:35,  6.62it/s]Visualizing group 2:  77%|███████▋  | 789/1024 [02:02<00:34,  6.74it/s]Visualizing group 2:  77%|███████▋  | 790/1024 [02:02<00:36,  6.35it/s]Visualizing group 2:  77%|███████▋  | 791/1024 [02:02<00:35,  6.61it/s]Visualizing group 2:  77%|███████▋  | 792/1024 [02:02<00:34,  6.73it/s]Visualizing group 2:  77%|███████▋  | 793/1024 [02:02<00:34,  6.70it/s]Visualizing group 2:  78%|███████▊  | 794/1024 [02:03<00:34,  6.67it/s]Visualizing group 2:  78%|███████▊  | 795/1024 [02:03<00:34,  6.67it/s]Visualizing group 2:  78%|███████▊  | 796/1024 [02:03<00:33,  6.78it/s]Visualizing group 2:  78%|███████▊  | 797/1024 [02:03<00:34,  6.67it/s]Visualizing group 2:  78%|███████▊  | 798/1024 [02:03<00:33,  6.74it/s]Visualizing group 2:  78%|███████▊  | 799/1024 [02:03<00:34,  6.59it/s]Visualizing group 2:  78%|███████▊  | 800/1024 [02:03<00:33,  6.64it/s]Visualizing group 2:  78%|███████▊  | 801/1024 [02:04<00:33,  6.64it/s]Visualizing group 2:  78%|███████▊  | 802/1024 [02:04<00:32,  6.77it/s]Visualizing group 2:  78%|███████▊  | 803/1024 [02:04<00:33,  6.60it/s]Visualizing group 2:  79%|███████▊  | 804/1024 [02:04<00:32,  6.78it/s]Visualizing group 2:  79%|███████▊  | 805/1024 [02:04<00:32,  6.67it/s]Visualizing group 2:  79%|███████▊  | 806/1024 [02:04<00:32,  6.67it/s]Visualizing group 2:  79%|███████▉  | 807/1024 [02:04<00:32,  6.66it/s]Visualizing group 2:  79%|███████▉  | 808/1024 [02:05<00:32,  6.74it/s]Visualizing group 2:  79%|███████▉  | 809/1024 [02:05<00:32,  6.62it/s]Visualizing group 2:  79%|███████▉  | 810/1024 [02:05<00:31,  6.73it/s]Visualizing group 2:  79%|███████▉  | 811/1024 [02:05<00:32,  6.50it/s]Visualizing group 2:  79%|███████▉  | 812/1024 [02:05<00:33,  6.38it/s]Visualizing group 2:  79%|███████▉  | 813/1024 [02:05<00:32,  6.58it/s]Visualizing group 2:  79%|███████▉  | 814/1024 [02:06<00:32,  6.38it/s]Visualizing group 2:  80%|███████▉  | 815/1024 [02:06<00:33,  6.29it/s]Visualizing group 2:  80%|███████▉  | 816/1024 [02:06<00:32,  6.41it/s]Visualizing group 2:  80%|███████▉  | 817/1024 [02:06<00:32,  6.30it/s]Visualizing group 2:  80%|███████▉  | 818/1024 [02:06<00:31,  6.51it/s]Visualizing group 2:  80%|███████▉  | 819/1024 [02:06<00:30,  6.63it/s]Visualizing group 2:  80%|████████  | 820/1024 [02:06<00:30,  6.65it/s]Visualizing group 2:  80%|████████  | 821/1024 [02:07<00:30,  6.72it/s]Visualizing group 2:  80%|████████  | 822/1024 [02:07<00:30,  6.60it/s]Visualizing group 2:  80%|████████  | 823/1024 [02:07<00:30,  6.59it/s]Visualizing group 2:  80%|████████  | 824/1024 [02:07<00:29,  6.69it/s]Visualizing group 2:  81%|████████  | 825/1024 [02:07<00:30,  6.62it/s]Visualizing group 2:  81%|████████  | 826/1024 [02:07<00:29,  6.68it/s]Visualizing group 2:  81%|████████  | 827/1024 [02:08<00:29,  6.69it/s]Visualizing group 2:  81%|████████  | 828/1024 [02:08<00:29,  6.70it/s]Visualizing group 2:  81%|████████  | 829/1024 [02:08<00:28,  6.76it/s]Visualizing group 2:  81%|████████  | 830/1024 [02:08<00:29,  6.61it/s]Visualizing group 2:  81%|████████  | 831/1024 [02:08<00:29,  6.52it/s]Visualizing group 2:  81%|████████▏ | 832/1024 [02:08<00:28,  6.71it/s]Visualizing group 2:  81%|████████▏ | 833/1024 [02:08<00:28,  6.64it/s]Visualizing group 2:  81%|████████▏ | 834/1024 [02:09<00:28,  6.59it/s]Visualizing group 2:  82%|████████▏ | 835/1024 [02:09<00:28,  6.65it/s]Visualizing group 2:  82%|████████▏ | 836/1024 [02:09<00:28,  6.61it/s]Visualizing group 2:  82%|████████▏ | 837/1024 [02:09<00:28,  6.45it/s]Visualizing group 2:  82%|████████▏ | 838/1024 [02:09<00:28,  6.58it/s]Visualizing group 2:  82%|████████▏ | 839/1024 [02:09<00:27,  6.69it/s]Visualizing group 2:  82%|████████▏ | 840/1024 [02:10<00:27,  6.69it/s]Visualizing group 2:  82%|████████▏ | 841/1024 [02:10<00:27,  6.56it/s]Visualizing group 2:  82%|████████▏ | 842/1024 [02:10<00:27,  6.53it/s]Visualizing group 2:  82%|████████▏ | 843/1024 [02:10<00:28,  6.27it/s]Visualizing group 2:  82%|████████▏ | 844/1024 [02:10<00:29,  6.18it/s]Visualizing group 2:  83%|████████▎ | 845/1024 [02:10<00:27,  6.40it/s]Visualizing group 2:  83%|████████▎ | 846/1024 [02:10<00:27,  6.57it/s]Visualizing group 2:  83%|████████▎ | 847/1024 [02:11<00:26,  6.58it/s]Visualizing group 2:  83%|████████▎ | 848/1024 [02:11<00:26,  6.59it/s]Visualizing group 2:  83%|████████▎ | 849/1024 [02:11<00:26,  6.69it/s]Visualizing group 2:  83%|████████▎ | 850/1024 [02:11<00:25,  6.77it/s]Visualizing group 2:  83%|████████▎ | 851/1024 [02:11<00:26,  6.59it/s]Visualizing group 2:  83%|████████▎ | 852/1024 [02:11<00:25,  6.68it/s]Visualizing group 2:  83%|████████▎ | 853/1024 [02:12<00:28,  6.01it/s]Visualizing group 2:  83%|████████▎ | 854/1024 [02:12<00:27,  6.14it/s]Visualizing group 2:  83%|████████▎ | 855/1024 [02:12<00:26,  6.37it/s]Visualizing group 2:  84%|████████▎ | 856/1024 [02:12<00:26,  6.44it/s]Visualizing group 2:  84%|████████▎ | 857/1024 [02:12<00:26,  6.42it/s]Visualizing group 2:  84%|████████▍ | 858/1024 [02:12<00:24,  6.72it/s]Visualizing group 2:  84%|████████▍ | 859/1024 [02:12<00:25,  6.59it/s]Visualizing group 2:  84%|████████▍ | 860/1024 [02:13<00:25,  6.40it/s]Visualizing group 2:  84%|████████▍ | 861/1024 [02:13<00:26,  6.17it/s]Visualizing group 2:  84%|████████▍ | 862/1024 [02:13<00:25,  6.28it/s]Visualizing group 2:  84%|████████▍ | 863/1024 [02:13<00:26,  6.14it/s]Visualizing group 2:  84%|████████▍ | 864/1024 [02:13<00:26,  6.15it/s]Visualizing group 2:  84%|████████▍ | 865/1024 [02:13<00:24,  6.42it/s]Visualizing group 2:  85%|████████▍ | 866/1024 [02:14<00:23,  6.62it/s]Visualizing group 2:  85%|████████▍ | 867/1024 [02:14<00:23,  6.67it/s]Visualizing group 2:  85%|████████▍ | 868/1024 [02:14<00:23,  6.70it/s]Visualizing group 2:  85%|████████▍ | 869/1024 [02:14<00:23,  6.66it/s]Visualizing group 2:  85%|████████▍ | 870/1024 [02:14<00:23,  6.55it/s]Visualizing group 2:  85%|████████▌ | 871/1024 [02:14<00:22,  6.68it/s]Visualizing group 2:  85%|████████▌ | 872/1024 [02:14<00:23,  6.54it/s]Visualizing group 2:  85%|████████▌ | 873/1024 [02:15<00:23,  6.56it/s]Visualizing group 2:  85%|████████▌ | 874/1024 [02:15<00:24,  6.20it/s]Visualizing group 2:  85%|████████▌ | 875/1024 [02:15<00:23,  6.41it/s]Visualizing group 2:  86%|████████▌ | 876/1024 [02:15<00:23,  6.39it/s]Visualizing group 2:  86%|████████▌ | 877/1024 [02:15<00:22,  6.56it/s]Visualizing group 2:  86%|████████▌ | 878/1024 [02:15<00:22,  6.48it/s]Visualizing group 2:  86%|████████▌ | 879/1024 [02:16<00:21,  6.60it/s]Visualizing group 2:  86%|████████▌ | 880/1024 [02:16<00:21,  6.57it/s]Visualizing group 2:  86%|████████▌ | 881/1024 [02:16<00:22,  6.46it/s]Visualizing group 2:  86%|████████▌ | 882/1024 [02:16<00:22,  6.40it/s]Visualizing group 2:  86%|████████▌ | 883/1024 [02:16<00:22,  6.39it/s]Visualizing group 2:  86%|████████▋ | 884/1024 [02:16<00:22,  6.29it/s]Visualizing group 2:  86%|████████▋ | 885/1024 [02:17<00:22,  6.15it/s]Visualizing group 2:  87%|████████▋ | 886/1024 [02:17<00:23,  5.94it/s]Visualizing group 2:  87%|████████▋ | 887/1024 [02:17<00:22,  6.18it/s]Visualizing group 2:  87%|████████▋ | 888/1024 [02:17<00:22,  6.13it/s]Visualizing group 2:  87%|████████▋ | 889/1024 [02:17<00:21,  6.24it/s]Visualizing group 2:  87%|████████▋ | 890/1024 [02:17<00:26,  5.06it/s]Visualizing group 2:  87%|████████▋ | 891/1024 [02:18<00:24,  5.51it/s]Visualizing group 2:  87%|████████▋ | 892/1024 [02:18<00:22,  5.78it/s]Visualizing group 2:  87%|████████▋ | 893/1024 [02:18<00:22,  5.84it/s]Visualizing group 2:  87%|████████▋ | 894/1024 [02:18<00:21,  5.95it/s]Visualizing group 2:  87%|████████▋ | 895/1024 [02:18<00:21,  5.93it/s]Visualizing group 2:  88%|████████▊ | 896/1024 [02:18<00:21,  5.93it/s]Visualizing group 2:  88%|████████▊ | 897/1024 [02:19<00:20,  6.13it/s]Visualizing group 2:  88%|████████▊ | 898/1024 [02:19<00:20,  6.12it/s]Visualizing group 2:  88%|████████▊ | 899/1024 [02:19<00:19,  6.34it/s]Visualizing group 2:  88%|████████▊ | 900/1024 [02:19<00:19,  6.43it/s]Visualizing group 2:  88%|████████▊ | 901/1024 [02:19<00:18,  6.59it/s]Visualizing group 2:  88%|████████▊ | 902/1024 [02:19<00:18,  6.75it/s]Visualizing group 2:  88%|████████▊ | 903/1024 [02:19<00:17,  6.82it/s]Visualizing group 2:  88%|████████▊ | 904/1024 [02:20<00:17,  6.75it/s]Visualizing group 2:  88%|████████▊ | 905/1024 [02:20<00:17,  6.76it/s]Visualizing group 2:  88%|████████▊ | 906/1024 [02:20<00:18,  6.45it/s]Visualizing group 2:  89%|████████▊ | 907/1024 [02:20<00:17,  6.62it/s]Visualizing group 2:  89%|████████▊ | 908/1024 [02:20<00:17,  6.75it/s]Visualizing group 2:  89%|████████▉ | 909/1024 [02:20<00:16,  6.83it/s]Visualizing group 2:  89%|████████▉ | 910/1024 [02:20<00:16,  6.77it/s]Visualizing group 2:  89%|████████▉ | 911/1024 [02:21<00:17,  6.52it/s]Visualizing group 2:  89%|████████▉ | 912/1024 [02:21<00:16,  6.65it/s]Visualizing group 2:  89%|████████▉ | 913/1024 [02:21<00:16,  6.76it/s]Visualizing group 2:  89%|████████▉ | 914/1024 [02:21<00:16,  6.56it/s]Visualizing group 2:  89%|████████▉ | 915/1024 [02:21<00:16,  6.57it/s]Visualizing group 2:  89%|████████▉ | 916/1024 [02:21<00:16,  6.70it/s]Visualizing group 2:  90%|████████▉ | 917/1024 [02:22<00:16,  6.41it/s]Visualizing group 2:  90%|████████▉ | 918/1024 [02:22<00:16,  6.28it/s]Visualizing group 2:  90%|████████▉ | 919/1024 [02:22<00:17,  6.16it/s]Visualizing group 2:  90%|████████▉ | 920/1024 [02:22<00:16,  6.36it/s]Visualizing group 2:  90%|████████▉ | 921/1024 [02:22<00:15,  6.51it/s]Visualizing group 2:  90%|█████████ | 922/1024 [02:22<00:15,  6.65it/s]Visualizing group 2:  90%|█████████ | 923/1024 [02:23<00:15,  6.38it/s]Visualizing group 2:  90%|█████████ | 924/1024 [02:23<00:15,  6.62it/s]Visualizing group 2:  90%|█████████ | 925/1024 [02:23<00:14,  6.72it/s]Visualizing group 2:  90%|█████████ | 926/1024 [02:23<00:14,  6.74it/s]Visualizing group 2:  91%|█████████ | 927/1024 [02:23<00:14,  6.67it/s]Visualizing group 2:  91%|█████████ | 928/1024 [02:23<00:14,  6.76it/s]Visualizing group 2:  91%|█████████ | 929/1024 [02:23<00:14,  6.62it/s]Visualizing group 2:  91%|█████████ | 930/1024 [02:24<00:13,  6.72it/s]Visualizing group 2:  91%|█████████ | 931/1024 [02:24<00:14,  6.56it/s]Visualizing group 2:  91%|█████████ | 932/1024 [02:24<00:13,  6.58it/s]Visualizing group 2:  91%|█████████ | 933/1024 [02:24<00:13,  6.56it/s]Visualizing group 2:  91%|█████████ | 934/1024 [02:24<00:13,  6.57it/s]Visualizing group 2:  91%|█████████▏| 935/1024 [02:24<00:14,  6.21it/s]Visualizing group 2:  91%|█████████▏| 936/1024 [02:25<00:14,  6.13it/s]Visualizing group 2:  92%|█████████▏| 937/1024 [02:25<00:13,  6.23it/s]Visualizing group 2:  92%|█████████▏| 938/1024 [02:25<00:13,  6.31it/s]Visualizing group 2:  92%|█████████▏| 939/1024 [02:25<00:13,  6.34it/s]Visualizing group 2:  92%|█████████▏| 940/1024 [02:25<00:13,  6.19it/s]Visualizing group 2:  92%|█████████▏| 941/1024 [02:25<00:13,  6.25it/s]Visualizing group 2:  92%|█████████▏| 942/1024 [02:25<00:13,  6.25it/s]Visualizing group 2:  92%|█████████▏| 943/1024 [02:26<00:12,  6.34it/s]Visualizing group 2:  92%|█████████▏| 944/1024 [02:26<00:12,  6.36it/s]Visualizing group 2:  92%|█████████▏| 945/1024 [02:26<00:13,  6.05it/s]Visualizing group 2:  92%|█████████▏| 946/1024 [02:26<00:12,  6.01it/s]Visualizing group 2:  92%|█████████▏| 947/1024 [02:26<00:12,  6.30it/s]Visualizing group 2:  93%|█████████▎| 948/1024 [02:26<00:11,  6.41it/s]Visualizing group 2:  93%|█████████▎| 949/1024 [02:27<00:12,  6.04it/s]Visualizing group 2:  93%|█████████▎| 950/1024 [02:27<00:12,  6.16it/s]Visualizing group 2:  93%|█████████▎| 951/1024 [02:27<00:11,  6.12it/s]Visualizing group 2:  93%|█████████▎| 952/1024 [02:27<00:11,  6.36it/s]Visualizing group 2:  93%|█████████▎| 953/1024 [02:27<00:10,  6.48it/s]Visualizing group 2:  93%|█████████▎| 954/1024 [02:27<00:10,  6.60it/s]Visualizing group 2:  93%|█████████▎| 955/1024 [02:27<00:10,  6.66it/s]Visualizing group 2:  93%|█████████▎| 956/1024 [02:28<00:10,  6.79it/s]Visualizing group 2:  93%|█████████▎| 957/1024 [02:28<00:10,  6.59it/s]Visualizing group 2:  94%|█████████▎| 958/1024 [02:28<00:09,  6.65it/s]Visualizing group 2:  94%|█████████▎| 959/1024 [02:28<00:09,  6.66it/s]Visualizing group 2:  94%|█████████▍| 960/1024 [02:28<00:09,  6.79it/s]Visualizing group 2:  94%|█████████▍| 961/1024 [02:28<00:09,  6.65it/s]Visualizing group 2:  94%|█████████▍| 962/1024 [02:29<00:09,  6.65it/s]Visualizing group 2:  94%|█████████▍| 963/1024 [02:29<00:09,  6.69it/s]Visualizing group 2:  94%|█████████▍| 964/1024 [02:29<00:08,  6.73it/s]Visualizing group 2:  94%|█████████▍| 965/1024 [02:29<00:09,  6.54it/s]Visualizing group 2:  94%|█████████▍| 966/1024 [02:29<00:08,  6.73it/s]Visualizing group 2:  94%|█████████▍| 967/1024 [02:29<00:08,  6.56it/s]Visualizing group 2:  95%|█████████▍| 968/1024 [02:29<00:08,  6.66it/s]Visualizing group 2:  95%|█████████▍| 969/1024 [02:30<00:08,  6.70it/s]Visualizing group 2:  95%|█████████▍| 970/1024 [02:30<00:08,  6.54it/s]Visualizing group 2:  95%|█████████▍| 971/1024 [02:30<00:07,  6.76it/s]Visualizing group 2:  95%|█████████▍| 972/1024 [02:30<00:07,  6.73it/s]Visualizing group 2:  95%|█████████▌| 973/1024 [02:30<00:07,  6.62it/s]Visualizing group 2:  95%|█████████▌| 974/1024 [02:30<00:07,  6.73it/s]Visualizing group 2:  95%|█████████▌| 975/1024 [02:30<00:07,  6.75it/s]Visualizing group 2:  95%|█████████▌| 976/1024 [02:31<00:07,  6.76it/s]Visualizing group 2:  95%|█████████▌| 977/1024 [02:31<00:07,  6.58it/s]Visualizing group 2:  96%|█████████▌| 978/1024 [02:31<00:07,  6.46it/s]Visualizing group 2:  96%|█████████▌| 979/1024 [02:31<00:06,  6.65it/s]Visualizing group 2:  96%|█████████▌| 980/1024 [02:31<00:06,  6.74it/s]Visualizing group 2:  96%|█████████▌| 981/1024 [02:31<00:06,  6.76it/s]Visualizing group 2:  96%|█████████▌| 982/1024 [02:32<00:06,  6.79it/s]Visualizing group 2:  96%|█████████▌| 983/1024 [02:32<00:06,  6.67it/s]Visualizing group 2:  96%|█████████▌| 984/1024 [02:32<00:06,  6.57it/s]Visualizing group 2:  96%|█████████▌| 985/1024 [02:32<00:07,  5.15it/s]Visualizing group 2:  96%|█████████▋| 986/1024 [02:32<00:06,  5.49it/s]Visualizing group 2:  96%|█████████▋| 987/1024 [02:32<00:06,  5.87it/s]Visualizing group 2:  96%|█████████▋| 988/1024 [02:33<00:06,  5.98it/s]Visualizing group 2:  97%|█████████▋| 989/1024 [02:33<00:05,  6.17it/s]Visualizing group 2:  97%|█████████▋| 990/1024 [02:33<00:05,  6.28it/s]Visualizing group 2:  97%|█████████▋| 991/1024 [02:33<00:05,  6.41it/s]Visualizing group 2:  97%|█████████▋| 992/1024 [02:33<00:05,  6.39it/s]Visualizing group 2:  97%|█████████▋| 993/1024 [02:33<00:04,  6.53it/s]Visualizing group 2:  97%|█████████▋| 994/1024 [02:33<00:04,  6.60it/s]Visualizing group 2:  97%|█████████▋| 995/1024 [02:34<00:04,  6.47it/s]Visualizing group 2:  97%|█████████▋| 996/1024 [02:34<00:04,  6.41it/s]Visualizing group 2:  97%|█████████▋| 997/1024 [02:34<00:04,  6.05it/s]Visualizing group 2:  97%|█████████▋| 998/1024 [02:34<00:04,  6.19it/s]Visualizing group 2:  98%|█████████▊| 999/1024 [02:34<00:03,  6.43it/s]Visualizing group 2:  98%|█████████▊| 1000/1024 [02:35<00:04,  5.07it/s]Visualizing group 2:  98%|█████████▊| 1001/1024 [02:35<00:04,  5.42it/s]Visualizing group 2:  98%|█████████▊| 1002/1024 [02:35<00:03,  5.79it/s]Visualizing group 2:  98%|█████████▊| 1003/1024 [02:35<00:03,  6.00it/s]Visualizing group 2:  98%|█████████▊| 1004/1024 [02:35<00:03,  6.27it/s]Visualizing group 2:  98%|█████████▊| 1005/1024 [02:35<00:02,  6.37it/s]Visualizing group 2:  98%|█████████▊| 1006/1024 [02:35<00:02,  6.42it/s]Visualizing group 2:  98%|█████████▊| 1007/1024 [02:36<00:02,  6.53it/s]Visualizing group 2:  98%|█████████▊| 1008/1024 [02:36<00:02,  6.40it/s]Visualizing group 2:  99%|█████████▊| 1009/1024 [02:36<00:02,  6.57it/s]Visualizing group 2:  99%|█████████▊| 1010/1024 [02:36<00:02,  6.42it/s]Visualizing group 2:  99%|█████████▊| 1011/1024 [02:36<00:02,  6.05it/s]Visualizing group 2:  99%|█████████▉| 1012/1024 [02:36<00:01,  6.24it/s]Visualizing group 2:  99%|█████████▉| 1013/1024 [02:37<00:01,  6.39it/s]Visualizing group 2:  99%|█████████▉| 1014/1024 [02:37<00:01,  6.43it/s]Visualizing group 2:  99%|█████████▉| 1015/1024 [02:37<00:01,  6.57it/s]Visualizing group 2:  99%|█████████▉| 1016/1024 [02:37<00:01,  6.71it/s]Visualizing group 2:  99%|█████████▉| 1017/1024 [02:37<00:01,  6.52it/s]Visualizing group 2:  99%|█████████▉| 1018/1024 [02:37<00:00,  6.59it/s]Visualizing group 2: 100%|█████████▉| 1019/1024 [02:38<00:00,  6.54it/s]Visualizing group 2: 100%|█████████▉| 1020/1024 [02:38<00:00,  6.58it/s]Visualizing group 2: 100%|█████████▉| 1021/1024 [02:38<00:00,  6.40it/s]Visualizing group 2: 100%|█████████▉| 1022/1024 [02:38<00:00,  6.23it/s]Visualizing group 2: 100%|█████████▉| 1023/1024 [02:38<00:00,  6.36it/s]Visualizing group 2: 100%|██████████| 1024/1024 [02:38<00:00,  6.25it/s]Visualizing group 2: 100%|██████████| 1024/1024 [02:38<00:00,  6.45it/s]
Visualizing group 3:   0%|          | 0/2304 [00:00<?, ?it/s]Visualizing group 3:   0%|          | 1/2304 [00:00<05:31,  6.96it/s]Visualizing group 3:   0%|          | 2/2304 [00:00<05:47,  6.62it/s]Visualizing group 3:   0%|          | 3/2304 [00:00<05:31,  6.94it/s]Visualizing group 3:   0%|          | 4/2304 [00:00<05:42,  6.72it/s]Visualizing group 3:   0%|          | 5/2304 [00:00<07:27,  5.14it/s]Visualizing group 3:   0%|          | 6/2304 [00:01<07:08,  5.36it/s]Visualizing group 3:   0%|          | 7/2304 [00:01<06:43,  5.69it/s]Visualizing group 3:   0%|          | 8/2304 [00:01<06:35,  5.81it/s]Visualizing group 3:   0%|          | 9/2304 [00:01<06:12,  6.17it/s]Visualizing group 3:   0%|          | 10/2304 [00:01<06:05,  6.28it/s]Visualizing group 3:   0%|          | 11/2304 [00:01<06:05,  6.28it/s]Visualizing group 3:   1%|          | 12/2304 [00:01<05:59,  6.37it/s]Visualizing group 3:   1%|          | 13/2304 [00:02<06:15,  6.10it/s]Visualizing group 3:   1%|          | 14/2304 [00:02<06:19,  6.03it/s]Visualizing group 3:   1%|          | 15/2304 [00:02<06:08,  6.21it/s]Visualizing group 3:   1%|          | 16/2304 [00:02<06:01,  6.32it/s]Visualizing group 3:   1%|          | 17/2304 [00:02<07:25,  5.13it/s]Visualizing group 3:   1%|          | 18/2304 [00:03<06:56,  5.49it/s]Visualizing group 3:   1%|          | 19/2304 [00:03<06:39,  5.71it/s]Visualizing group 3:   1%|          | 20/2304 [00:03<06:24,  5.93it/s]Visualizing group 3:   1%|          | 21/2304 [00:03<06:10,  6.17it/s]Visualizing group 3:   1%|          | 22/2304 [00:03<06:03,  6.28it/s]Visualizing group 3:   1%|          | 23/2304 [00:03<05:55,  6.41it/s]Visualizing group 3:   1%|          | 24/2304 [00:03<05:49,  6.52it/s]Visualizing group 3:   1%|          | 25/2304 [00:04<05:43,  6.64it/s]Visualizing group 3:   1%|          | 26/2304 [00:04<05:34,  6.80it/s]Visualizing group 3:   1%|          | 27/2304 [00:04<05:45,  6.59it/s]Visualizing group 3:   1%|          | 28/2304 [00:04<05:46,  6.58it/s]Visualizing group 3:   1%|▏         | 29/2304 [00:04<05:41,  6.67it/s]Visualizing group 3:   1%|▏         | 30/2304 [00:04<05:36,  6.76it/s]Visualizing group 3:   1%|▏         | 31/2304 [00:04<05:40,  6.67it/s]Visualizing group 3:   1%|▏         | 32/2304 [00:05<05:34,  6.79it/s]Visualizing group 3:   1%|▏         | 33/2304 [00:05<05:37,  6.73it/s]Visualizing group 3:   1%|▏         | 34/2304 [00:05<05:33,  6.82it/s]Visualizing group 3:   2%|▏         | 35/2304 [00:05<05:42,  6.63it/s]Visualizing group 3:   2%|▏         | 36/2304 [00:05<05:40,  6.65it/s]Visualizing group 3:   2%|▏         | 37/2304 [00:05<05:51,  6.45it/s]Visualizing group 3:   2%|▏         | 38/2304 [00:06<06:10,  6.12it/s]Visualizing group 3:   2%|▏         | 39/2304 [00:06<06:14,  6.05it/s]Visualizing group 3:   2%|▏         | 40/2304 [00:06<06:04,  6.22it/s]Visualizing group 3:   2%|▏         | 41/2304 [00:06<05:51,  6.45it/s]Visualizing group 3:   2%|▏         | 42/2304 [00:06<05:47,  6.51it/s]Visualizing group 3:   2%|▏         | 43/2304 [00:06<05:46,  6.53it/s]Visualizing group 3:   2%|▏         | 44/2304 [00:06<05:38,  6.67it/s]Visualizing group 3:   2%|▏         | 45/2304 [00:07<05:37,  6.70it/s]Visualizing group 3:   2%|▏         | 46/2304 [00:07<05:40,  6.64it/s]Visualizing group 3:   2%|▏         | 47/2304 [00:07<05:48,  6.48it/s]Visualizing group 3:   2%|▏         | 48/2304 [00:07<05:48,  6.47it/s]Visualizing group 3:   2%|▏         | 49/2304 [00:07<06:07,  6.13it/s]Visualizing group 3:   2%|▏         | 50/2304 [00:07<05:52,  6.39it/s]Visualizing group 3:   2%|▏         | 51/2304 [00:08<05:53,  6.37it/s]Visualizing group 3:   2%|▏         | 52/2304 [00:08<05:53,  6.38it/s]Visualizing group 3:   2%|▏         | 53/2304 [00:08<05:44,  6.53it/s]Visualizing group 3:   2%|▏         | 54/2304 [00:08<05:50,  6.43it/s]Visualizing group 3:   2%|▏         | 55/2304 [00:08<05:41,  6.58it/s]Visualizing group 3:   2%|▏         | 56/2304 [00:08<05:35,  6.70it/s]Visualizing group 3:   2%|▏         | 57/2304 [00:08<05:28,  6.83it/s]Visualizing group 3:   3%|▎         | 58/2304 [00:09<05:29,  6.81it/s]Visualizing group 3:   3%|▎         | 59/2304 [00:09<05:32,  6.75it/s]Visualizing group 3:   3%|▎         | 60/2304 [00:09<05:31,  6.77it/s]Visualizing group 3:   3%|▎         | 61/2304 [00:09<05:46,  6.47it/s]Visualizing group 3:   3%|▎         | 62/2304 [00:09<05:46,  6.47it/s]Visualizing group 3:   3%|▎         | 63/2304 [00:09<05:36,  6.66it/s]Visualizing group 3:   3%|▎         | 64/2304 [00:10<05:30,  6.78it/s]Visualizing group 3:   3%|▎         | 65/2304 [00:10<05:35,  6.68it/s]Visualizing group 3:   3%|▎         | 66/2304 [00:10<05:31,  6.75it/s]Visualizing group 3:   3%|▎         | 67/2304 [00:10<05:39,  6.59it/s]Visualizing group 3:   3%|▎         | 68/2304 [00:10<05:38,  6.62it/s]Visualizing group 3:   3%|▎         | 69/2304 [00:10<05:37,  6.62it/s]Visualizing group 3:   3%|▎         | 70/2304 [00:10<05:49,  6.39it/s]Visualizing group 3:   3%|▎         | 71/2304 [00:11<05:56,  6.26it/s]Visualizing group 3:   3%|▎         | 72/2304 [00:11<06:02,  6.15it/s]Visualizing group 3:   3%|▎         | 73/2304 [00:11<05:52,  6.34it/s]Visualizing group 3:   3%|▎         | 74/2304 [00:11<05:39,  6.57it/s]Visualizing group 3:   3%|▎         | 75/2304 [00:11<05:32,  6.70it/s]Visualizing group 3:   3%|▎         | 76/2304 [00:11<05:40,  6.55it/s]Visualizing group 3:   3%|▎         | 77/2304 [00:12<05:32,  6.70it/s]Visualizing group 3:   3%|▎         | 78/2304 [00:12<05:45,  6.45it/s]Visualizing group 3:   3%|▎         | 79/2304 [00:12<05:54,  6.28it/s]Visualizing group 3:   3%|▎         | 80/2304 [00:12<05:53,  6.28it/s]Visualizing group 3:   4%|▎         | 81/2304 [00:12<05:55,  6.25it/s]Visualizing group 3:   4%|▎         | 82/2304 [00:12<05:43,  6.48it/s]Visualizing group 3:   4%|▎         | 83/2304 [00:12<05:41,  6.50it/s]Visualizing group 3:   4%|▎         | 84/2304 [00:13<05:35,  6.61it/s]Visualizing group 3:   4%|▎         | 85/2304 [00:13<05:39,  6.53it/s]Visualizing group 3:   4%|▎         | 86/2304 [00:13<05:38,  6.56it/s]Visualizing group 3:   4%|▍         | 87/2304 [00:13<05:35,  6.60it/s]Visualizing group 3:   4%|▍         | 88/2304 [00:13<05:47,  6.37it/s]Visualizing group 3:   4%|▍         | 89/2304 [00:14<07:10,  5.14it/s]Visualizing group 3:   4%|▍         | 90/2304 [00:14<06:44,  5.47it/s]Visualizing group 3:   4%|▍         | 91/2304 [00:14<06:21,  5.80it/s]Visualizing group 3:   4%|▍         | 92/2304 [00:14<06:03,  6.08it/s]Visualizing group 3:   4%|▍         | 93/2304 [00:14<05:49,  6.33it/s]Visualizing group 3:   4%|▍         | 94/2304 [00:14<05:46,  6.38it/s]Visualizing group 3:   4%|▍         | 95/2304 [00:14<05:38,  6.53it/s]Visualizing group 3:   4%|▍         | 96/2304 [00:15<05:39,  6.50it/s]Visualizing group 3:   4%|▍         | 97/2304 [00:15<05:41,  6.47it/s]Visualizing group 3:   4%|▍         | 98/2304 [00:15<05:33,  6.61it/s]Visualizing group 3:   4%|▍         | 99/2304 [00:15<05:29,  6.70it/s]Visualizing group 3:   4%|▍         | 100/2304 [00:15<05:34,  6.59it/s]Visualizing group 3:   4%|▍         | 101/2304 [00:15<05:27,  6.72it/s]Visualizing group 3:   4%|▍         | 102/2304 [00:15<05:29,  6.68it/s]Visualizing group 3:   4%|▍         | 103/2304 [00:16<05:29,  6.68it/s]Visualizing group 3:   5%|▍         | 104/2304 [00:16<06:08,  5.96it/s]Visualizing group 3:   5%|▍         | 105/2304 [00:16<05:55,  6.18it/s]Visualizing group 3:   5%|▍         | 106/2304 [00:16<05:44,  6.38it/s]Visualizing group 3:   5%|▍         | 107/2304 [00:16<05:42,  6.41it/s]Visualizing group 3:   5%|▍         | 108/2304 [00:16<05:41,  6.42it/s]Visualizing group 3:   5%|▍         | 109/2304 [00:17<05:32,  6.60it/s]Visualizing group 3:   5%|▍         | 110/2304 [00:17<05:34,  6.57it/s]Visualizing group 3:   5%|▍         | 111/2304 [00:17<05:34,  6.55it/s]Visualizing group 3:   5%|▍         | 112/2304 [00:17<05:28,  6.68it/s]Visualizing group 3:   5%|▍         | 113/2304 [00:17<05:34,  6.54it/s]Visualizing group 3:   5%|▍         | 114/2304 [00:17<05:33,  6.56it/s]Visualizing group 3:   5%|▍         | 115/2304 [00:17<05:28,  6.66it/s]Visualizing group 3:   5%|▌         | 116/2304 [00:18<05:36,  6.51it/s]Visualizing group 3:   5%|▌         | 117/2304 [00:18<05:32,  6.59it/s]Visualizing group 3:   5%|▌         | 118/2304 [00:18<05:24,  6.74it/s]Visualizing group 3:   5%|▌         | 119/2304 [00:18<05:27,  6.68it/s]Visualizing group 3:   5%|▌         | 120/2304 [00:18<05:19,  6.84it/s]Visualizing group 3:   5%|▌         | 121/2304 [00:18<05:28,  6.65it/s]Visualizing group 3:   5%|▌         | 122/2304 [00:19<05:20,  6.81it/s]Visualizing group 3:   5%|▌         | 123/2304 [00:19<05:28,  6.64it/s]Visualizing group 3:   5%|▌         | 124/2304 [00:19<05:21,  6.78it/s]Visualizing group 3:   5%|▌         | 125/2304 [00:19<05:19,  6.81it/s]Visualizing group 3:   5%|▌         | 126/2304 [00:19<05:30,  6.59it/s]Visualizing group 3:   6%|▌         | 127/2304 [00:19<05:31,  6.56it/s]Visualizing group 3:   6%|▌         | 128/2304 [00:19<05:22,  6.74it/s]Visualizing group 3:   6%|▌         | 129/2304 [00:20<05:27,  6.65it/s]Visualizing group 3:   6%|▌         | 130/2304 [00:20<05:29,  6.61it/s]Visualizing group 3:   6%|▌         | 131/2304 [00:20<05:31,  6.55it/s]Visualizing group 3:   6%|▌         | 132/2304 [00:20<05:38,  6.41it/s]Visualizing group 3:   6%|▌         | 133/2304 [00:20<05:31,  6.55it/s]Visualizing group 3:   6%|▌         | 134/2304 [00:20<05:28,  6.60it/s]Visualizing group 3:   6%|▌         | 135/2304 [00:20<05:22,  6.73it/s]Visualizing group 3:   6%|▌         | 136/2304 [00:21<05:18,  6.80it/s]Visualizing group 3:   6%|▌         | 137/2304 [00:21<05:19,  6.79it/s]Visualizing group 3:   6%|▌         | 138/2304 [00:21<05:27,  6.61it/s]Visualizing group 3:   6%|▌         | 139/2304 [00:21<05:20,  6.76it/s]Visualizing group 3:   6%|▌         | 140/2304 [00:21<05:18,  6.80it/s]Visualizing group 3:   6%|▌         | 141/2304 [00:21<05:20,  6.74it/s]Visualizing group 3:   6%|▌         | 142/2304 [00:22<05:20,  6.74it/s]Visualizing group 3:   6%|▌         | 143/2304 [00:22<05:38,  6.38it/s]Visualizing group 3:   6%|▋         | 144/2304 [00:22<05:31,  6.52it/s]Visualizing group 3:   6%|▋         | 145/2304 [00:22<05:26,  6.61it/s]Visualizing group 3:   6%|▋         | 146/2304 [00:22<05:28,  6.58it/s]Visualizing group 3:   6%|▋         | 147/2304 [00:22<05:20,  6.73it/s]Visualizing group 3:   6%|▋         | 148/2304 [00:22<05:19,  6.75it/s]Visualizing group 3:   6%|▋         | 149/2304 [00:23<05:18,  6.77it/s]Visualizing group 3:   7%|▋         | 150/2304 [00:23<05:24,  6.63it/s]Visualizing group 3:   7%|▋         | 151/2304 [00:23<05:32,  6.47it/s]Visualizing group 3:   7%|▋         | 152/2304 [00:23<05:35,  6.41it/s]Visualizing group 3:   7%|▋         | 153/2304 [00:23<05:45,  6.22it/s]Visualizing group 3:   7%|▋         | 154/2304 [00:23<05:39,  6.34it/s]Visualizing group 3:   7%|▋         | 155/2304 [00:24<05:28,  6.54it/s]Visualizing group 3:   7%|▋         | 156/2304 [00:24<05:31,  6.48it/s]Visualizing group 3:   7%|▋         | 157/2304 [00:24<05:22,  6.65it/s]Visualizing group 3:   7%|▋         | 158/2304 [00:24<05:25,  6.59it/s]Visualizing group 3:   7%|▋         | 159/2304 [00:24<05:22,  6.65it/s]Visualizing group 3:   7%|▋         | 160/2304 [00:24<05:23,  6.63it/s]Visualizing group 3:   7%|▋         | 161/2304 [00:24<05:22,  6.65it/s]Visualizing group 3:   7%|▋         | 162/2304 [00:25<05:26,  6.57it/s]Visualizing group 3:   7%|▋         | 163/2304 [00:25<05:17,  6.73it/s]Visualizing group 3:   7%|▋         | 164/2304 [00:25<05:24,  6.59it/s]Visualizing group 3:   7%|▋         | 165/2304 [00:25<05:18,  6.72it/s]Visualizing group 3:   7%|▋         | 166/2304 [00:25<05:21,  6.66it/s]Visualizing group 3:   7%|▋         | 167/2304 [00:25<05:16,  6.76it/s]Visualizing group 3:   7%|▋         | 168/2304 [00:25<05:25,  6.55it/s]Visualizing group 3:   7%|▋         | 169/2304 [00:26<05:17,  6.72it/s]Visualizing group 3:   7%|▋         | 170/2304 [00:26<05:24,  6.58it/s]Visualizing group 3:   7%|▋         | 171/2304 [00:26<05:17,  6.73it/s]Visualizing group 3:   7%|▋         | 172/2304 [00:26<05:29,  6.46it/s]Visualizing group 3:   8%|▊         | 173/2304 [00:26<05:19,  6.66it/s]Visualizing group 3:   8%|▊         | 174/2304 [00:26<05:18,  6.69it/s]Visualizing group 3:   8%|▊         | 175/2304 [00:27<05:14,  6.78it/s]Visualizing group 3:   8%|▊         | 176/2304 [00:27<05:17,  6.70it/s]Visualizing group 3:   8%|▊         | 177/2304 [00:27<05:14,  6.76it/s]Visualizing group 3:   8%|▊         | 178/2304 [00:27<05:27,  6.50it/s]Visualizing group 3:   8%|▊         | 179/2304 [00:27<05:21,  6.61it/s]Visualizing group 3:   8%|▊         | 180/2304 [00:27<05:18,  6.67it/s]Visualizing group 3:   8%|▊         | 181/2304 [00:27<05:13,  6.78it/s]Visualizing group 3:   8%|▊         | 182/2304 [00:28<05:17,  6.68it/s]Visualizing group 3:   8%|▊         | 183/2304 [00:28<05:14,  6.75it/s]Visualizing group 3:   8%|▊         | 184/2304 [00:28<05:14,  6.74it/s]Visualizing group 3:   8%|▊         | 185/2304 [00:28<05:15,  6.71it/s]Visualizing group 3:   8%|▊         | 186/2304 [00:28<05:25,  6.51it/s]Visualizing group 3:   8%|▊         | 187/2304 [00:28<05:20,  6.61it/s]Visualizing group 3:   8%|▊         | 188/2304 [00:28<05:16,  6.69it/s]Visualizing group 3:   8%|▊         | 189/2304 [00:29<05:13,  6.76it/s]Visualizing group 3:   8%|▊         | 190/2304 [00:29<05:18,  6.64it/s]Visualizing group 3:   8%|▊         | 191/2304 [00:29<05:18,  6.64it/s]Visualizing group 3:   8%|▊         | 192/2304 [00:29<05:17,  6.64it/s]Visualizing group 3:   8%|▊         | 193/2304 [00:29<05:15,  6.69it/s]Visualizing group 3:   8%|▊         | 194/2304 [00:29<05:17,  6.65it/s]Visualizing group 3:   8%|▊         | 195/2304 [00:30<05:15,  6.69it/s]Visualizing group 3:   9%|▊         | 196/2304 [00:30<05:18,  6.62it/s]Visualizing group 3:   9%|▊         | 197/2304 [00:30<05:13,  6.71it/s]Visualizing group 3:   9%|▊         | 198/2304 [00:30<05:21,  6.56it/s]Visualizing group 3:   9%|▊         | 199/2304 [00:30<06:25,  5.46it/s]Visualizing group 3:   9%|▊         | 200/2304 [00:30<06:05,  5.75it/s]Visualizing group 3:   9%|▊         | 201/2304 [00:31<05:50,  6.01it/s]Visualizing group 3:   9%|▉         | 202/2304 [00:31<05:36,  6.24it/s]Visualizing group 3:   9%|▉         | 203/2304 [00:31<05:24,  6.48it/s]Visualizing group 3:   9%|▉         | 204/2304 [00:31<05:25,  6.45it/s]Visualizing group 3:   9%|▉         | 205/2304 [00:31<05:22,  6.52it/s]Visualizing group 3:   9%|▉         | 206/2304 [00:31<05:18,  6.58it/s]Visualizing group 3:   9%|▉         | 207/2304 [00:31<05:09,  6.78it/s]Visualizing group 3:   9%|▉         | 208/2304 [00:32<05:16,  6.63it/s]Visualizing group 3:   9%|▉         | 209/2304 [00:32<05:12,  6.71it/s]Visualizing group 3:   9%|▉         | 210/2304 [00:32<05:14,  6.66it/s]Visualizing group 3:   9%|▉         | 211/2304 [00:32<05:15,  6.63it/s]Visualizing group 3:   9%|▉         | 212/2304 [00:32<05:16,  6.60it/s]Visualizing group 3:   9%|▉         | 213/2304 [00:32<05:12,  6.70it/s]Visualizing group 3:   9%|▉         | 214/2304 [00:32<05:16,  6.61it/s]Visualizing group 3:   9%|▉         | 215/2304 [00:33<05:08,  6.77it/s]Visualizing group 3:   9%|▉         | 216/2304 [00:33<05:19,  6.54it/s]Visualizing group 3:   9%|▉         | 217/2304 [00:33<05:20,  6.50it/s]Visualizing group 3:   9%|▉         | 218/2304 [00:33<05:16,  6.59it/s]Visualizing group 3:  10%|▉         | 219/2304 [00:33<05:20,  6.51it/s]Visualizing group 3:  10%|▉         | 220/2304 [00:33<05:17,  6.57it/s]Visualizing group 3:  10%|▉         | 221/2304 [00:34<05:16,  6.58it/s]Visualizing group 3:  10%|▉         | 222/2304 [00:34<05:09,  6.72it/s]Visualizing group 3:  10%|▉         | 223/2304 [00:34<05:02,  6.89it/s]Visualizing group 3:  10%|▉         | 224/2304 [00:34<05:13,  6.64it/s]Visualizing group 3:  10%|▉         | 225/2304 [00:34<05:09,  6.72it/s]Visualizing group 3:  10%|▉         | 226/2304 [00:34<05:08,  6.73it/s]Visualizing group 3:  10%|▉         | 227/2304 [00:34<05:04,  6.81it/s]Visualizing group 3:  10%|▉         | 228/2304 [00:35<05:19,  6.50it/s]Visualizing group 3:  10%|▉         | 229/2304 [00:35<05:17,  6.53it/s]Visualizing group 3:  10%|▉         | 230/2304 [00:35<05:09,  6.69it/s]Visualizing group 3:  10%|█         | 231/2304 [00:35<05:10,  6.67it/s]Visualizing group 3:  10%|█         | 232/2304 [00:35<05:08,  6.72it/s]Visualizing group 3:  10%|█         | 233/2304 [00:35<05:10,  6.68it/s]Visualizing group 3:  10%|█         | 234/2304 [00:35<05:05,  6.77it/s]Visualizing group 3:  10%|█         | 235/2304 [00:36<05:06,  6.76it/s]Visualizing group 3:  10%|█         | 236/2304 [00:36<05:09,  6.69it/s]Visualizing group 3:  10%|█         | 237/2304 [00:36<05:13,  6.59it/s]Visualizing group 3:  10%|█         | 238/2304 [00:36<05:12,  6.62it/s]Visualizing group 3:  10%|█         | 239/2304 [00:36<05:09,  6.68it/s]Visualizing group 3:  10%|█         | 240/2304 [00:36<05:02,  6.83it/s]Visualizing group 3:  10%|█         | 241/2304 [00:37<05:02,  6.82it/s]Visualizing group 3:  11%|█         | 242/2304 [00:37<05:08,  6.68it/s]Visualizing group 3:  11%|█         | 243/2304 [00:37<05:06,  6.73it/s]Visualizing group 3:  11%|█         | 244/2304 [00:37<05:16,  6.51it/s]Visualizing group 3:  11%|█         | 245/2304 [00:37<05:09,  6.65it/s]Visualizing group 3:  11%|█         | 246/2304 [00:37<05:07,  6.70it/s]Visualizing group 3:  11%|█         | 247/2304 [00:37<05:08,  6.67it/s]Visualizing group 3:  11%|█         | 248/2304 [00:38<05:35,  6.13it/s]Visualizing group 3:  11%|█         | 249/2304 [00:38<05:31,  6.19it/s]Visualizing group 3:  11%|█         | 250/2304 [00:38<05:49,  5.88it/s]Visualizing group 3:  11%|█         | 251/2304 [00:38<05:38,  6.06it/s]Visualizing group 3:  11%|█         | 252/2304 [00:38<05:31,  6.18it/s]Visualizing group 3:  11%|█         | 253/2304 [00:38<05:29,  6.23it/s]Visualizing group 3:  11%|█         | 254/2304 [00:39<05:29,  6.23it/s]Visualizing group 3:  11%|█         | 255/2304 [00:39<05:17,  6.46it/s]Visualizing group 3:  11%|█         | 256/2304 [00:39<05:16,  6.46it/s]Visualizing group 3:  11%|█         | 257/2304 [00:39<05:08,  6.63it/s]Visualizing group 3:  11%|█         | 258/2304 [00:39<05:11,  6.58it/s]Visualizing group 3:  11%|█         | 259/2304 [00:39<05:03,  6.74it/s]Visualizing group 3:  11%|█▏        | 260/2304 [00:39<05:03,  6.74it/s]Visualizing group 3:  11%|█▏        | 261/2304 [00:40<05:00,  6.81it/s]Visualizing group 3:  11%|█▏        | 262/2304 [00:40<05:07,  6.63it/s]Visualizing group 3:  11%|█▏        | 263/2304 [00:40<05:10,  6.57it/s]Visualizing group 3:  11%|█▏        | 264/2304 [00:40<05:33,  6.12it/s]Visualizing group 3:  12%|█▏        | 265/2304 [00:40<05:28,  6.20it/s]Visualizing group 3:  12%|█▏        | 266/2304 [00:40<05:17,  6.42it/s]Visualizing group 3:  12%|█▏        | 267/2304 [00:41<05:18,  6.40it/s]Visualizing group 3:  12%|█▏        | 268/2304 [00:41<05:10,  6.55it/s]Visualizing group 3:  12%|█▏        | 269/2304 [00:41<05:12,  6.51it/s]Visualizing group 3:  12%|█▏        | 270/2304 [00:41<05:06,  6.63it/s]Visualizing group 3:  12%|█▏        | 271/2304 [00:41<05:09,  6.58it/s]Visualizing group 3:  12%|█▏        | 272/2304 [00:41<05:13,  6.47it/s]Visualizing group 3:  12%|█▏        | 273/2304 [00:41<05:07,  6.60it/s]Visualizing group 3:  12%|█▏        | 274/2304 [00:42<04:59,  6.77it/s]Visualizing group 3:  12%|█▏        | 275/2304 [00:42<05:05,  6.65it/s]Visualizing group 3:  12%|█▏        | 276/2304 [00:42<05:02,  6.71it/s]Visualizing group 3:  12%|█▏        | 277/2304 [00:42<05:03,  6.67it/s]Visualizing group 3:  12%|█▏        | 278/2304 [00:42<05:09,  6.55it/s]Visualizing group 3:  12%|█▏        | 279/2304 [00:42<05:05,  6.63it/s]Visualizing group 3:  12%|█▏        | 280/2304 [00:43<04:59,  6.76it/s]Visualizing group 3:  12%|█▏        | 281/2304 [00:43<05:01,  6.70it/s]Visualizing group 3:  12%|█▏        | 282/2304 [00:43<04:57,  6.80it/s]Visualizing group 3:  12%|█▏        | 283/2304 [00:43<05:06,  6.59it/s]Visualizing group 3:  12%|█▏        | 284/2304 [00:43<05:01,  6.71it/s]Visualizing group 3:  12%|█▏        | 285/2304 [00:43<05:04,  6.62it/s]Visualizing group 3:  12%|█▏        | 286/2304 [00:43<05:04,  6.64it/s]Visualizing group 3:  12%|█▏        | 287/2304 [00:44<05:01,  6.68it/s]Visualizing group 3:  12%|█▎        | 288/2304 [00:44<04:58,  6.75it/s]Visualizing group 3:  13%|█▎        | 289/2304 [00:44<05:06,  6.58it/s]Visualizing group 3:  13%|█▎        | 290/2304 [00:44<05:06,  6.56it/s]Visualizing group 3:  13%|█▎        | 291/2304 [00:44<05:04,  6.61it/s]Visualizing group 3:  13%|█▎        | 292/2304 [00:44<04:57,  6.77it/s]Visualizing group 3:  13%|█▎        | 293/2304 [00:44<05:00,  6.70it/s]Visualizing group 3:  13%|█▎        | 294/2304 [00:45<05:09,  6.50it/s]Visualizing group 3:  13%|█▎        | 295/2304 [00:45<05:01,  6.66it/s]Visualizing group 3:  13%|█▎        | 296/2304 [00:45<05:01,  6.67it/s]Visualizing group 3:  13%|█▎        | 297/2304 [00:45<05:02,  6.63it/s]Visualizing group 3:  13%|█▎        | 298/2304 [00:45<05:03,  6.60it/s]Visualizing group 3:  13%|█▎        | 299/2304 [00:45<04:59,  6.69it/s]Visualizing group 3:  13%|█▎        | 300/2304 [00:46<05:02,  6.63it/s]Visualizing group 3:  13%|█▎        | 301/2304 [00:46<05:07,  6.51it/s]Visualizing group 3:  13%|█▎        | 302/2304 [00:46<05:12,  6.40it/s]Visualizing group 3:  13%|█▎        | 303/2304 [00:46<05:18,  6.27it/s]Visualizing group 3:  13%|█▎        | 304/2304 [00:46<05:19,  6.25it/s]Visualizing group 3:  13%|█▎        | 305/2304 [00:46<05:13,  6.39it/s]Visualizing group 3:  13%|█▎        | 306/2304 [00:46<05:06,  6.51it/s]Visualizing group 3:  13%|█▎        | 307/2304 [00:47<05:05,  6.55it/s]Visualizing group 3:  13%|█▎        | 308/2304 [00:47<05:03,  6.57it/s]Visualizing group 3:  13%|█▎        | 309/2304 [00:47<05:59,  5.55it/s]Visualizing group 3:  13%|█▎        | 310/2304 [00:47<05:42,  5.81it/s]Visualizing group 3:  13%|█▎        | 311/2304 [00:47<05:30,  6.03it/s]Visualizing group 3:  14%|█▎        | 312/2304 [00:47<05:20,  6.22it/s]Visualizing group 3:  14%|█▎        | 313/2304 [00:48<05:08,  6.44it/s]Visualizing group 3:  14%|█▎        | 314/2304 [00:48<05:13,  6.35it/s]Visualizing group 3:  14%|█▎        | 315/2304 [00:48<05:02,  6.56it/s]Visualizing group 3:  14%|█▎        | 316/2304 [00:48<05:01,  6.59it/s]Visualizing group 3:  14%|█▍        | 317/2304 [00:48<05:03,  6.55it/s]Visualizing group 3:  14%|█▍        | 318/2304 [00:48<05:04,  6.53it/s]Visualizing group 3:  14%|█▍        | 319/2304 [00:49<05:01,  6.59it/s]Visualizing group 3:  14%|█▍        | 320/2304 [00:49<04:53,  6.75it/s]Visualizing group 3:  14%|█▍        | 321/2304 [00:49<04:50,  6.82it/s]Visualizing group 3:  14%|█▍        | 322/2304 [00:49<05:00,  6.60it/s]Visualizing group 3:  14%|█▍        | 323/2304 [00:49<04:55,  6.71it/s]Visualizing group 3:  14%|█▍        | 324/2304 [00:49<04:58,  6.63it/s]Visualizing group 3:  14%|█▍        | 325/2304 [00:49<04:51,  6.79it/s]Visualizing group 3:  14%|█▍        | 326/2304 [00:50<04:58,  6.62it/s]Visualizing group 3:  14%|█▍        | 327/2304 [00:50<04:55,  6.70it/s]Visualizing group 3:  14%|█▍        | 328/2304 [00:50<04:56,  6.68it/s]Visualizing group 3:  14%|█▍        | 329/2304 [00:50<04:57,  6.64it/s]Visualizing group 3:  14%|█▍        | 330/2304 [00:50<04:59,  6.59it/s]Visualizing group 3:  14%|█▍        | 331/2304 [00:50<04:52,  6.74it/s]Visualizing group 3:  14%|█▍        | 332/2304 [00:50<04:54,  6.68it/s]Visualizing group 3:  14%|█▍        | 333/2304 [00:51<04:54,  6.69it/s]Visualizing group 3:  14%|█▍        | 334/2304 [00:51<04:59,  6.57it/s]Visualizing group 3:  15%|█▍        | 335/2304 [00:51<05:06,  6.42it/s]Visualizing group 3:  15%|█▍        | 336/2304 [00:51<04:56,  6.63it/s]Visualizing group 3:  15%|█▍        | 337/2304 [00:51<04:56,  6.63it/s]Visualizing group 3:  15%|█▍        | 338/2304 [00:51<04:51,  6.74it/s]Visualizing group 3:  15%|█▍        | 339/2304 [00:52<04:52,  6.72it/s]Visualizing group 3:  15%|█▍        | 340/2304 [00:52<04:51,  6.73it/s]Visualizing group 3:  15%|█▍        | 341/2304 [00:52<04:51,  6.73it/s]Visualizing group 3:  15%|█▍        | 342/2304 [00:52<05:03,  6.46it/s]Visualizing group 3:  15%|█▍        | 343/2304 [00:52<04:57,  6.59it/s]Visualizing group 3:  15%|█▍        | 344/2304 [00:52<04:53,  6.68it/s]Visualizing group 3:  15%|█▍        | 345/2304 [00:52<04:52,  6.70it/s]Visualizing group 3:  15%|█▌        | 346/2304 [00:53<04:50,  6.73it/s]Visualizing group 3:  15%|█▌        | 347/2304 [00:53<04:49,  6.75it/s]Visualizing group 3:  15%|█▌        | 348/2304 [00:53<04:52,  6.68it/s]Visualizing group 3:  15%|█▌        | 349/2304 [00:53<04:49,  6.76it/s]Visualizing group 3:  15%|█▌        | 350/2304 [00:53<06:18,  5.17it/s]Visualizing group 3:  15%|█▌        | 351/2304 [00:53<05:57,  5.46it/s]Visualizing group 3:  15%|█▌        | 352/2304 [00:54<05:37,  5.78it/s]Visualizing group 3:  15%|█▌        | 353/2304 [00:54<05:20,  6.09it/s]Visualizing group 3:  15%|█▌        | 354/2304 [00:54<05:09,  6.29it/s]Visualizing group 3:  15%|█▌        | 355/2304 [00:54<05:08,  6.31it/s]Visualizing group 3:  15%|█▌        | 356/2304 [00:54<05:00,  6.49it/s]Visualizing group 3:  15%|█▌        | 357/2304 [00:54<05:06,  6.35it/s]Visualizing group 3:  16%|█▌        | 358/2304 [00:55<04:56,  6.57it/s]Visualizing group 3:  16%|█▌        | 359/2304 [00:55<04:58,  6.52it/s]Visualizing group 3:  16%|█▌        | 360/2304 [00:55<04:53,  6.62it/s]Visualizing group 3:  16%|█▌        | 361/2304 [00:55<04:50,  6.70it/s]Visualizing group 3:  16%|█▌        | 362/2304 [00:55<04:48,  6.73it/s]Visualizing group 3:  16%|█▌        | 363/2304 [00:55<04:53,  6.61it/s]Visualizing group 3:  16%|█▌        | 364/2304 [00:55<04:50,  6.67it/s]Visualizing group 3:  16%|█▌        | 365/2304 [00:56<04:53,  6.61it/s]Visualizing group 3:  16%|█▌        | 366/2304 [00:56<04:53,  6.61it/s]Visualizing group 3:  16%|█▌        | 367/2304 [00:56<05:00,  6.45it/s]Visualizing group 3:  16%|█▌        | 368/2304 [00:56<04:55,  6.54it/s]Visualizing group 3:  16%|█▌        | 369/2304 [00:56<04:53,  6.59it/s]Visualizing group 3:  16%|█▌        | 370/2304 [00:56<04:56,  6.53it/s]Visualizing group 3:  16%|█▌        | 371/2304 [00:57<04:51,  6.64it/s]Visualizing group 3:  16%|█▌        | 372/2304 [00:57<04:44,  6.79it/s]Visualizing group 3:  16%|█▌        | 373/2304 [00:57<04:48,  6.69it/s]Visualizing group 3:  16%|█▌        | 374/2304 [00:57<04:43,  6.82it/s]Visualizing group 3:  16%|█▋        | 375/2304 [00:57<04:42,  6.83it/s]Visualizing group 3:  16%|█▋        | 376/2304 [00:57<04:40,  6.87it/s]Visualizing group 3:  16%|█▋        | 377/2304 [00:57<04:49,  6.65it/s]Visualizing group 3:  16%|█▋        | 378/2304 [00:58<04:44,  6.77it/s]Visualizing group 3:  16%|█▋        | 379/2304 [00:58<04:48,  6.68it/s]Visualizing group 3:  16%|█▋        | 380/2304 [00:58<04:43,  6.78it/s]Visualizing group 3:  17%|█▋        | 381/2304 [00:58<04:50,  6.62it/s]Visualizing group 3:  17%|█▋        | 382/2304 [00:58<04:55,  6.50it/s]Visualizing group 3:  17%|█▋        | 383/2304 [00:58<04:49,  6.63it/s]Visualizing group 3:  17%|█▋        | 384/2304 [00:58<04:57,  6.44it/s]Visualizing group 3:  17%|█▋        | 385/2304 [00:59<04:53,  6.53it/s]Visualizing group 3:  17%|█▋        | 386/2304 [00:59<04:47,  6.67it/s]Visualizing group 3:  17%|█▋        | 387/2304 [00:59<04:45,  6.71it/s]Visualizing group 3:  17%|█▋        | 388/2304 [00:59<04:42,  6.78it/s]Visualizing group 3:  17%|█▋        | 389/2304 [00:59<04:49,  6.62it/s]Visualizing group 3:  17%|█▋        | 390/2304 [00:59<04:41,  6.79it/s]Visualizing group 3:  17%|█▋        | 391/2304 [00:59<04:42,  6.77it/s]Visualizing group 3:  17%|█▋        | 392/2304 [01:00<04:41,  6.79it/s]Visualizing group 3:  17%|█▋        | 393/2304 [01:00<04:45,  6.69it/s]Visualizing group 3:  17%|█▋        | 394/2304 [01:00<04:42,  6.76it/s]Visualizing group 3:  17%|█▋        | 395/2304 [01:00<04:55,  6.45it/s]Visualizing group 3:  17%|█▋        | 396/2304 [01:00<04:47,  6.63it/s]Visualizing group 3:  17%|█▋        | 397/2304 [01:00<04:42,  6.76it/s]Visualizing group 3:  17%|█▋        | 398/2304 [01:01<04:42,  6.75it/s]Visualizing group 3:  17%|█▋        | 399/2304 [01:01<04:46,  6.66it/s]Visualizing group 3:  17%|█▋        | 400/2304 [01:01<04:40,  6.79it/s]Visualizing group 3:  17%|█▋        | 401/2304 [01:01<04:47,  6.62it/s]Visualizing group 3:  17%|█▋        | 402/2304 [01:01<04:47,  6.62it/s]Visualizing group 3:  17%|█▋        | 403/2304 [01:01<04:48,  6.59it/s]Visualizing group 3:  18%|█▊        | 404/2304 [01:01<04:39,  6.80it/s]Visualizing group 3:  18%|█▊        | 405/2304 [01:02<04:51,  6.51it/s]Visualizing group 3:  18%|█▊        | 406/2304 [01:02<04:43,  6.69it/s]Visualizing group 3:  18%|█▊        | 407/2304 [01:02<04:42,  6.71it/s]Visualizing group 3:  18%|█▊        | 408/2304 [01:02<04:41,  6.74it/s]Visualizing group 3:  18%|█▊        | 409/2304 [01:02<04:51,  6.49it/s]Visualizing group 3:  18%|█▊        | 410/2304 [01:02<04:40,  6.74it/s]Visualizing group 3:  18%|█▊        | 411/2304 [01:02<04:43,  6.68it/s]Visualizing group 3:  18%|█▊        | 412/2304 [01:03<04:41,  6.71it/s]Visualizing group 3:  18%|█▊        | 413/2304 [01:03<04:42,  6.69it/s]Visualizing group 3:  18%|█▊        | 414/2304 [01:03<04:48,  6.56it/s]Visualizing group 3:  18%|█▊        | 415/2304 [01:03<04:43,  6.67it/s]Visualizing group 3:  18%|█▊        | 416/2304 [01:03<04:37,  6.81it/s]Visualizing group 3:  18%|█▊        | 417/2304 [01:03<04:42,  6.68it/s]Visualizing group 3:  18%|█▊        | 418/2304 [01:04<04:39,  6.74it/s]Visualizing group 3:  18%|█▊        | 419/2304 [01:04<05:43,  5.48it/s]Visualizing group 3:  18%|█▊        | 420/2304 [01:04<05:21,  5.86it/s]Visualizing group 3:  18%|█▊        | 421/2304 [01:04<05:09,  6.08it/s]Visualizing group 3:  18%|█▊        | 422/2304 [01:04<04:57,  6.34it/s]Visualizing group 3:  18%|█▊        | 423/2304 [01:04<04:54,  6.38it/s]Visualizing group 3:  18%|█▊        | 424/2304 [01:05<04:48,  6.51it/s]Visualizing group 3:  18%|█▊        | 425/2304 [01:05<04:49,  6.50it/s]Visualizing group 3:  18%|█▊        | 426/2304 [01:05<04:45,  6.58it/s]Visualizing group 3:  19%|█▊        | 427/2304 [01:05<04:48,  6.52it/s]Visualizing group 3:  19%|█▊        | 428/2304 [01:05<04:44,  6.60it/s]Visualizing group 3:  19%|█▊        | 429/2304 [01:05<04:54,  6.36it/s]Visualizing group 3:  19%|█▊        | 430/2304 [01:05<04:48,  6.50it/s]Visualizing group 3:  19%|█▊        | 431/2304 [01:06<05:01,  6.22it/s]Visualizing group 3:  19%|█▉        | 432/2304 [01:06<04:55,  6.34it/s]Visualizing group 3:  19%|█▉        | 433/2304 [01:06<04:50,  6.44it/s]Visualizing group 3:  19%|█▉        | 434/2304 [01:06<04:54,  6.35it/s]Visualizing group 3:  19%|█▉        | 435/2304 [01:06<04:47,  6.50it/s]Visualizing group 3:  19%|█▉        | 436/2304 [01:06<04:44,  6.57it/s]Visualizing group 3:  19%|█▉        | 437/2304 [01:07<04:39,  6.68it/s]Visualizing group 3:  19%|█▉        | 438/2304 [01:07<04:45,  6.54it/s]Visualizing group 3:  19%|█▉        | 439/2304 [01:07<04:43,  6.57it/s]Visualizing group 3:  19%|█▉        | 440/2304 [01:07<04:42,  6.61it/s]Visualizing group 3:  19%|█▉        | 441/2304 [01:07<04:37,  6.72it/s]Visualizing group 3:  19%|█▉        | 442/2304 [01:07<04:40,  6.63it/s]Visualizing group 3:  19%|█▉        | 443/2304 [01:07<04:37,  6.70it/s]Visualizing group 3:  19%|█▉        | 444/2304 [01:08<04:42,  6.58it/s]Visualizing group 3:  19%|█▉        | 445/2304 [01:08<04:36,  6.71it/s]Visualizing group 3:  19%|█▉        | 446/2304 [01:08<04:40,  6.62it/s]Visualizing group 3:  19%|█▉        | 447/2304 [01:08<04:36,  6.71it/s]Visualizing group 3:  19%|█▉        | 448/2304 [01:08<04:41,  6.60it/s]Visualizing group 3:  19%|█▉        | 449/2304 [01:08<04:40,  6.62it/s]Visualizing group 3:  20%|█▉        | 450/2304 [01:08<04:36,  6.71it/s]Visualizing group 3:  20%|█▉        | 451/2304 [01:09<04:33,  6.78it/s]Visualizing group 3:  20%|█▉        | 452/2304 [01:09<04:39,  6.62it/s]Visualizing group 3:  20%|█▉        | 453/2304 [01:09<04:33,  6.78it/s]Visualizing group 3:  20%|█▉        | 454/2304 [01:09<04:37,  6.67it/s]Visualizing group 3:  20%|█▉        | 455/2304 [01:09<04:36,  6.70it/s]Visualizing group 3:  20%|█▉        | 456/2304 [01:09<04:37,  6.65it/s]Visualizing group 3:  20%|█▉        | 457/2304 [01:10<04:34,  6.74it/s]Visualizing group 3:  20%|█▉        | 458/2304 [01:10<04:38,  6.63it/s]Visualizing group 3:  20%|█▉        | 459/2304 [01:10<04:34,  6.72it/s]Visualizing group 3:  20%|█▉        | 460/2304 [01:10<04:32,  6.76it/s]Visualizing group 3:  20%|██        | 461/2304 [01:10<04:37,  6.65it/s]Visualizing group 3:  20%|██        | 462/2304 [01:10<04:39,  6.58it/s]Visualizing group 3:  20%|██        | 463/2304 [01:10<04:34,  6.70it/s]Visualizing group 3:  20%|██        | 464/2304 [01:11<04:39,  6.59it/s]Visualizing group 3:  20%|██        | 465/2304 [01:11<04:36,  6.65it/s]Visualizing group 3:  20%|██        | 466/2304 [01:11<04:41,  6.52it/s]Visualizing group 3:  20%|██        | 467/2304 [01:11<04:37,  6.61it/s]Visualizing group 3:  20%|██        | 468/2304 [01:11<04:37,  6.62it/s]Visualizing group 3:  20%|██        | 469/2304 [01:11<04:33,  6.71it/s]Visualizing group 3:  20%|██        | 470/2304 [01:11<04:36,  6.63it/s]Visualizing group 3:  20%|██        | 471/2304 [01:12<04:32,  6.74it/s]Visualizing group 3:  20%|██        | 472/2304 [01:12<04:35,  6.66it/s]Visualizing group 3:  21%|██        | 473/2304 [01:12<04:33,  6.69it/s]Visualizing group 3:  21%|██        | 474/2304 [01:12<04:59,  6.12it/s]Visualizing group 3:  21%|██        | 475/2304 [01:12<04:54,  6.20it/s]Visualizing group 3:  21%|██        | 476/2304 [01:12<04:52,  6.24it/s]Visualizing group 3:  21%|██        | 477/2304 [01:13<04:41,  6.50it/s]Visualizing group 3:  21%|██        | 478/2304 [01:13<04:35,  6.63it/s]Visualizing group 3:  21%|██        | 479/2304 [01:13<04:38,  6.55it/s]Visualizing group 3:  21%|██        | 480/2304 [01:13<04:33,  6.66it/s]Visualizing group 3:  21%|██        | 481/2304 [01:13<04:37,  6.57it/s]Visualizing group 3:  21%|██        | 482/2304 [01:13<04:34,  6.64it/s]Visualizing group 3:  21%|██        | 483/2304 [01:13<04:35,  6.62it/s]Visualizing group 3:  21%|██        | 484/2304 [01:14<04:31,  6.71it/s]Visualizing group 3:  21%|██        | 485/2304 [01:14<04:33,  6.65it/s]Visualizing group 3:  21%|██        | 486/2304 [01:14<04:36,  6.57it/s]Visualizing group 3:  21%|██        | 487/2304 [01:14<04:34,  6.62it/s]Visualizing group 3:  21%|██        | 488/2304 [01:14<04:33,  6.63it/s]Visualizing group 3:  21%|██        | 489/2304 [01:14<04:32,  6.65it/s]Visualizing group 3:  21%|██▏       | 490/2304 [01:15<04:28,  6.76it/s]Visualizing group 3:  21%|██▏       | 491/2304 [01:15<04:32,  6.66it/s]Visualizing group 3:  21%|██▏       | 492/2304 [01:15<04:28,  6.76it/s]Visualizing group 3:  21%|██▏       | 493/2304 [01:15<04:31,  6.67it/s]Visualizing group 3:  21%|██▏       | 494/2304 [01:15<04:31,  6.68it/s]Visualizing group 3:  21%|██▏       | 495/2304 [01:15<04:32,  6.63it/s]Visualizing group 3:  22%|██▏       | 496/2304 [01:15<04:29,  6.71it/s]Visualizing group 3:  22%|██▏       | 497/2304 [01:16<04:35,  6.55it/s]Visualizing group 3:  22%|██▏       | 498/2304 [01:16<04:28,  6.72it/s]Visualizing group 3:  22%|██▏       | 499/2304 [01:16<04:36,  6.52it/s]Visualizing group 3:  22%|██▏       | 500/2304 [01:16<04:30,  6.66it/s]Visualizing group 3:  22%|██▏       | 501/2304 [01:16<04:33,  6.59it/s]Visualizing group 3:  22%|██▏       | 502/2304 [01:16<04:28,  6.72it/s]Visualizing group 3:  22%|██▏       | 503/2304 [01:16<04:30,  6.65it/s]Visualizing group 3:  22%|██▏       | 504/2304 [01:17<04:28,  6.71it/s]Visualizing group 3:  22%|██▏       | 505/2304 [01:17<04:43,  6.33it/s]Visualizing group 3:  22%|██▏       | 506/2304 [01:17<04:53,  6.12it/s]Visualizing group 3:  22%|██▏       | 507/2304 [01:17<04:43,  6.33it/s]Visualizing group 3:  22%|██▏       | 508/2304 [01:17<04:42,  6.37it/s]Visualizing group 3:  22%|██▏       | 509/2304 [01:17<04:33,  6.56it/s]Visualizing group 3:  22%|██▏       | 510/2304 [01:18<04:34,  6.53it/s]Visualizing group 3:  22%|██▏       | 511/2304 [01:18<04:28,  6.67it/s]Visualizing group 3:  22%|██▏       | 512/2304 [01:18<04:32,  6.58it/s]Visualizing group 3:  22%|██▏       | 513/2304 [01:18<04:29,  6.64it/s]Visualizing group 3:  22%|██▏       | 514/2304 [01:18<04:34,  6.53it/s]Visualizing group 3:  22%|██▏       | 515/2304 [01:18<04:31,  6.60it/s]Visualizing group 3:  22%|██▏       | 516/2304 [01:18<04:29,  6.62it/s]Visualizing group 3:  22%|██▏       | 517/2304 [01:19<04:29,  6.63it/s]Visualizing group 3:  22%|██▏       | 518/2304 [01:19<04:28,  6.65it/s]Visualizing group 3:  23%|██▎       | 519/2304 [01:19<04:23,  6.78it/s]Visualizing group 3:  23%|██▎       | 520/2304 [01:19<04:24,  6.73it/s]Visualizing group 3:  23%|██▎       | 521/2304 [01:19<04:23,  6.76it/s]Visualizing group 3:  23%|██▎       | 522/2304 [01:19<04:26,  6.69it/s]Visualizing group 3:  23%|██▎       | 523/2304 [01:20<04:27,  6.66it/s]Visualizing group 3:  23%|██▎       | 524/2304 [01:20<04:30,  6.59it/s]Visualizing group 3:  23%|██▎       | 525/2304 [01:20<04:27,  6.64it/s]Visualizing group 3:  23%|██▎       | 526/2304 [01:20<04:29,  6.60it/s]Visualizing group 3:  23%|██▎       | 527/2304 [01:20<04:42,  6.29it/s]Visualizing group 3:  23%|██▎       | 528/2304 [01:20<04:47,  6.17it/s]Visualizing group 3:  23%|██▎       | 529/2304 [01:21<05:34,  5.30it/s]Visualizing group 3:  23%|██▎       | 530/2304 [01:21<05:13,  5.66it/s]Visualizing group 3:  23%|██▎       | 531/2304 [01:21<05:02,  5.86it/s]Visualizing group 3:  23%|██▎       | 532/2304 [01:21<04:49,  6.12it/s]Visualizing group 3:  23%|██▎       | 533/2304 [01:21<04:44,  6.23it/s]Visualizing group 3:  23%|██▎       | 534/2304 [01:21<04:34,  6.44it/s]Visualizing group 3:  23%|██▎       | 535/2304 [01:21<04:32,  6.50it/s]Visualizing group 3:  23%|██▎       | 536/2304 [01:22<04:29,  6.57it/s]Visualizing group 3:  23%|██▎       | 537/2304 [01:22<04:27,  6.60it/s]Visualizing group 3:  23%|██▎       | 538/2304 [01:22<04:24,  6.67it/s]Visualizing group 3:  23%|██▎       | 539/2304 [01:22<04:26,  6.61it/s]Visualizing group 3:  23%|██▎       | 540/2304 [01:22<04:28,  6.57it/s]Visualizing group 3:  23%|██▎       | 541/2304 [01:22<04:24,  6.65it/s]Visualizing group 3:  24%|██▎       | 542/2304 [01:23<04:21,  6.74it/s]Visualizing group 3:  24%|██▎       | 543/2304 [01:23<04:25,  6.63it/s]Visualizing group 3:  24%|██▎       | 544/2304 [01:23<04:22,  6.70it/s]Visualizing group 3:  24%|██▎       | 545/2304 [01:23<04:28,  6.54it/s]Visualizing group 3:  24%|██▎       | 546/2304 [01:23<04:29,  6.52it/s]Visualizing group 3:  24%|██▎       | 547/2304 [01:23<04:24,  6.65it/s]Visualizing group 3:  24%|██▍       | 548/2304 [01:23<04:20,  6.74it/s]Visualizing group 3:  24%|██▍       | 549/2304 [01:24<04:24,  6.64it/s]Visualizing group 3:  24%|██▍       | 550/2304 [01:24<04:43,  6.19it/s]Visualizing group 3:  24%|██▍       | 551/2304 [01:24<04:48,  6.07it/s]Visualizing group 3:  24%|██▍       | 552/2304 [01:24<04:52,  6.00it/s]Visualizing group 3:  24%|██▍       | 553/2304 [01:24<04:48,  6.06it/s]Visualizing group 3:  24%|██▍       | 554/2304 [01:24<04:44,  6.16it/s]Visualizing group 3:  24%|██▍       | 555/2304 [01:25<04:39,  6.26it/s]Visualizing group 3:  24%|██▍       | 556/2304 [01:25<04:29,  6.48it/s]Visualizing group 3:  24%|██▍       | 557/2304 [01:25<04:27,  6.52it/s]Visualizing group 3:  24%|██▍       | 558/2304 [01:25<04:24,  6.60it/s]Visualizing group 3:  24%|██▍       | 559/2304 [01:25<04:29,  6.47it/s]Visualizing group 3:  24%|██▍       | 560/2304 [01:25<04:22,  6.65it/s]Visualizing group 3:  24%|██▍       | 561/2304 [01:25<04:23,  6.61it/s]Visualizing group 3:  24%|██▍       | 562/2304 [01:26<04:19,  6.71it/s]Visualizing group 3:  24%|██▍       | 563/2304 [01:26<04:25,  6.55it/s]Visualizing group 3:  24%|██▍       | 564/2304 [01:26<04:19,  6.70it/s]Visualizing group 3:  25%|██▍       | 565/2304 [01:26<04:20,  6.66it/s]Visualizing group 3:  25%|██▍       | 566/2304 [01:26<04:24,  6.57it/s]Visualizing group 3:  25%|██▍       | 567/2304 [01:26<04:21,  6.63it/s]Visualizing group 3:  25%|██▍       | 568/2304 [01:27<04:30,  6.41it/s]Visualizing group 3:  25%|██▍       | 569/2304 [01:27<04:24,  6.57it/s]Visualizing group 3:  25%|██▍       | 570/2304 [01:27<04:20,  6.67it/s]Visualizing group 3:  25%|██▍       | 571/2304 [01:27<04:17,  6.72it/s]Visualizing group 3:  25%|██▍       | 572/2304 [01:27<04:14,  6.82it/s]Visualizing group 3:  25%|██▍       | 573/2304 [01:27<04:19,  6.67it/s]Visualizing group 3:  25%|██▍       | 574/2304 [01:27<04:13,  6.82it/s]Visualizing group 3:  25%|██▍       | 575/2304 [01:28<04:22,  6.58it/s]Visualizing group 3:  25%|██▌       | 576/2304 [01:28<04:36,  6.26it/s]Visualizing group 3:  25%|██▌       | 577/2304 [01:28<04:35,  6.27it/s]Visualizing group 3:  25%|██▌       | 578/2304 [01:28<04:28,  6.42it/s]Visualizing group 3:  25%|██▌       | 579/2304 [01:28<04:26,  6.47it/s]Visualizing group 3:  25%|██▌       | 580/2304 [01:28<04:29,  6.39it/s]Visualizing group 3:  25%|██▌       | 581/2304 [01:29<04:21,  6.58it/s]Visualizing group 3:  25%|██▌       | 582/2304 [01:29<04:27,  6.44it/s]Visualizing group 3:  25%|██▌       | 583/2304 [01:29<04:20,  6.60it/s]Visualizing group 3:  25%|██▌       | 584/2304 [01:29<04:20,  6.60it/s]Visualizing group 3:  25%|██▌       | 585/2304 [01:29<04:15,  6.72it/s]Visualizing group 3:  25%|██▌       | 586/2304 [01:29<04:17,  6.68it/s]Visualizing group 3:  25%|██▌       | 587/2304 [01:29<04:22,  6.53it/s]Visualizing group 3:  26%|██▌       | 588/2304 [01:30<04:20,  6.58it/s]Visualizing group 3:  26%|██▌       | 589/2304 [01:30<04:19,  6.60it/s]Visualizing group 3:  26%|██▌       | 590/2304 [01:30<04:18,  6.62it/s]Visualizing group 3:  26%|██▌       | 591/2304 [01:30<04:24,  6.48it/s]Visualizing group 3:  26%|██▌       | 592/2304 [01:30<04:24,  6.46it/s]Visualizing group 3:  26%|██▌       | 593/2304 [01:30<04:24,  6.48it/s]Visualizing group 3:  26%|██▌       | 594/2304 [01:31<04:30,  6.32it/s]Visualizing group 3:  26%|██▌       | 595/2304 [01:31<04:31,  6.30it/s]Visualizing group 3:  26%|██▌       | 596/2304 [01:31<04:31,  6.28it/s]Visualizing group 3:  26%|██▌       | 597/2304 [01:31<04:19,  6.57it/s]Visualizing group 3:  26%|██▌       | 598/2304 [01:31<04:19,  6.56it/s]Visualizing group 3:  26%|██▌       | 599/2304 [01:31<04:19,  6.57it/s]Visualizing group 3:  26%|██▌       | 600/2304 [01:31<04:18,  6.60it/s]Visualizing group 3:  26%|██▌       | 601/2304 [01:32<04:11,  6.76it/s]Visualizing group 3:  26%|██▌       | 602/2304 [01:32<04:17,  6.62it/s]Visualizing group 3:  26%|██▌       | 603/2304 [01:32<04:16,  6.64it/s]Visualizing group 3:  26%|██▌       | 604/2304 [01:32<04:10,  6.80it/s]Visualizing group 3:  26%|██▋       | 605/2304 [01:32<04:37,  6.13it/s]Visualizing group 3:  26%|██▋       | 606/2304 [01:32<04:32,  6.23it/s]Visualizing group 3:  26%|██▋       | 607/2304 [01:33<04:25,  6.39it/s]Visualizing group 3:  26%|██▋       | 608/2304 [01:33<04:26,  6.37it/s]Visualizing group 3:  26%|██▋       | 609/2304 [01:33<04:17,  6.59it/s]Visualizing group 3:  26%|██▋       | 610/2304 [01:33<04:24,  6.41it/s]Visualizing group 3:  27%|██▋       | 611/2304 [01:33<04:20,  6.51it/s]Visualizing group 3:  27%|██▋       | 612/2304 [01:33<04:17,  6.57it/s]Visualizing group 3:  27%|██▋       | 613/2304 [01:33<04:33,  6.19it/s]Visualizing group 3:  27%|██▋       | 614/2304 [01:34<04:29,  6.28it/s]Visualizing group 3:  27%|██▋       | 615/2304 [01:34<04:58,  5.65it/s]Visualizing group 3:  27%|██▋       | 616/2304 [01:34<04:46,  5.90it/s]Visualizing group 3:  27%|██▋       | 617/2304 [01:34<04:32,  6.18it/s]Visualizing group 3:  27%|██▋       | 618/2304 [01:34<04:27,  6.30it/s]Visualizing group 3:  27%|██▋       | 619/2304 [01:34<04:20,  6.47it/s]Visualizing group 3:  27%|██▋       | 620/2304 [01:35<04:18,  6.51it/s]Visualizing group 3:  27%|██▋       | 621/2304 [01:35<04:27,  6.30it/s]Visualizing group 3:  27%|██▋       | 622/2304 [01:35<04:19,  6.49it/s]Visualizing group 3:  27%|██▋       | 623/2304 [01:35<04:14,  6.61it/s]Visualizing group 3:  27%|██▋       | 624/2304 [01:35<04:09,  6.72it/s]Visualizing group 3:  27%|██▋       | 625/2304 [01:35<04:04,  6.87it/s]Visualizing group 3:  27%|██▋       | 626/2304 [01:35<04:09,  6.74it/s]Visualizing group 3:  27%|██▋       | 627/2304 [01:36<04:09,  6.71it/s]Visualizing group 3:  27%|██▋       | 628/2304 [01:36<04:10,  6.68it/s]Visualizing group 3:  27%|██▋       | 629/2304 [01:36<04:06,  6.79it/s]Visualizing group 3:  27%|██▋       | 630/2304 [01:36<04:16,  6.54it/s]Visualizing group 3:  27%|██▋       | 631/2304 [01:36<04:08,  6.72it/s]Visualizing group 3:  27%|██▋       | 632/2304 [01:36<04:11,  6.66it/s]Visualizing group 3:  27%|██▋       | 633/2304 [01:37<04:08,  6.72it/s]Visualizing group 3:  28%|██▊       | 634/2304 [01:37<04:12,  6.62it/s]Visualizing group 3:  28%|██▊       | 635/2304 [01:37<04:13,  6.58it/s]Visualizing group 3:  28%|██▊       | 636/2304 [01:37<04:11,  6.63it/s]Visualizing group 3:  28%|██▊       | 637/2304 [01:37<04:09,  6.69it/s]Visualizing group 3:  28%|██▊       | 638/2304 [01:37<04:09,  6.67it/s]Visualizing group 3:  28%|██▊       | 639/2304 [01:38<05:08,  5.40it/s]Visualizing group 3:  28%|██▊       | 640/2304 [01:38<04:45,  5.83it/s]Visualizing group 3:  28%|██▊       | 641/2304 [01:38<04:31,  6.12it/s]Visualizing group 3:  28%|██▊       | 642/2304 [01:38<04:23,  6.32it/s]Visualizing group 3:  28%|██▊       | 643/2304 [01:38<04:20,  6.36it/s]Visualizing group 3:  28%|██▊       | 644/2304 [01:38<04:35,  6.02it/s]Visualizing group 3:  28%|██▊       | 645/2304 [01:38<04:32,  6.09it/s]Visualizing group 3:  28%|██▊       | 646/2304 [01:39<04:26,  6.22it/s]Visualizing group 3:  28%|██▊       | 647/2304 [01:39<04:22,  6.32it/s]Visualizing group 3:  28%|██▊       | 648/2304 [01:39<04:23,  6.28it/s]Visualizing group 3:  28%|██▊       | 649/2304 [01:39<04:16,  6.45it/s]Visualizing group 3:  28%|██▊       | 650/2304 [01:39<04:23,  6.28it/s]Visualizing group 3:  28%|██▊       | 651/2304 [01:39<04:23,  6.27it/s]Visualizing group 3:  28%|██▊       | 652/2304 [01:40<04:22,  6.29it/s]Visualizing group 3:  28%|██▊       | 653/2304 [01:40<04:15,  6.47it/s]Visualizing group 3:  28%|██▊       | 654/2304 [01:40<04:18,  6.37it/s]Visualizing group 3:  28%|██▊       | 655/2304 [01:40<04:12,  6.52it/s]Visualizing group 3:  28%|██▊       | 656/2304 [01:40<04:17,  6.40it/s]Visualizing group 3:  29%|██▊       | 657/2304 [01:40<04:15,  6.44it/s]Visualizing group 3:  29%|██▊       | 658/2304 [01:40<04:09,  6.60it/s]Visualizing group 3:  29%|██▊       | 659/2304 [01:41<04:04,  6.74it/s]Visualizing group 3:  29%|██▊       | 660/2304 [01:41<04:03,  6.75it/s]Visualizing group 3:  29%|██▊       | 661/2304 [01:41<04:03,  6.75it/s]Visualizing group 3:  29%|██▊       | 662/2304 [01:41<04:05,  6.68it/s]Visualizing group 3:  29%|██▉       | 663/2304 [01:41<04:05,  6.70it/s]Visualizing group 3:  29%|██▉       | 664/2304 [01:41<04:05,  6.69it/s]Visualizing group 3:  29%|██▉       | 665/2304 [01:42<04:03,  6.74it/s]Visualizing group 3:  29%|██▉       | 666/2304 [01:42<03:58,  6.86it/s]Visualizing group 3:  29%|██▉       | 667/2304 [01:42<04:04,  6.70it/s]Visualizing group 3:  29%|██▉       | 668/2304 [01:42<04:10,  6.53it/s]Visualizing group 3:  29%|██▉       | 669/2304 [01:42<04:14,  6.42it/s]Visualizing group 3:  29%|██▉       | 670/2304 [01:42<04:07,  6.60it/s]Visualizing group 3:  29%|██▉       | 671/2304 [01:42<04:05,  6.66it/s]Visualizing group 3:  29%|██▉       | 672/2304 [01:43<04:03,  6.70it/s]Visualizing group 3:  29%|██▉       | 673/2304 [01:43<04:05,  6.66it/s]Visualizing group 3:  29%|██▉       | 674/2304 [01:43<04:05,  6.65it/s]Visualizing group 3:  29%|██▉       | 675/2304 [01:43<04:05,  6.63it/s]Visualizing group 3:  29%|██▉       | 676/2304 [01:43<04:05,  6.63it/s]Visualizing group 3:  29%|██▉       | 677/2304 [01:43<04:06,  6.60it/s]Visualizing group 3:  29%|██▉       | 678/2304 [01:43<04:01,  6.74it/s]Visualizing group 3:  29%|██▉       | 679/2304 [01:44<03:59,  6.80it/s]Visualizing group 3:  30%|██▉       | 680/2304 [01:44<04:01,  6.73it/s]Visualizing group 3:  30%|██▉       | 681/2304 [01:44<04:00,  6.76it/s]Visualizing group 3:  30%|██▉       | 682/2304 [01:44<04:10,  6.48it/s]Visualizing group 3:  30%|██▉       | 683/2304 [01:44<04:03,  6.65it/s]Visualizing group 3:  30%|██▉       | 684/2304 [01:44<04:07,  6.55it/s]Visualizing group 3:  30%|██▉       | 685/2304 [01:45<04:09,  6.49it/s]Visualizing group 3:  30%|██▉       | 686/2304 [01:45<04:20,  6.20it/s]Visualizing group 3:  30%|██▉       | 687/2304 [01:45<04:16,  6.31it/s]Visualizing group 3:  30%|██▉       | 688/2304 [01:45<04:07,  6.52it/s]Visualizing group 3:  30%|██▉       | 689/2304 [01:45<04:14,  6.35it/s]Visualizing group 3:  30%|██▉       | 690/2304 [01:45<04:10,  6.44it/s]Visualizing group 3:  30%|██▉       | 691/2304 [01:45<04:07,  6.53it/s]Visualizing group 3:  30%|███       | 692/2304 [01:46<04:02,  6.65it/s]Visualizing group 3:  30%|███       | 693/2304 [01:46<04:05,  6.55it/s]Visualizing group 3:  30%|███       | 694/2304 [01:46<04:03,  6.60it/s]Visualizing group 3:  30%|███       | 695/2304 [01:46<04:01,  6.67it/s]Visualizing group 3:  30%|███       | 696/2304 [01:46<04:00,  6.70it/s]Visualizing group 3:  30%|███       | 697/2304 [01:46<04:02,  6.62it/s]Visualizing group 3:  30%|███       | 698/2304 [01:47<04:01,  6.66it/s]Visualizing group 3:  30%|███       | 699/2304 [01:47<04:01,  6.64it/s]Visualizing group 3:  30%|███       | 700/2304 [01:47<03:58,  6.71it/s]Visualizing group 3:  30%|███       | 701/2304 [01:47<03:59,  6.70it/s]Visualizing group 3:  30%|███       | 702/2304 [01:47<04:01,  6.64it/s]Visualizing group 3:  31%|███       | 703/2304 [01:47<03:55,  6.81it/s]Visualizing group 3:  31%|███       | 704/2304 [01:47<03:58,  6.70it/s]Visualizing group 3:  31%|███       | 705/2304 [01:48<04:04,  6.55it/s]Visualizing group 3:  31%|███       | 706/2304 [01:48<04:10,  6.38it/s]Visualizing group 3:  31%|███       | 707/2304 [01:48<04:30,  5.91it/s]Visualizing group 3:  31%|███       | 708/2304 [01:48<04:19,  6.16it/s]Visualizing group 3:  31%|███       | 709/2304 [01:48<04:27,  5.97it/s]Visualizing group 3:  31%|███       | 710/2304 [01:48<04:20,  6.11it/s]Visualizing group 3:  31%|███       | 711/2304 [01:49<04:14,  6.27it/s]Visualizing group 3:  31%|███       | 712/2304 [01:49<04:09,  6.38it/s]Visualizing group 3:  31%|███       | 713/2304 [01:49<04:14,  6.26it/s]Visualizing group 3:  31%|███       | 714/2304 [01:49<04:08,  6.40it/s]Visualizing group 3:  31%|███       | 715/2304 [01:49<04:08,  6.39it/s]Visualizing group 3:  31%|███       | 716/2304 [01:49<04:03,  6.53it/s]Visualizing group 3:  31%|███       | 717/2304 [01:50<03:59,  6.63it/s]Visualizing group 3:  31%|███       | 718/2304 [01:50<03:55,  6.73it/s]Visualizing group 3:  31%|███       | 719/2304 [01:50<03:54,  6.75it/s]Visualizing group 3:  31%|███▏      | 720/2304 [01:50<04:01,  6.56it/s]Visualizing group 3:  31%|███▏      | 721/2304 [01:50<04:01,  6.56it/s]Visualizing group 3:  31%|███▏      | 722/2304 [01:50<03:54,  6.74it/s]Visualizing group 3:  31%|███▏      | 723/2304 [01:50<03:53,  6.76it/s]Visualizing group 3:  31%|███▏      | 724/2304 [01:51<03:55,  6.71it/s]Visualizing group 3:  31%|███▏      | 725/2304 [01:51<03:52,  6.80it/s]Visualizing group 3:  32%|███▏      | 726/2304 [01:51<03:50,  6.85it/s]Visualizing group 3:  32%|███▏      | 727/2304 [01:51<03:53,  6.76it/s]Visualizing group 3:  32%|███▏      | 728/2304 [01:51<03:55,  6.69it/s]Visualizing group 3:  32%|███▏      | 729/2304 [01:51<03:57,  6.63it/s]Visualizing group 3:  32%|███▏      | 730/2304 [01:51<03:58,  6.61it/s]Visualizing group 3:  32%|███▏      | 731/2304 [01:52<03:54,  6.69it/s]Visualizing group 3:  32%|███▏      | 732/2304 [01:52<03:52,  6.77it/s]Visualizing group 3:  32%|███▏      | 733/2304 [01:52<03:55,  6.68it/s]Visualizing group 3:  32%|███▏      | 734/2304 [01:52<03:54,  6.71it/s]Visualizing group 3:  32%|███▏      | 735/2304 [01:52<03:59,  6.54it/s]Visualizing group 3:  32%|███▏      | 736/2304 [01:52<03:58,  6.57it/s]Visualizing group 3:  32%|███▏      | 737/2304 [01:52<03:56,  6.61it/s]Visualizing group 3:  32%|███▏      | 738/2304 [01:53<03:53,  6.70it/s]Visualizing group 3:  32%|███▏      | 739/2304 [01:53<03:54,  6.67it/s]Visualizing group 3:  32%|███▏      | 740/2304 [01:53<03:54,  6.68it/s]Visualizing group 3:  32%|███▏      | 741/2304 [01:53<03:55,  6.64it/s]Visualizing group 3:  32%|███▏      | 742/2304 [01:54<06:26,  4.04it/s]Visualizing group 3:  32%|███▏      | 743/2304 [01:54<05:46,  4.50it/s]Visualizing group 3:  32%|███▏      | 744/2304 [01:54<05:17,  4.92it/s]Visualizing group 3:  32%|███▏      | 745/2304 [01:54<04:47,  5.42it/s]Visualizing group 3:  32%|███▏      | 746/2304 [01:54<04:41,  5.53it/s]Visualizing group 3:  32%|███▏      | 747/2304 [01:54<04:23,  5.91it/s]Visualizing group 3:  32%|███▏      | 748/2304 [01:54<04:12,  6.16it/s]Visualizing group 3:  33%|███▎      | 749/2304 [01:55<05:00,  5.18it/s]Visualizing group 3:  33%|███▎      | 750/2304 [01:55<04:35,  5.63it/s]Visualizing group 3:  33%|███▎      | 751/2304 [01:55<04:19,  5.98it/s]Visualizing group 3:  33%|███▎      | 752/2304 [01:55<04:46,  5.41it/s]Visualizing group 3:  33%|███▎      | 753/2304 [01:55<04:45,  5.43it/s]Visualizing group 3:  33%|███▎      | 754/2304 [01:56<04:25,  5.84it/s]Visualizing group 3:  33%|███▎      | 755/2304 [01:56<04:16,  6.05it/s]Visualizing group 3:  33%|███▎      | 756/2304 [01:56<04:10,  6.17it/s]Visualizing group 3:  33%|███▎      | 757/2304 [01:56<04:02,  6.38it/s]Visualizing group 3:  33%|███▎      | 758/2304 [01:56<04:02,  6.38it/s]Visualizing group 3:  33%|███▎      | 759/2304 [01:56<04:02,  6.36it/s]Visualizing group 3:  33%|███▎      | 760/2304 [01:57<04:12,  6.10it/s]Visualizing group 3:  33%|███▎      | 761/2304 [01:57<04:09,  6.18it/s]Visualizing group 3:  33%|███▎      | 762/2304 [01:57<04:00,  6.41it/s]Visualizing group 3:  33%|███▎      | 763/2304 [01:57<04:00,  6.42it/s]Visualizing group 3:  33%|███▎      | 764/2304 [01:57<03:58,  6.46it/s]Visualizing group 3:  33%|███▎      | 765/2304 [01:57<04:00,  6.40it/s]Visualizing group 3:  33%|███▎      | 766/2304 [01:57<03:54,  6.55it/s]Visualizing group 3:  33%|███▎      | 767/2304 [01:58<03:51,  6.65it/s]Visualizing group 3:  33%|███▎      | 768/2304 [01:58<03:46,  6.78it/s]Visualizing group 3:  33%|███▎      | 769/2304 [01:58<03:51,  6.64it/s]Visualizing group 3:  33%|███▎      | 770/2304 [01:58<03:53,  6.56it/s]Visualizing group 3:  33%|███▎      | 771/2304 [01:58<03:51,  6.62it/s]Visualizing group 3:  34%|███▎      | 772/2304 [01:58<04:00,  6.37it/s]Visualizing group 3:  34%|███▎      | 773/2304 [01:59<04:03,  6.29it/s]Visualizing group 3:  34%|███▎      | 774/2304 [01:59<04:03,  6.28it/s]Visualizing group 3:  34%|███▎      | 775/2304 [01:59<03:54,  6.51it/s]Visualizing group 3:  34%|███▎      | 776/2304 [01:59<03:56,  6.45it/s]Visualizing group 3:  34%|███▎      | 777/2304 [01:59<03:51,  6.61it/s]Visualizing group 3:  34%|███▍      | 778/2304 [01:59<03:51,  6.58it/s]Visualizing group 3:  34%|███▍      | 779/2304 [01:59<03:48,  6.66it/s]Visualizing group 3:  34%|███▍      | 780/2304 [02:00<03:52,  6.54it/s]Visualizing group 3:  34%|███▍      | 781/2304 [02:00<03:50,  6.60it/s]Visualizing group 3:  34%|███▍      | 782/2304 [02:00<03:49,  6.63it/s]Visualizing group 3:  34%|███▍      | 783/2304 [02:00<03:48,  6.66it/s]Visualizing group 3:  34%|███▍      | 784/2304 [02:00<03:50,  6.58it/s]Visualizing group 3:  34%|███▍      | 785/2304 [02:00<03:46,  6.71it/s]Visualizing group 3:  34%|███▍      | 786/2304 [02:00<03:48,  6.64it/s]Visualizing group 3:  34%|███▍      | 787/2304 [02:01<03:46,  6.70it/s]Visualizing group 3:  34%|███▍      | 788/2304 [02:01<03:51,  6.56it/s]Visualizing group 3:  34%|███▍      | 789/2304 [02:01<03:56,  6.40it/s]Visualizing group 3:  34%|███▍      | 790/2304 [02:01<03:51,  6.53it/s]Visualizing group 3:  34%|███▍      | 791/2304 [02:01<03:46,  6.67it/s]Visualizing group 3:  34%|███▍      | 792/2304 [02:01<03:44,  6.74it/s]Visualizing group 3:  34%|███▍      | 793/2304 [02:02<03:44,  6.73it/s]Visualizing group 3:  34%|███▍      | 794/2304 [02:02<03:43,  6.74it/s]Visualizing group 3:  35%|███▍      | 795/2304 [02:02<03:40,  6.85it/s]Visualizing group 3:  35%|███▍      | 796/2304 [02:02<03:42,  6.77it/s]Visualizing group 3:  35%|███▍      | 797/2304 [02:02<03:54,  6.43it/s]Visualizing group 3:  35%|███▍      | 798/2304 [02:02<03:45,  6.67it/s]Visualizing group 3:  35%|███▍      | 799/2304 [02:02<03:42,  6.78it/s]Visualizing group 3:  35%|███▍      | 800/2304 [02:03<03:51,  6.51it/s]Visualizing group 3:  35%|███▍      | 801/2304 [02:03<03:46,  6.62it/s]Visualizing group 3:  35%|███▍      | 802/2304 [02:03<03:43,  6.72it/s]Visualizing group 3:  35%|███▍      | 803/2304 [02:03<03:38,  6.88it/s]Visualizing group 3:  35%|███▍      | 804/2304 [02:03<03:43,  6.73it/s]Visualizing group 3:  35%|███▍      | 805/2304 [02:03<03:46,  6.62it/s]Visualizing group 3:  35%|███▍      | 806/2304 [02:03<03:43,  6.69it/s]Visualizing group 3:  35%|███▌      | 807/2304 [02:04<03:41,  6.77it/s]Visualizing group 3:  35%|███▌      | 808/2304 [02:04<03:46,  6.60it/s]Visualizing group 3:  35%|███▌      | 809/2304 [02:04<03:40,  6.78it/s]Visualizing group 3:  35%|███▌      | 810/2304 [02:04<03:47,  6.56it/s]Visualizing group 3:  35%|███▌      | 811/2304 [02:04<03:46,  6.60it/s]Visualizing group 3:  35%|███▌      | 812/2304 [02:04<04:12,  5.90it/s]Visualizing group 3:  35%|███▌      | 813/2304 [02:05<03:58,  6.25it/s]Visualizing group 3:  35%|███▌      | 814/2304 [02:05<03:54,  6.36it/s]Visualizing group 3:  35%|███▌      | 815/2304 [02:05<03:43,  6.65it/s]Visualizing group 3:  35%|███▌      | 816/2304 [02:05<03:45,  6.61it/s]Visualizing group 3:  35%|███▌      | 817/2304 [02:05<03:53,  6.36it/s]Visualizing group 3:  36%|███▌      | 818/2304 [02:05<03:48,  6.51it/s]Visualizing group 3:  36%|███▌      | 819/2304 [02:05<03:46,  6.57it/s]Visualizing group 3:  36%|███▌      | 820/2304 [02:06<03:51,  6.42it/s]Visualizing group 3:  36%|███▌      | 821/2304 [02:06<03:44,  6.59it/s]Visualizing group 3:  36%|███▌      | 822/2304 [02:06<03:43,  6.64it/s]Visualizing group 3:  36%|███▌      | 823/2304 [02:06<03:38,  6.78it/s]Visualizing group 3:  36%|███▌      | 824/2304 [02:06<03:38,  6.77it/s]Visualizing group 3:  36%|███▌      | 825/2304 [02:06<03:39,  6.74it/s]Visualizing group 3:  36%|███▌      | 826/2304 [02:07<03:36,  6.83it/s]Visualizing group 3:  36%|███▌      | 827/2304 [02:07<03:43,  6.62it/s]Visualizing group 3:  36%|███▌      | 828/2304 [02:07<03:38,  6.74it/s]Visualizing group 3:  36%|███▌      | 829/2304 [02:07<03:39,  6.72it/s]Visualizing group 3:  36%|███▌      | 830/2304 [02:07<03:39,  6.72it/s]Visualizing group 3:  36%|███▌      | 831/2304 [02:07<03:41,  6.65it/s]Visualizing group 3:  36%|███▌      | 832/2304 [02:07<03:38,  6.74it/s]Visualizing group 3:  36%|███▌      | 833/2304 [02:08<03:41,  6.64it/s]Visualizing group 3:  36%|███▌      | 834/2304 [02:08<03:38,  6.73it/s]Visualizing group 3:  36%|███▌      | 835/2304 [02:08<03:47,  6.45it/s]Visualizing group 3:  36%|███▋      | 836/2304 [02:08<03:41,  6.62it/s]Visualizing group 3:  36%|███▋      | 837/2304 [02:08<03:38,  6.72it/s]Visualizing group 3:  36%|███▋      | 838/2304 [02:08<03:37,  6.73it/s]Visualizing group 3:  36%|███▋      | 839/2304 [02:08<03:44,  6.51it/s]Visualizing group 3:  36%|███▋      | 840/2304 [02:09<03:52,  6.30it/s]Visualizing group 3:  37%|███▋      | 841/2304 [02:09<03:52,  6.29it/s]Visualizing group 3:  37%|███▋      | 842/2304 [02:09<03:51,  6.31it/s]Visualizing group 3:  37%|███▋      | 843/2304 [02:09<03:47,  6.42it/s]Visualizing group 3:  37%|███▋      | 844/2304 [02:09<03:53,  6.25it/s]Visualizing group 3:  37%|███▋      | 845/2304 [02:09<03:47,  6.42it/s]Visualizing group 3:  37%|███▋      | 846/2304 [02:10<03:40,  6.61it/s]Visualizing group 3:  37%|███▋      | 847/2304 [02:10<03:39,  6.65it/s]Visualizing group 3:  37%|███▋      | 848/2304 [02:10<03:35,  6.75it/s]Visualizing group 3:  37%|███▋      | 849/2304 [02:10<03:34,  6.77it/s]Visualizing group 3:  37%|███▋      | 850/2304 [02:10<03:40,  6.60it/s]Visualizing group 3:  37%|███▋      | 851/2304 [02:10<03:34,  6.77it/s]Visualizing group 3:  37%|███▋      | 852/2304 [02:10<03:38,  6.65it/s]Visualizing group 3:  37%|███▋      | 853/2304 [02:11<03:36,  6.69it/s]Visualizing group 3:  37%|███▋      | 854/2304 [02:11<03:38,  6.64it/s]Visualizing group 3:  37%|███▋      | 855/2304 [02:11<03:36,  6.70it/s]Visualizing group 3:  37%|███▋      | 856/2304 [02:11<03:37,  6.65it/s]Visualizing group 3:  37%|███▋      | 857/2304 [02:11<03:40,  6.57it/s]Visualizing group 3:  37%|███▋      | 858/2304 [02:11<03:39,  6.60it/s]Visualizing group 3:  37%|███▋      | 859/2304 [02:12<04:18,  5.58it/s]Visualizing group 3:  37%|███▋      | 860/2304 [02:12<04:07,  5.82it/s]Visualizing group 3:  37%|███▋      | 861/2304 [02:12<03:56,  6.11it/s]Visualizing group 3:  37%|███▋      | 862/2304 [02:12<03:50,  6.25it/s]Visualizing group 3:  37%|███▋      | 863/2304 [02:12<03:44,  6.43it/s]Visualizing group 3:  38%|███▊      | 864/2304 [02:12<03:43,  6.45it/s]Visualizing group 3:  38%|███▊      | 865/2304 [02:13<03:39,  6.54it/s]Visualizing group 3:  38%|███▊      | 866/2304 [02:13<03:39,  6.54it/s]Visualizing group 3:  38%|███▊      | 867/2304 [02:13<03:35,  6.67it/s]Visualizing group 3:  38%|███▊      | 868/2304 [02:13<03:37,  6.59it/s]Visualizing group 3:  38%|███▊      | 869/2304 [02:13<03:39,  6.54it/s]Visualizing group 3:  38%|███▊      | 870/2304 [02:13<03:35,  6.64it/s]Visualizing group 3:  38%|███▊      | 871/2304 [02:13<03:37,  6.58it/s]Visualizing group 3:  38%|███▊      | 872/2304 [02:14<03:31,  6.77it/s]Visualizing group 3:  38%|███▊      | 873/2304 [02:14<03:34,  6.68it/s]Visualizing group 3:  38%|███▊      | 874/2304 [02:14<03:37,  6.59it/s]Visualizing group 3:  38%|███▊      | 875/2304 [02:14<03:36,  6.59it/s]Visualizing group 3:  38%|███▊      | 876/2304 [02:14<03:38,  6.54it/s]Visualizing group 3:  38%|███▊      | 877/2304 [02:14<03:36,  6.58it/s]Visualizing group 3:  38%|███▊      | 878/2304 [02:14<03:36,  6.59it/s]Visualizing group 3:  38%|███▊      | 879/2304 [02:15<03:31,  6.74it/s]Visualizing group 3:  38%|███▊      | 880/2304 [02:15<03:29,  6.78it/s]Visualizing group 3:  38%|███▊      | 881/2304 [02:15<03:29,  6.81it/s]Visualizing group 3:  38%|███▊      | 882/2304 [02:15<03:35,  6.59it/s]Visualizing group 3:  38%|███▊      | 883/2304 [02:15<03:39,  6.49it/s]Visualizing group 3:  38%|███▊      | 884/2304 [02:15<03:35,  6.60it/s]Visualizing group 3:  38%|███▊      | 885/2304 [02:16<03:29,  6.78it/s]Visualizing group 3:  38%|███▊      | 886/2304 [02:16<03:32,  6.67it/s]Visualizing group 3:  38%|███▊      | 887/2304 [02:16<03:29,  6.76it/s]Visualizing group 3:  39%|███▊      | 888/2304 [02:16<03:32,  6.67it/s]Visualizing group 3:  39%|███▊      | 889/2304 [02:16<03:28,  6.78it/s]Visualizing group 3:  39%|███▊      | 890/2304 [02:16<03:32,  6.67it/s]Visualizing group 3:  39%|███▊      | 891/2304 [02:16<03:31,  6.68it/s]Visualizing group 3:  39%|███▊      | 892/2304 [02:17<03:30,  6.69it/s]Visualizing group 3:  39%|███▉      | 893/2304 [02:17<03:29,  6.75it/s]Visualizing group 3:  39%|███▉      | 894/2304 [02:17<03:31,  6.65it/s]Visualizing group 3:  39%|███▉      | 895/2304 [02:17<03:30,  6.69it/s]Visualizing group 3:  39%|███▉      | 896/2304 [02:17<03:40,  6.38it/s]Visualizing group 3:  39%|███▉      | 897/2304 [02:17<03:34,  6.56it/s]Visualizing group 3:  39%|███▉      | 898/2304 [02:17<03:31,  6.65it/s]Visualizing group 3:  39%|███▉      | 899/2304 [02:18<03:28,  6.73it/s]Visualizing group 3:  39%|███▉      | 900/2304 [02:18<03:27,  6.77it/s]Visualizing group 3:  39%|███▉      | 901/2304 [02:18<03:26,  6.81it/s]Visualizing group 3:  39%|███▉      | 902/2304 [02:18<03:32,  6.60it/s]Visualizing group 3:  39%|███▉      | 903/2304 [02:18<03:27,  6.75it/s]Visualizing group 3:  39%|███▉      | 904/2304 [02:18<03:28,  6.72it/s]Visualizing group 3:  39%|███▉      | 905/2304 [02:19<03:27,  6.73it/s]Visualizing group 3:  39%|███▉      | 906/2304 [02:19<03:30,  6.65it/s]Visualizing group 3:  39%|███▉      | 907/2304 [02:19<03:29,  6.68it/s]Visualizing group 3:  39%|███▉      | 908/2304 [02:19<03:30,  6.65it/s]Visualizing group 3:  39%|███▉      | 909/2304 [02:19<03:27,  6.71it/s]Visualizing group 3:  39%|███▉      | 910/2304 [02:19<03:49,  6.08it/s]Visualizing group 3:  40%|███▉      | 911/2304 [02:19<03:44,  6.20it/s]Visualizing group 3:  40%|███▉      | 912/2304 [02:20<03:38,  6.38it/s]Visualizing group 3:  40%|███▉      | 913/2304 [02:20<03:37,  6.40it/s]Visualizing group 3:  40%|███▉      | 914/2304 [02:20<03:35,  6.44it/s]Visualizing group 3:  40%|███▉      | 915/2304 [02:20<03:32,  6.55it/s]Visualizing group 3:  40%|███▉      | 916/2304 [02:20<03:28,  6.65it/s]Visualizing group 3:  40%|███▉      | 917/2304 [02:20<03:32,  6.53it/s]Visualizing group 3:  40%|███▉      | 918/2304 [02:21<03:30,  6.57it/s]Visualizing group 3:  40%|███▉      | 919/2304 [02:21<03:28,  6.63it/s]Visualizing group 3:  40%|███▉      | 920/2304 [02:21<03:25,  6.74it/s]Visualizing group 3:  40%|███▉      | 921/2304 [02:21<03:28,  6.62it/s]Visualizing group 3:  40%|████      | 922/2304 [02:21<03:35,  6.41it/s]Visualizing group 3:  40%|████      | 923/2304 [02:21<03:29,  6.58it/s]Visualizing group 3:  40%|████      | 924/2304 [02:21<03:26,  6.69it/s]Visualizing group 3:  40%|████      | 925/2304 [02:22<03:25,  6.72it/s]Visualizing group 3:  40%|████      | 926/2304 [02:22<03:21,  6.83it/s]Visualizing group 3:  40%|████      | 927/2304 [02:22<03:29,  6.58it/s]Visualizing group 3:  40%|████      | 928/2304 [02:22<03:26,  6.67it/s]Visualizing group 3:  40%|████      | 929/2304 [02:22<03:27,  6.62it/s]Visualizing group 3:  40%|████      | 930/2304 [02:22<03:29,  6.54it/s]Visualizing group 3:  40%|████      | 931/2304 [02:22<03:25,  6.67it/s]Visualizing group 3:  40%|████      | 932/2304 [02:23<03:26,  6.63it/s]Visualizing group 3:  40%|████      | 933/2304 [02:23<03:24,  6.72it/s]Visualizing group 3:  41%|████      | 934/2304 [02:23<03:24,  6.71it/s]Visualizing group 3:  41%|████      | 935/2304 [02:23<03:32,  6.44it/s]Visualizing group 3:  41%|████      | 936/2304 [02:23<03:26,  6.62it/s]Visualizing group 3:  41%|████      | 937/2304 [02:23<03:22,  6.73it/s]Visualizing group 3:  41%|████      | 938/2304 [02:24<03:20,  6.82it/s]Visualizing group 3:  41%|████      | 939/2304 [02:24<03:28,  6.56it/s]Visualizing group 3:  41%|████      | 940/2304 [02:24<03:22,  6.72it/s]Visualizing group 3:  41%|████      | 941/2304 [02:24<03:20,  6.79it/s]Visualizing group 3:  41%|████      | 942/2304 [02:24<03:20,  6.78it/s]Visualizing group 3:  41%|████      | 943/2304 [02:24<03:24,  6.66it/s]Visualizing group 3:  41%|████      | 944/2304 [02:24<03:20,  6.79it/s]Visualizing group 3:  41%|████      | 945/2304 [02:25<03:25,  6.60it/s]Visualizing group 3:  41%|████      | 946/2304 [02:25<03:26,  6.59it/s]Visualizing group 3:  41%|████      | 947/2304 [02:25<03:22,  6.71it/s]Visualizing group 3:  41%|████      | 948/2304 [02:25<03:21,  6.73it/s]Visualizing group 3:  41%|████      | 949/2304 [02:25<03:22,  6.68it/s]Visualizing group 3:  41%|████      | 950/2304 [02:25<03:20,  6.76it/s]Visualizing group 3:  41%|████▏     | 951/2304 [02:25<03:20,  6.76it/s]Visualizing group 3:  41%|████▏     | 952/2304 [02:26<03:21,  6.73it/s]Visualizing group 3:  41%|████▏     | 953/2304 [02:26<03:24,  6.61it/s]Visualizing group 3:  41%|████▏     | 954/2304 [02:26<03:22,  6.67it/s]Visualizing group 3:  41%|████▏     | 955/2304 [02:26<03:21,  6.68it/s]Visualizing group 3:  41%|████▏     | 956/2304 [02:26<03:23,  6.62it/s]Visualizing group 3:  42%|████▏     | 957/2304 [02:26<03:26,  6.54it/s]Visualizing group 3:  42%|████▏     | 958/2304 [02:27<03:19,  6.75it/s]Visualizing group 3:  42%|████▏     | 959/2304 [02:27<03:27,  6.49it/s]Visualizing group 3:  42%|████▏     | 960/2304 [02:27<03:23,  6.60it/s]Visualizing group 3:  42%|████▏     | 961/2304 [02:27<03:22,  6.64it/s]Visualizing group 3:  42%|████▏     | 962/2304 [02:27<03:21,  6.65it/s]Visualizing group 3:  42%|████▏     | 963/2304 [02:27<03:29,  6.41it/s]Visualizing group 3:  42%|████▏     | 964/2304 [02:27<03:24,  6.55it/s]Visualizing group 3:  42%|████▏     | 965/2304 [02:28<03:24,  6.55it/s]Visualizing group 3:  42%|████▏     | 966/2304 [02:28<03:35,  6.20it/s]Visualizing group 3:  42%|████▏     | 967/2304 [02:28<03:36,  6.17it/s]Visualizing group 3:  42%|████▏     | 968/2304 [02:28<03:32,  6.29it/s]Visualizing group 3:  42%|████▏     | 969/2304 [02:28<04:19,  5.15it/s]Visualizing group 3:  42%|████▏     | 970/2304 [02:29<04:00,  5.54it/s]Visualizing group 3:  42%|████▏     | 971/2304 [02:29<03:51,  5.76it/s]Visualizing group 3:  42%|████▏     | 972/2304 [02:29<03:42,  5.99it/s]Visualizing group 3:  42%|████▏     | 973/2304 [02:29<03:34,  6.19it/s]Visualizing group 3:  42%|████▏     | 974/2304 [02:29<03:32,  6.27it/s]Visualizing group 3:  42%|████▏     | 975/2304 [02:29<03:23,  6.53it/s]Visualizing group 3:  42%|████▏     | 976/2304 [02:29<03:28,  6.36it/s]Visualizing group 3:  42%|████▏     | 977/2304 [02:30<03:28,  6.37it/s]Visualizing group 3:  42%|████▏     | 978/2304 [02:30<03:54,  5.65it/s]Visualizing group 3:  42%|████▏     | 979/2304 [02:30<03:52,  5.71it/s]Visualizing group 3:  43%|████▎     | 980/2304 [02:30<03:41,  5.96it/s]Visualizing group 3:  43%|████▎     | 981/2304 [02:30<03:50,  5.75it/s]Visualizing group 3:  43%|████▎     | 982/2304 [02:30<03:42,  5.93it/s]Visualizing group 3:  43%|████▎     | 983/2304 [02:31<03:32,  6.21it/s]Visualizing group 3:  43%|████▎     | 984/2304 [02:31<03:29,  6.29it/s]Visualizing group 3:  43%|████▎     | 985/2304 [02:31<03:24,  6.44it/s]Visualizing group 3:  43%|████▎     | 986/2304 [02:31<03:25,  6.41it/s]Visualizing group 3:  43%|████▎     | 987/2304 [02:31<03:25,  6.41it/s]Visualizing group 3:  43%|████▎     | 988/2304 [02:31<03:23,  6.48it/s]Visualizing group 3:  43%|████▎     | 989/2304 [02:32<03:22,  6.49it/s]Visualizing group 3:  43%|████▎     | 990/2304 [02:32<03:29,  6.27it/s]Visualizing group 3:  43%|████▎     | 991/2304 [02:32<03:28,  6.29it/s]Visualizing group 3:  43%|████▎     | 992/2304 [02:32<03:21,  6.50it/s]Visualizing group 3:  43%|████▎     | 993/2304 [02:32<03:25,  6.36it/s]Visualizing group 3:  43%|████▎     | 994/2304 [02:32<03:27,  6.33it/s]Visualizing group 3:  43%|████▎     | 995/2304 [02:32<03:21,  6.51it/s]Visualizing group 3:  43%|████▎     | 996/2304 [02:33<03:19,  6.55it/s]Visualizing group 3:  43%|████▎     | 997/2304 [02:33<03:20,  6.50it/s]Visualizing group 3:  43%|████▎     | 998/2304 [02:33<03:38,  5.97it/s]Visualizing group 3:  43%|████▎     | 999/2304 [02:33<03:39,  5.94it/s]Visualizing group 3:  43%|████▎     | 1000/2304 [02:33<03:42,  5.87it/s]Visualizing group 3:  43%|████▎     | 1001/2304 [02:34<03:36,  6.03it/s]Visualizing group 3:  43%|████▎     | 1002/2304 [02:34<03:42,  5.86it/s]Visualizing group 3:  44%|████▎     | 1003/2304 [02:34<03:35,  6.04it/s]Visualizing group 3:  44%|████▎     | 1004/2304 [02:34<03:28,  6.22it/s]Visualizing group 3:  44%|████▎     | 1005/2304 [02:34<03:24,  6.35it/s]Visualizing group 3:  44%|████▎     | 1006/2304 [02:34<03:25,  6.32it/s]Visualizing group 3:  44%|████▎     | 1007/2304 [02:34<03:23,  6.37it/s]Visualizing group 3:  44%|████▍     | 1008/2304 [02:35<03:18,  6.53it/s]Visualizing group 3:  44%|████▍     | 1009/2304 [02:35<03:16,  6.58it/s]Visualizing group 3:  44%|████▍     | 1010/2304 [02:35<03:16,  6.59it/s]Visualizing group 3:  44%|████▍     | 1011/2304 [02:35<03:11,  6.73it/s]Visualizing group 3:  44%|████▍     | 1012/2304 [02:35<03:12,  6.70it/s]Visualizing group 3:  44%|████▍     | 1013/2304 [02:35<03:13,  6.69it/s]Visualizing group 3:  44%|████▍     | 1014/2304 [02:35<03:12,  6.72it/s]Visualizing group 3:  44%|████▍     | 1015/2304 [02:36<03:11,  6.73it/s]Visualizing group 3:  44%|████▍     | 1016/2304 [02:36<03:14,  6.64it/s]Visualizing group 3:  44%|████▍     | 1017/2304 [02:36<03:09,  6.79it/s]Visualizing group 3:  44%|████▍     | 1018/2304 [02:36<03:13,  6.64it/s]Visualizing group 3:  44%|████▍     | 1019/2304 [02:36<03:11,  6.71it/s]Visualizing group 3:  44%|████▍     | 1020/2304 [02:36<03:17,  6.51it/s]Visualizing group 3:  44%|████▍     | 1021/2304 [02:37<03:14,  6.60it/s]Visualizing group 3:  44%|████▍     | 1022/2304 [02:37<03:17,  6.50it/s]Visualizing group 3:  44%|████▍     | 1023/2304 [02:37<03:19,  6.43it/s]Visualizing group 3:  44%|████▍     | 1024/2304 [02:37<03:24,  6.27it/s]Visualizing group 3:  44%|████▍     | 1025/2304 [02:37<03:28,  6.14it/s]Visualizing group 3:  45%|████▍     | 1026/2304 [02:37<03:27,  6.15it/s]Visualizing group 3:  45%|████▍     | 1027/2304 [02:38<03:31,  6.02it/s]Visualizing group 3:  45%|████▍     | 1028/2304 [02:38<03:26,  6.19it/s]Visualizing group 3:  45%|████▍     | 1029/2304 [02:38<03:20,  6.36it/s]Visualizing group 3:  45%|████▍     | 1030/2304 [02:38<03:24,  6.24it/s]Visualizing group 3:  45%|████▍     | 1031/2304 [02:38<03:20,  6.34it/s]Visualizing group 3:  45%|████▍     | 1032/2304 [02:38<03:16,  6.47it/s]Visualizing group 3:  45%|████▍     | 1033/2304 [02:38<03:20,  6.35it/s]Visualizing group 3:  45%|████▍     | 1034/2304 [02:39<03:23,  6.24it/s]Visualizing group 3:  45%|████▍     | 1035/2304 [02:39<03:26,  6.16it/s]Visualizing group 3:  45%|████▍     | 1036/2304 [02:39<03:23,  6.22it/s]Visualizing group 3:  45%|████▌     | 1037/2304 [02:39<03:20,  6.32it/s]Visualizing group 3:  45%|████▌     | 1038/2304 [02:39<03:23,  6.23it/s]Visualizing group 3:  45%|████▌     | 1039/2304 [02:39<03:23,  6.23it/s]Visualizing group 3:  45%|████▌     | 1040/2304 [02:40<03:24,  6.17it/s]Visualizing group 3:  45%|████▌     | 1041/2304 [02:40<03:15,  6.46it/s]Visualizing group 3:  45%|████▌     | 1042/2304 [02:40<03:14,  6.49it/s]Visualizing group 3:  45%|████▌     | 1043/2304 [02:40<03:07,  6.71it/s]Visualizing group 3:  45%|████▌     | 1044/2304 [02:40<03:12,  6.54it/s]Visualizing group 3:  45%|████▌     | 1045/2304 [02:40<03:08,  6.67it/s]Visualizing group 3:  45%|████▌     | 1046/2304 [02:40<03:09,  6.64it/s]Visualizing group 3:  45%|████▌     | 1047/2304 [02:41<03:08,  6.68it/s]Visualizing group 3:  45%|████▌     | 1048/2304 [02:41<03:08,  6.67it/s]Visualizing group 3:  46%|████▌     | 1049/2304 [02:41<03:06,  6.73it/s]Visualizing group 3:  46%|████▌     | 1050/2304 [02:41<03:10,  6.58it/s]Visualizing group 3:  46%|████▌     | 1051/2304 [02:41<03:09,  6.63it/s]Visualizing group 3:  46%|████▌     | 1052/2304 [02:41<03:11,  6.53it/s]Visualizing group 3:  46%|████▌     | 1053/2304 [02:42<03:08,  6.62it/s]Visualizing group 3:  46%|████▌     | 1054/2304 [02:42<03:11,  6.52it/s]Visualizing group 3:  46%|████▌     | 1055/2304 [02:42<03:10,  6.57it/s]Visualizing group 3:  46%|████▌     | 1056/2304 [02:42<03:09,  6.59it/s]Visualizing group 3:  46%|████▌     | 1057/2304 [02:42<03:07,  6.67it/s]Visualizing group 3:  46%|████▌     | 1058/2304 [02:42<03:03,  6.79it/s]Visualizing group 3:  46%|████▌     | 1059/2304 [02:42<03:04,  6.75it/s]Visualizing group 3:  46%|████▌     | 1060/2304 [02:43<03:05,  6.69it/s]Visualizing group 3:  46%|████▌     | 1061/2304 [02:43<03:26,  6.03it/s]Visualizing group 3:  46%|████▌     | 1062/2304 [02:43<03:29,  5.92it/s]Visualizing group 3:  46%|████▌     | 1063/2304 [02:43<03:27,  5.98it/s]Visualizing group 3:  46%|████▌     | 1064/2304 [02:43<03:21,  6.15it/s]Visualizing group 3:  46%|████▌     | 1065/2304 [02:43<03:17,  6.27it/s]Visualizing group 3:  46%|████▋     | 1066/2304 [02:44<03:16,  6.29it/s]Visualizing group 3:  46%|████▋     | 1067/2304 [02:44<03:14,  6.36it/s]Visualizing group 3:  46%|████▋     | 1068/2304 [02:44<03:11,  6.47it/s]Visualizing group 3:  46%|████▋     | 1069/2304 [02:44<03:11,  6.45it/s]Visualizing group 3:  46%|████▋     | 1070/2304 [02:44<03:22,  6.10it/s]Visualizing group 3:  46%|████▋     | 1071/2304 [02:44<03:20,  6.16it/s]Visualizing group 3:  47%|████▋     | 1072/2304 [02:45<03:18,  6.20it/s]Visualizing group 3:  47%|████▋     | 1073/2304 [02:45<03:21,  6.10it/s]Visualizing group 3:  47%|████▋     | 1074/2304 [02:45<03:18,  6.20it/s]Visualizing group 3:  47%|████▋     | 1075/2304 [02:45<03:13,  6.34it/s]Visualizing group 3:  47%|████▋     | 1076/2304 [02:45<03:17,  6.23it/s]Visualizing group 3:  47%|████▋     | 1077/2304 [02:45<03:10,  6.43it/s]Visualizing group 3:  47%|████▋     | 1078/2304 [02:45<03:06,  6.56it/s]Visualizing group 3:  47%|████▋     | 1079/2304 [02:46<03:56,  5.19it/s]Visualizing group 3:  47%|████▋     | 1080/2304 [02:46<03:42,  5.51it/s]Visualizing group 3:  47%|████▋     | 1081/2304 [02:46<03:31,  5.78it/s]Visualizing group 3:  47%|████▋     | 1082/2304 [02:46<03:21,  6.08it/s]Visualizing group 3:  47%|████▋     | 1083/2304 [02:46<03:21,  6.07it/s]Visualizing group 3:  47%|████▋     | 1084/2304 [02:47<03:11,  6.39it/s]Visualizing group 3:  47%|████▋     | 1085/2304 [02:47<03:13,  6.28it/s]Visualizing group 3:  47%|████▋     | 1086/2304 [02:47<03:08,  6.47it/s]Visualizing group 3:  47%|████▋     | 1087/2304 [02:47<03:06,  6.54it/s]Visualizing group 3:  47%|████▋     | 1088/2304 [02:47<03:03,  6.62it/s]Visualizing group 3:  47%|████▋     | 1089/2304 [02:47<03:06,  6.50it/s]Visualizing group 3:  47%|████▋     | 1090/2304 [02:47<03:05,  6.54it/s]Visualizing group 3:  47%|████▋     | 1091/2304 [02:48<03:06,  6.49it/s]Visualizing group 3:  47%|████▋     | 1092/2304 [02:48<03:02,  6.63it/s]Visualizing group 3:  47%|████▋     | 1093/2304 [02:48<02:59,  6.76it/s]Visualizing group 3:  47%|████▋     | 1094/2304 [02:48<02:57,  6.83it/s]Visualizing group 3:  48%|████▊     | 1095/2304 [02:48<03:16,  6.16it/s]Visualizing group 3:  48%|████▊     | 1096/2304 [02:48<03:14,  6.20it/s]Visualizing group 3:  48%|████▊     | 1097/2304 [02:49<03:08,  6.40it/s]Visualizing group 3:  48%|████▊     | 1098/2304 [02:49<03:09,  6.38it/s]Visualizing group 3:  48%|████▊     | 1099/2304 [02:49<03:04,  6.53it/s]Visualizing group 3:  48%|████▊     | 1100/2304 [02:49<03:03,  6.56it/s]Visualizing group 3:  48%|████▊     | 1101/2304 [02:49<03:02,  6.60it/s]Visualizing group 3:  48%|████▊     | 1102/2304 [02:49<03:06,  6.46it/s]Visualizing group 3:  48%|████▊     | 1103/2304 [02:49<03:02,  6.57it/s]Visualizing group 3:  48%|████▊     | 1104/2304 [02:50<02:59,  6.67it/s]Visualizing group 3:  48%|████▊     | 1105/2304 [02:50<03:00,  6.65it/s]Visualizing group 3:  48%|████▊     | 1106/2304 [02:50<03:02,  6.55it/s]Visualizing group 3:  48%|████▊     | 1107/2304 [02:50<02:59,  6.68it/s]Visualizing group 3:  48%|████▊     | 1108/2304 [02:50<02:59,  6.66it/s]Visualizing group 3:  48%|████▊     | 1109/2304 [02:50<02:59,  6.65it/s]Visualizing group 3:  48%|████▊     | 1110/2304 [02:51<03:04,  6.46it/s]Visualizing group 3:  48%|████▊     | 1111/2304 [02:51<03:02,  6.53it/s]Visualizing group 3:  48%|████▊     | 1112/2304 [02:51<02:59,  6.65it/s]Visualizing group 3:  48%|████▊     | 1113/2304 [02:51<02:58,  6.65it/s]Visualizing group 3:  48%|████▊     | 1114/2304 [02:51<02:58,  6.69it/s]Visualizing group 3:  48%|████▊     | 1115/2304 [02:51<03:02,  6.53it/s]Visualizing group 3:  48%|████▊     | 1116/2304 [02:51<03:02,  6.51it/s]Visualizing group 3:  48%|████▊     | 1117/2304 [02:52<03:07,  6.34it/s]Visualizing group 3:  49%|████▊     | 1118/2304 [02:52<03:06,  6.34it/s]Visualizing group 3:  49%|████▊     | 1119/2304 [02:52<03:08,  6.30it/s]Visualizing group 3:  49%|████▊     | 1120/2304 [02:52<03:01,  6.53it/s]Visualizing group 3:  49%|████▊     | 1121/2304 [02:52<02:59,  6.60it/s]Visualizing group 3:  49%|████▊     | 1122/2304 [02:52<03:00,  6.55it/s]Visualizing group 3:  49%|████▊     | 1123/2304 [02:52<02:59,  6.59it/s]Visualizing group 3:  49%|████▉     | 1124/2304 [02:53<02:55,  6.71it/s]Visualizing group 3:  49%|████▉     | 1125/2304 [02:53<02:56,  6.69it/s]Visualizing group 3:  49%|████▉     | 1126/2304 [02:53<02:55,  6.69it/s]Visualizing group 3:  49%|████▉     | 1127/2304 [02:53<02:55,  6.71it/s]Visualizing group 3:  49%|████▉     | 1128/2304 [02:53<04:04,  4.81it/s]Visualizing group 3:  49%|████▉     | 1129/2304 [02:54<03:48,  5.13it/s]Visualizing group 3:  49%|████▉     | 1130/2304 [02:54<03:32,  5.53it/s]Visualizing group 3:  49%|████▉     | 1131/2304 [02:54<03:18,  5.92it/s]Visualizing group 3:  49%|████▉     | 1132/2304 [02:54<03:13,  6.07it/s]Visualizing group 3:  49%|████▉     | 1133/2304 [02:54<03:10,  6.16it/s]Visualizing group 3:  49%|████▉     | 1134/2304 [02:54<03:03,  6.36it/s]Visualizing group 3:  49%|████▉     | 1135/2304 [02:54<03:00,  6.47it/s]Visualizing group 3:  49%|████▉     | 1136/2304 [02:55<02:58,  6.56it/s]Visualizing group 3:  49%|████▉     | 1137/2304 [02:55<02:58,  6.55it/s]Visualizing group 3:  49%|████▉     | 1138/2304 [02:55<02:57,  6.57it/s]Visualizing group 3:  49%|████▉     | 1139/2304 [02:55<02:52,  6.75it/s]Visualizing group 3:  49%|████▉     | 1140/2304 [02:55<03:06,  6.25it/s]Visualizing group 3:  50%|████▉     | 1141/2304 [02:55<03:08,  6.18it/s]Visualizing group 3:  50%|████▉     | 1142/2304 [02:56<03:05,  6.26it/s]Visualizing group 3:  50%|████▉     | 1143/2304 [02:56<02:59,  6.46it/s]Visualizing group 3:  50%|████▉     | 1144/2304 [02:56<02:58,  6.51it/s]Visualizing group 3:  50%|████▉     | 1145/2304 [02:56<02:58,  6.49it/s]Visualizing group 3:  50%|████▉     | 1146/2304 [02:56<03:01,  6.38it/s]Visualizing group 3:  50%|████▉     | 1147/2304 [02:56<03:06,  6.20it/s]Visualizing group 3:  50%|████▉     | 1148/2304 [02:57<03:08,  6.12it/s]Visualizing group 3:  50%|████▉     | 1149/2304 [02:57<03:04,  6.26it/s]Visualizing group 3:  50%|████▉     | 1150/2304 [02:57<03:01,  6.34it/s]Visualizing group 3:  50%|████▉     | 1151/2304 [02:57<03:14,  5.93it/s]Visualizing group 3:  50%|█████     | 1152/2304 [02:57<03:08,  6.13it/s]Visualizing group 3:  50%|█████     | 1153/2304 [02:57<03:01,  6.34it/s]Visualizing group 3:  50%|█████     | 1154/2304 [02:57<03:00,  6.36it/s]Visualizing group 3:  50%|█████     | 1155/2304 [02:58<02:57,  6.47it/s]Visualizing group 3:  50%|█████     | 1156/2304 [02:58<02:59,  6.39it/s]Visualizing group 3:  50%|█████     | 1157/2304 [02:58<02:53,  6.60it/s]Visualizing group 3:  50%|█████     | 1158/2304 [02:58<02:53,  6.61it/s]Visualizing group 3:  50%|█████     | 1159/2304 [02:58<02:50,  6.71it/s]Visualizing group 3:  50%|█████     | 1160/2304 [02:58<02:55,  6.52it/s]Visualizing group 3:  50%|█████     | 1161/2304 [02:59<02:55,  6.52it/s]Visualizing group 3:  50%|█████     | 1162/2304 [02:59<02:55,  6.52it/s]Visualizing group 3:  50%|█████     | 1163/2304 [02:59<02:58,  6.39it/s]Visualizing group 3:  51%|█████     | 1164/2304 [02:59<02:59,  6.34it/s]Visualizing group 3:  51%|█████     | 1165/2304 [02:59<03:01,  6.27it/s]Visualizing group 3:  51%|█████     | 1166/2304 [02:59<02:54,  6.52it/s]Visualizing group 3:  51%|█████     | 1167/2304 [03:00<03:00,  6.30it/s]Visualizing group 3:  51%|█████     | 1168/2304 [03:00<02:57,  6.41it/s]Visualizing group 3:  51%|█████     | 1169/2304 [03:00<03:06,  6.07it/s]Visualizing group 3:  51%|█████     | 1170/2304 [03:00<03:03,  6.17it/s]Visualizing group 3:  51%|█████     | 1171/2304 [03:00<02:58,  6.35it/s]Visualizing group 3:  51%|█████     | 1172/2304 [03:00<02:55,  6.45it/s]Visualizing group 3:  51%|█████     | 1173/2304 [03:00<02:51,  6.60it/s]Visualizing group 3:  51%|█████     | 1174/2304 [03:01<02:52,  6.56it/s]Visualizing group 3:  51%|█████     | 1175/2304 [03:01<02:51,  6.60it/s]Visualizing group 3:  51%|█████     | 1176/2304 [03:01<02:50,  6.62it/s]Visualizing group 3:  51%|█████     | 1177/2304 [03:01<02:49,  6.63it/s]Visualizing group 3:  51%|█████     | 1178/2304 [03:01<02:53,  6.50it/s]Visualizing group 3:  51%|█████     | 1179/2304 [03:01<02:52,  6.53it/s]Visualizing group 3:  51%|█████     | 1180/2304 [03:01<02:48,  6.69it/s]Visualizing group 3:  51%|█████▏    | 1181/2304 [03:02<02:51,  6.53it/s]Visualizing group 3:  51%|█████▏    | 1182/2304 [03:02<02:49,  6.61it/s]Visualizing group 3:  51%|█████▏    | 1183/2304 [03:02<02:46,  6.72it/s]Visualizing group 3:  51%|█████▏    | 1184/2304 [03:02<02:45,  6.75it/s]Visualizing group 3:  51%|█████▏    | 1185/2304 [03:02<02:45,  6.77it/s]Visualizing group 3:  51%|█████▏    | 1186/2304 [03:02<02:47,  6.67it/s]Visualizing group 3:  52%|█████▏    | 1187/2304 [03:03<02:46,  6.71it/s]Visualizing group 3:  52%|█████▏    | 1188/2304 [03:03<02:47,  6.65it/s]Visualizing group 3:  52%|█████▏    | 1189/2304 [03:03<03:29,  5.33it/s]Visualizing group 3:  52%|█████▏    | 1190/2304 [03:03<03:20,  5.54it/s]Visualizing group 3:  52%|█████▏    | 1191/2304 [03:03<03:12,  5.77it/s]Visualizing group 3:  52%|█████▏    | 1192/2304 [03:03<03:06,  5.96it/s]Visualizing group 3:  52%|█████▏    | 1193/2304 [03:04<03:03,  6.04it/s]Visualizing group 3:  52%|█████▏    | 1194/2304 [03:04<03:02,  6.10it/s]Visualizing group 3:  52%|█████▏    | 1195/2304 [03:04<03:04,  6.02it/s]Visualizing group 3:  52%|█████▏    | 1196/2304 [03:04<02:59,  6.18it/s]Visualizing group 3:  52%|█████▏    | 1197/2304 [03:04<02:58,  6.21it/s]Visualizing group 3:  52%|█████▏    | 1198/2304 [03:04<02:52,  6.40it/s]Visualizing group 3:  52%|█████▏    | 1199/2304 [03:05<02:48,  6.55it/s]Visualizing group 3:  52%|█████▏    | 1200/2304 [03:05<02:49,  6.52it/s]Visualizing group 3:  52%|█████▏    | 1201/2304 [03:05<02:46,  6.61it/s]Visualizing group 3:  52%|█████▏    | 1202/2304 [03:05<02:53,  6.36it/s]Visualizing group 3:  52%|█████▏    | 1203/2304 [03:05<02:50,  6.47it/s]Visualizing group 3:  52%|█████▏    | 1204/2304 [03:05<02:49,  6.51it/s]Visualizing group 3:  52%|█████▏    | 1205/2304 [03:05<02:47,  6.57it/s]Visualizing group 3:  52%|█████▏    | 1206/2304 [03:06<02:45,  6.63it/s]Visualizing group 3:  52%|█████▏    | 1207/2304 [03:06<02:44,  6.69it/s]Visualizing group 3:  52%|█████▏    | 1208/2304 [03:06<02:45,  6.61it/s]Visualizing group 3:  52%|█████▏    | 1209/2304 [03:06<02:45,  6.60it/s]Visualizing group 3:  53%|█████▎    | 1210/2304 [03:06<02:44,  6.65it/s]Visualizing group 3:  53%|█████▎    | 1211/2304 [03:06<02:42,  6.73it/s]Visualizing group 3:  53%|█████▎    | 1212/2304 [03:07<02:52,  6.34it/s]Visualizing group 3:  53%|█████▎    | 1213/2304 [03:07<02:52,  6.33it/s]Visualizing group 3:  53%|█████▎    | 1214/2304 [03:07<02:48,  6.48it/s]Visualizing group 3:  53%|█████▎    | 1215/2304 [03:07<03:01,  5.99it/s]Visualizing group 3:  53%|█████▎    | 1216/2304 [03:07<03:01,  5.99it/s]Visualizing group 3:  53%|█████▎    | 1217/2304 [03:07<02:52,  6.29it/s]Visualizing group 3:  53%|█████▎    | 1218/2304 [03:07<02:51,  6.33it/s]Visualizing group 3:  53%|█████▎    | 1219/2304 [03:08<02:47,  6.47it/s]Visualizing group 3:  53%|█████▎    | 1220/2304 [03:08<02:45,  6.57it/s]Visualizing group 3:  53%|█████▎    | 1221/2304 [03:08<02:43,  6.61it/s]Visualizing group 3:  53%|█████▎    | 1222/2304 [03:08<02:42,  6.67it/s]Visualizing group 3:  53%|█████▎    | 1223/2304 [03:08<02:41,  6.67it/s]Visualizing group 3:  53%|█████▎    | 1224/2304 [03:08<02:45,  6.54it/s]Visualizing group 3:  53%|█████▎    | 1225/2304 [03:09<02:42,  6.62it/s]Visualizing group 3:  53%|█████▎    | 1226/2304 [03:09<02:42,  6.62it/s]Visualizing group 3:  53%|█████▎    | 1227/2304 [03:09<02:40,  6.72it/s]Visualizing group 3:  53%|█████▎    | 1228/2304 [03:09<02:43,  6.57it/s]Visualizing group 3:  53%|█████▎    | 1229/2304 [03:09<02:47,  6.42it/s]Visualizing group 3:  53%|█████▎    | 1230/2304 [03:09<02:44,  6.54it/s]Visualizing group 3:  53%|█████▎    | 1231/2304 [03:09<02:40,  6.69it/s]Visualizing group 3:  53%|█████▎    | 1232/2304 [03:10<02:37,  6.79it/s]Visualizing group 3:  54%|█████▎    | 1233/2304 [03:10<02:36,  6.86it/s]Visualizing group 3:  54%|█████▎    | 1234/2304 [03:10<02:39,  6.72it/s]Visualizing group 3:  54%|█████▎    | 1235/2304 [03:10<02:37,  6.79it/s]Visualizing group 3:  54%|█████▎    | 1236/2304 [03:10<02:42,  6.57it/s]Visualizing group 3:  54%|█████▎    | 1237/2304 [03:10<02:40,  6.66it/s]Visualizing group 3:  54%|█████▎    | 1238/2304 [03:10<02:40,  6.63it/s]Visualizing group 3:  54%|█████▍    | 1239/2304 [03:11<02:39,  6.68it/s]Visualizing group 3:  54%|█████▍    | 1240/2304 [03:11<02:40,  6.63it/s]Visualizing group 3:  54%|█████▍    | 1241/2304 [03:11<02:38,  6.70it/s]Visualizing group 3:  54%|█████▍    | 1242/2304 [03:11<02:38,  6.71it/s]Visualizing group 3:  54%|█████▍    | 1243/2304 [03:11<02:40,  6.62it/s]Visualizing group 3:  54%|█████▍    | 1244/2304 [03:11<02:39,  6.65it/s]Visualizing group 3:  54%|█████▍    | 1245/2304 [03:12<02:39,  6.66it/s]Visualizing group 3:  54%|█████▍    | 1246/2304 [03:12<02:37,  6.71it/s]Visualizing group 3:  54%|█████▍    | 1247/2304 [03:12<02:38,  6.66it/s]Visualizing group 3:  54%|█████▍    | 1248/2304 [03:12<02:39,  6.62it/s]Visualizing group 3:  54%|█████▍    | 1249/2304 [03:12<02:35,  6.76it/s]Visualizing group 3:  54%|█████▍    | 1250/2304 [03:12<02:43,  6.44it/s]Visualizing group 3:  54%|█████▍    | 1251/2304 [03:12<02:43,  6.46it/s]Visualizing group 3:  54%|█████▍    | 1252/2304 [03:13<02:39,  6.60it/s]Visualizing group 3:  54%|█████▍    | 1253/2304 [03:13<02:38,  6.64it/s]Visualizing group 3:  54%|█████▍    | 1254/2304 [03:13<02:36,  6.71it/s]Visualizing group 3:  54%|█████▍    | 1255/2304 [03:13<02:35,  6.75it/s]Visualizing group 3:  55%|█████▍    | 1256/2304 [03:13<02:40,  6.55it/s]Visualizing group 3:  55%|█████▍    | 1257/2304 [03:13<02:39,  6.58it/s]Visualizing group 3:  55%|█████▍    | 1258/2304 [03:13<02:33,  6.83it/s]Visualizing group 3:  55%|█████▍    | 1259/2304 [03:14<02:31,  6.89it/s]Visualizing group 3:  55%|█████▍    | 1260/2304 [03:14<02:40,  6.52it/s]Visualizing group 3:  55%|█████▍    | 1261/2304 [03:14<02:37,  6.61it/s]Visualizing group 3:  55%|█████▍    | 1262/2304 [03:14<02:35,  6.68it/s]Visualizing group 3:  55%|█████▍    | 1263/2304 [03:14<02:36,  6.66it/s]Visualizing group 3:  55%|█████▍    | 1264/2304 [03:14<02:34,  6.71it/s]Visualizing group 3:  55%|█████▍    | 1265/2304 [03:15<02:31,  6.84it/s]Visualizing group 3:  55%|█████▍    | 1266/2304 [03:15<02:35,  6.67it/s]Visualizing group 3:  55%|█████▍    | 1267/2304 [03:15<02:40,  6.45it/s]Visualizing group 3:  55%|█████▌    | 1268/2304 [03:15<02:45,  6.26it/s]Visualizing group 3:  55%|█████▌    | 1269/2304 [03:15<02:46,  6.21it/s]Visualizing group 3:  55%|█████▌    | 1270/2304 [03:15<02:40,  6.46it/s]Visualizing group 3:  55%|█████▌    | 1271/2304 [03:16<02:44,  6.29it/s]Visualizing group 3:  55%|█████▌    | 1272/2304 [03:16<02:42,  6.36it/s]Visualizing group 3:  55%|█████▌    | 1273/2304 [03:16<02:49,  6.10it/s]Visualizing group 3:  55%|█████▌    | 1274/2304 [03:16<02:46,  6.19it/s]Visualizing group 3:  55%|█████▌    | 1275/2304 [03:16<02:45,  6.23it/s]Visualizing group 3:  55%|█████▌    | 1276/2304 [03:16<02:43,  6.31it/s]Visualizing group 3:  55%|█████▌    | 1277/2304 [03:16<02:46,  6.17it/s]Visualizing group 3:  55%|█████▌    | 1278/2304 [03:17<02:44,  6.24it/s]Visualizing group 3:  56%|█████▌    | 1279/2304 [03:17<02:45,  6.20it/s]Visualizing group 3:  56%|█████▌    | 1280/2304 [03:17<02:38,  6.46it/s]Visualizing group 3:  56%|█████▌    | 1281/2304 [03:17<02:47,  6.12it/s]Visualizing group 3:  56%|█████▌    | 1282/2304 [03:17<02:55,  5.83it/s]Visualizing group 3:  56%|█████▌    | 1283/2304 [03:17<02:46,  6.13it/s]Visualizing group 3:  56%|█████▌    | 1284/2304 [03:18<02:41,  6.32it/s]Visualizing group 3:  56%|█████▌    | 1285/2304 [03:18<02:35,  6.54it/s]Visualizing group 3:  56%|█████▌    | 1286/2304 [03:18<02:34,  6.60it/s]Visualizing group 3:  56%|█████▌    | 1287/2304 [03:18<02:31,  6.69it/s]Visualizing group 3:  56%|█████▌    | 1288/2304 [03:18<02:34,  6.59it/s]Visualizing group 3:  56%|█████▌    | 1289/2304 [03:18<02:31,  6.69it/s]Visualizing group 3:  56%|█████▌    | 1290/2304 [03:18<02:36,  6.49it/s]Visualizing group 3:  56%|█████▌    | 1291/2304 [03:19<02:33,  6.60it/s]Visualizing group 3:  56%|█████▌    | 1292/2304 [03:19<02:33,  6.58it/s]Visualizing group 3:  56%|█████▌    | 1293/2304 [03:19<02:30,  6.71it/s]Visualizing group 3:  56%|█████▌    | 1294/2304 [03:19<02:34,  6.54it/s]Visualizing group 3:  56%|█████▌    | 1295/2304 [03:19<02:31,  6.68it/s]Visualizing group 3:  56%|█████▋    | 1296/2304 [03:19<02:31,  6.65it/s]Visualizing group 3:  56%|█████▋    | 1297/2304 [03:20<02:32,  6.59it/s]Visualizing group 3:  56%|█████▋    | 1298/2304 [03:20<02:36,  6.45it/s]Visualizing group 3:  56%|█████▋    | 1299/2304 [03:20<03:16,  5.12it/s]Visualizing group 3:  56%|█████▋    | 1300/2304 [03:20<03:03,  5.46it/s]Visualizing group 3:  56%|█████▋    | 1301/2304 [03:20<02:54,  5.76it/s]Visualizing group 3:  57%|█████▋    | 1302/2304 [03:20<02:46,  6.02it/s]Visualizing group 3:  57%|█████▋    | 1303/2304 [03:21<02:40,  6.24it/s]Visualizing group 3:  57%|█████▋    | 1304/2304 [03:21<02:37,  6.36it/s]Visualizing group 3:  57%|█████▋    | 1305/2304 [03:21<02:31,  6.59it/s]Visualizing group 3:  57%|█████▋    | 1306/2304 [03:21<02:28,  6.72it/s]Visualizing group 3:  57%|█████▋    | 1307/2304 [03:21<02:32,  6.56it/s]Visualizing group 3:  57%|█████▋    | 1308/2304 [03:21<02:30,  6.60it/s]Visualizing group 3:  57%|█████▋    | 1309/2304 [03:21<02:30,  6.62it/s]Visualizing group 3:  57%|█████▋    | 1310/2304 [03:22<02:28,  6.71it/s]Visualizing group 3:  57%|█████▋    | 1311/2304 [03:22<02:30,  6.59it/s]Visualizing group 3:  57%|█████▋    | 1312/2304 [03:22<02:27,  6.74it/s]Visualizing group 3:  57%|█████▋    | 1313/2304 [03:22<02:28,  6.69it/s]Visualizing group 3:  57%|█████▋    | 1314/2304 [03:22<02:31,  6.52it/s]Visualizing group 3:  57%|█████▋    | 1315/2304 [03:22<02:29,  6.62it/s]Visualizing group 3:  57%|█████▋    | 1316/2304 [03:23<02:27,  6.68it/s]Visualizing group 3:  57%|█████▋    | 1317/2304 [03:23<02:28,  6.64it/s]Visualizing group 3:  57%|█████▋    | 1318/2304 [03:23<02:25,  6.77it/s]Visualizing group 3:  57%|█████▋    | 1319/2304 [03:23<02:28,  6.63it/s]Visualizing group 3:  57%|█████▋    | 1320/2304 [03:23<02:26,  6.73it/s]Visualizing group 3:  57%|█████▋    | 1321/2304 [03:23<02:28,  6.61it/s]Visualizing group 3:  57%|█████▋    | 1322/2304 [03:23<02:30,  6.51it/s]Visualizing group 3:  57%|█████▋    | 1323/2304 [03:24<02:27,  6.65it/s]Visualizing group 3:  57%|█████▋    | 1324/2304 [03:24<02:27,  6.62it/s]Visualizing group 3:  58%|█████▊    | 1325/2304 [03:24<02:30,  6.49it/s]Visualizing group 3:  58%|█████▊    | 1326/2304 [03:24<02:26,  6.67it/s]Visualizing group 3:  58%|█████▊    | 1327/2304 [03:24<02:26,  6.67it/s]Visualizing group 3:  58%|█████▊    | 1328/2304 [03:24<02:24,  6.77it/s]Visualizing group 3:  58%|█████▊    | 1329/2304 [03:25<02:27,  6.62it/s]Visualizing group 3:  58%|█████▊    | 1330/2304 [03:25<02:25,  6.68it/s]Visualizing group 3:  58%|█████▊    | 1331/2304 [03:25<02:23,  6.78it/s]Visualizing group 3:  58%|█████▊    | 1332/2304 [03:25<02:21,  6.89it/s]Visualizing group 3:  58%|█████▊    | 1333/2304 [03:25<02:25,  6.70it/s]Visualizing group 3:  58%|█████▊    | 1334/2304 [03:25<02:21,  6.83it/s]Visualizing group 3:  58%|█████▊    | 1335/2304 [03:25<02:28,  6.55it/s]Visualizing group 3:  58%|█████▊    | 1336/2304 [03:26<02:31,  6.38it/s]Visualizing group 3:  58%|█████▊    | 1337/2304 [03:26<02:38,  6.10it/s]Visualizing group 3:  58%|█████▊    | 1338/2304 [03:26<02:36,  6.16it/s]Visualizing group 3:  58%|█████▊    | 1339/2304 [03:26<02:30,  6.43it/s]Visualizing group 3:  58%|█████▊    | 1340/2304 [03:26<02:28,  6.48it/s]Visualizing group 3:  58%|█████▊    | 1341/2304 [03:26<02:26,  6.56it/s]Visualizing group 3:  58%|█████▊    | 1342/2304 [03:27<02:29,  6.43it/s]Visualizing group 3:  58%|█████▊    | 1343/2304 [03:27<02:37,  6.09it/s]Visualizing group 3:  58%|█████▊    | 1344/2304 [03:27<02:34,  6.21it/s]Visualizing group 3:  58%|█████▊    | 1345/2304 [03:27<02:30,  6.35it/s]Visualizing group 3:  58%|█████▊    | 1346/2304 [03:27<02:28,  6.44it/s]Visualizing group 3:  58%|█████▊    | 1347/2304 [03:27<02:29,  6.40it/s]Visualizing group 3:  59%|█████▊    | 1348/2304 [03:27<02:28,  6.42it/s]Visualizing group 3:  59%|█████▊    | 1349/2304 [03:28<02:27,  6.49it/s]Visualizing group 3:  59%|█████▊    | 1350/2304 [03:28<02:26,  6.49it/s]Visualizing group 3:  59%|█████▊    | 1351/2304 [03:28<02:24,  6.60it/s]Visualizing group 3:  59%|█████▊    | 1352/2304 [03:28<02:30,  6.33it/s]Visualizing group 3:  59%|█████▊    | 1353/2304 [03:28<02:31,  6.27it/s]Visualizing group 3:  59%|█████▉    | 1354/2304 [03:28<02:28,  6.40it/s]Visualizing group 3:  59%|█████▉    | 1355/2304 [03:29<02:26,  6.49it/s]Visualizing group 3:  59%|█████▉    | 1356/2304 [03:29<02:26,  6.48it/s]Visualizing group 3:  59%|█████▉    | 1357/2304 [03:29<02:25,  6.51it/s]Visualizing group 3:  59%|█████▉    | 1358/2304 [03:29<02:26,  6.44it/s]Visualizing group 3:  59%|█████▉    | 1359/2304 [03:29<02:23,  6.57it/s]Visualizing group 3:  59%|█████▉    | 1360/2304 [03:29<02:32,  6.20it/s]Visualizing group 3:  59%|█████▉    | 1361/2304 [03:29<02:32,  6.19it/s]Visualizing group 3:  59%|█████▉    | 1362/2304 [03:30<02:28,  6.36it/s]Visualizing group 3:  59%|█████▉    | 1363/2304 [03:30<02:25,  6.46it/s]Visualizing group 3:  59%|█████▉    | 1364/2304 [03:30<02:23,  6.55it/s]Visualizing group 3:  59%|█████▉    | 1365/2304 [03:30<02:25,  6.46it/s]Visualizing group 3:  59%|█████▉    | 1366/2304 [03:30<02:26,  6.41it/s]Visualizing group 3:  59%|█████▉    | 1367/2304 [03:30<02:24,  6.48it/s]Visualizing group 3:  59%|█████▉    | 1368/2304 [03:31<02:24,  6.49it/s]Visualizing group 3:  59%|█████▉    | 1369/2304 [03:31<02:20,  6.64it/s]Visualizing group 3:  59%|█████▉    | 1370/2304 [03:31<02:22,  6.55it/s]Visualizing group 3:  60%|█████▉    | 1371/2304 [03:31<02:20,  6.62it/s]Visualizing group 3:  60%|█████▉    | 1372/2304 [03:31<02:20,  6.63it/s]Visualizing group 3:  60%|█████▉    | 1373/2304 [03:31<02:18,  6.71it/s]Visualizing group 3:  60%|█████▉    | 1374/2304 [03:31<02:22,  6.55it/s]Visualizing group 3:  60%|█████▉    | 1375/2304 [03:32<02:26,  6.35it/s]Visualizing group 3:  60%|█████▉    | 1376/2304 [03:32<02:26,  6.32it/s]Visualizing group 3:  60%|█████▉    | 1377/2304 [03:32<02:20,  6.59it/s]Visualizing group 3:  60%|█████▉    | 1378/2304 [03:32<02:24,  6.41it/s]Visualizing group 3:  60%|█████▉    | 1379/2304 [03:32<02:22,  6.50it/s]Visualizing group 3:  60%|█████▉    | 1380/2304 [03:32<02:21,  6.51it/s]Visualizing group 3:  60%|█████▉    | 1381/2304 [03:33<02:18,  6.67it/s]Visualizing group 3:  60%|█████▉    | 1382/2304 [03:33<02:18,  6.66it/s]Visualizing group 3:  60%|██████    | 1383/2304 [03:33<02:16,  6.76it/s]Visualizing group 3:  60%|██████    | 1384/2304 [03:33<02:20,  6.55it/s]Visualizing group 3:  60%|██████    | 1385/2304 [03:33<02:19,  6.57it/s]Visualizing group 3:  60%|██████    | 1386/2304 [03:33<02:17,  6.66it/s]Visualizing group 3:  60%|██████    | 1387/2304 [03:33<02:16,  6.71it/s]Visualizing group 3:  60%|██████    | 1388/2304 [03:34<02:16,  6.73it/s]Visualizing group 3:  60%|██████    | 1389/2304 [03:34<02:15,  6.76it/s]Visualizing group 3:  60%|██████    | 1390/2304 [03:34<02:17,  6.64it/s]Visualizing group 3:  60%|██████    | 1391/2304 [03:34<02:18,  6.58it/s]Visualizing group 3:  60%|██████    | 1392/2304 [03:34<02:16,  6.67it/s]Visualizing group 3:  60%|██████    | 1393/2304 [03:34<02:20,  6.50it/s]Visualizing group 3:  61%|██████    | 1394/2304 [03:34<02:18,  6.59it/s]Visualizing group 3:  61%|██████    | 1395/2304 [03:35<02:15,  6.72it/s]Visualizing group 3:  61%|██████    | 1396/2304 [03:35<02:15,  6.68it/s]Visualizing group 3:  61%|██████    | 1397/2304 [03:35<02:26,  6.21it/s]Visualizing group 3:  61%|██████    | 1398/2304 [03:35<02:23,  6.32it/s]Visualizing group 3:  61%|██████    | 1399/2304 [03:35<02:24,  6.27it/s]Visualizing group 3:  61%|██████    | 1400/2304 [03:35<02:20,  6.44it/s]Visualizing group 3:  61%|██████    | 1401/2304 [03:36<02:18,  6.51it/s]Visualizing group 3:  61%|██████    | 1402/2304 [03:36<02:18,  6.54it/s]Visualizing group 3:  61%|██████    | 1403/2304 [03:36<02:17,  6.58it/s]Visualizing group 3:  61%|██████    | 1404/2304 [03:36<02:16,  6.61it/s]Visualizing group 3:  61%|██████    | 1405/2304 [03:36<02:17,  6.53it/s]Visualizing group 3:  61%|██████    | 1406/2304 [03:36<02:19,  6.42it/s]Visualizing group 3:  61%|██████    | 1407/2304 [03:37<02:16,  6.57it/s]Visualizing group 3:  61%|██████    | 1408/2304 [03:37<02:16,  6.57it/s]Visualizing group 3:  61%|██████    | 1409/2304 [03:37<02:49,  5.28it/s]Visualizing group 3:  61%|██████    | 1410/2304 [03:37<02:42,  5.50it/s]Visualizing group 3:  61%|██████    | 1411/2304 [03:37<02:33,  5.83it/s]Visualizing group 3:  61%|██████▏   | 1412/2304 [03:37<02:28,  5.99it/s]Visualizing group 3:  61%|██████▏   | 1413/2304 [03:38<02:26,  6.08it/s]Visualizing group 3:  61%|██████▏   | 1414/2304 [03:38<02:23,  6.21it/s]Visualizing group 3:  61%|██████▏   | 1415/2304 [03:38<02:28,  6.00it/s]Visualizing group 3:  61%|██████▏   | 1416/2304 [03:38<02:22,  6.22it/s]Visualizing group 3:  62%|██████▏   | 1417/2304 [03:38<02:18,  6.39it/s]Visualizing group 3:  62%|██████▏   | 1418/2304 [03:38<02:16,  6.51it/s]Visualizing group 3:  62%|██████▏   | 1419/2304 [03:39<02:22,  6.23it/s]Visualizing group 3:  62%|██████▏   | 1420/2304 [03:39<02:19,  6.33it/s]Visualizing group 3:  62%|██████▏   | 1421/2304 [03:39<02:17,  6.41it/s]Visualizing group 3:  62%|██████▏   | 1422/2304 [03:39<02:20,  6.27it/s]Visualizing group 3:  62%|██████▏   | 1423/2304 [03:39<02:21,  6.25it/s]Visualizing group 3:  62%|██████▏   | 1424/2304 [03:39<02:18,  6.36it/s]Visualizing group 3:  62%|██████▏   | 1425/2304 [03:39<02:14,  6.51it/s]Visualizing group 3:  62%|██████▏   | 1426/2304 [03:40<02:14,  6.52it/s]Visualizing group 3:  62%|██████▏   | 1427/2304 [03:40<02:17,  6.40it/s]Visualizing group 3:  62%|██████▏   | 1428/2304 [03:40<02:16,  6.44it/s]Visualizing group 3:  62%|██████▏   | 1429/2304 [03:40<02:15,  6.48it/s]Visualizing group 3:  62%|██████▏   | 1430/2304 [03:40<02:21,  6.18it/s]Visualizing group 3:  62%|██████▏   | 1431/2304 [03:40<02:21,  6.16it/s]Visualizing group 3:  62%|██████▏   | 1432/2304 [03:41<02:18,  6.32it/s]Visualizing group 3:  62%|██████▏   | 1433/2304 [03:41<02:12,  6.56it/s]Visualizing group 3:  62%|██████▏   | 1434/2304 [03:41<02:12,  6.55it/s]Visualizing group 3:  62%|██████▏   | 1435/2304 [03:41<04:14,  3.41it/s]Visualizing group 3:  62%|██████▏   | 1436/2304 [03:42<03:36,  4.01it/s]Visualizing group 3:  62%|██████▏   | 1437/2304 [03:42<03:09,  4.58it/s]Visualizing group 3:  62%|██████▏   | 1438/2304 [03:42<02:52,  5.03it/s]Visualizing group 3:  62%|██████▏   | 1439/2304 [03:42<02:38,  5.47it/s]Visualizing group 3:  62%|██████▎   | 1440/2304 [03:42<02:27,  5.84it/s]Visualizing group 3:  63%|██████▎   | 1441/2304 [03:42<02:20,  6.13it/s]Visualizing group 3:  63%|██████▎   | 1442/2304 [03:42<02:16,  6.33it/s]Visualizing group 3:  63%|██████▎   | 1443/2304 [03:43<02:11,  6.55it/s]Visualizing group 3:  63%|██████▎   | 1444/2304 [03:43<02:16,  6.32it/s]Visualizing group 3:  63%|██████▎   | 1445/2304 [03:43<02:12,  6.50it/s]Visualizing group 3:  63%|██████▎   | 1446/2304 [03:43<02:11,  6.54it/s]Visualizing group 3:  63%|██████▎   | 1447/2304 [03:43<02:08,  6.68it/s]Visualizing group 3:  63%|██████▎   | 1448/2304 [03:43<02:08,  6.66it/s]Visualizing group 3:  63%|██████▎   | 1449/2304 [03:44<02:07,  6.73it/s]Visualizing group 3:  63%|██████▎   | 1450/2304 [03:44<02:10,  6.57it/s]Visualizing group 3:  63%|██████▎   | 1451/2304 [03:44<02:08,  6.66it/s]Visualizing group 3:  63%|██████▎   | 1452/2304 [03:44<02:07,  6.66it/s]Visualizing group 3:  63%|██████▎   | 1453/2304 [03:44<02:06,  6.72it/s]Visualizing group 3:  63%|██████▎   | 1454/2304 [03:44<02:05,  6.75it/s]Visualizing group 3:  63%|██████▎   | 1455/2304 [03:44<02:05,  6.76it/s]Visualizing group 3:  63%|██████▎   | 1456/2304 [03:45<02:07,  6.67it/s]Visualizing group 3:  63%|██████▎   | 1457/2304 [03:45<02:06,  6.71it/s]Visualizing group 3:  63%|██████▎   | 1458/2304 [03:45<02:09,  6.52it/s]Visualizing group 3:  63%|██████▎   | 1459/2304 [03:45<02:06,  6.66it/s]Visualizing group 3:  63%|██████▎   | 1460/2304 [03:45<02:07,  6.62it/s]Visualizing group 3:  63%|██████▎   | 1461/2304 [03:45<02:06,  6.65it/s]Visualizing group 3:  63%|██████▎   | 1462/2304 [03:45<02:06,  6.66it/s]Visualizing group 3:  63%|██████▎   | 1463/2304 [03:46<02:08,  6.56it/s]Visualizing group 3:  64%|██████▎   | 1464/2304 [03:46<02:03,  6.79it/s]Visualizing group 3:  64%|██████▎   | 1465/2304 [03:46<02:09,  6.50it/s]Visualizing group 3:  64%|██████▎   | 1466/2304 [03:46<02:05,  6.67it/s]Visualizing group 3:  64%|██████▎   | 1467/2304 [03:46<02:04,  6.71it/s]Visualizing group 3:  64%|██████▎   | 1468/2304 [03:46<02:02,  6.82it/s]Visualizing group 3:  64%|██████▍   | 1469/2304 [03:47<02:04,  6.73it/s]Visualizing group 3:  64%|██████▍   | 1470/2304 [03:47<02:06,  6.61it/s]Visualizing group 3:  64%|██████▍   | 1471/2304 [03:47<02:10,  6.38it/s]Visualizing group 3:  64%|██████▍   | 1472/2304 [03:47<02:09,  6.42it/s]Visualizing group 3:  64%|██████▍   | 1473/2304 [03:47<02:08,  6.47it/s]Visualizing group 3:  64%|██████▍   | 1474/2304 [03:47<02:10,  6.37it/s]Visualizing group 3:  64%|██████▍   | 1475/2304 [03:47<02:12,  6.26it/s]Visualizing group 3:  64%|██████▍   | 1476/2304 [03:48<02:09,  6.39it/s]Visualizing group 3:  64%|██████▍   | 1477/2304 [03:48<02:08,  6.44it/s]Visualizing group 3:  64%|██████▍   | 1478/2304 [03:48<02:05,  6.57it/s]Visualizing group 3:  64%|██████▍   | 1479/2304 [03:48<02:03,  6.66it/s]Visualizing group 3:  64%|██████▍   | 1480/2304 [03:48<02:02,  6.73it/s]Visualizing group 3:  64%|██████▍   | 1481/2304 [03:48<02:04,  6.61it/s]Visualizing group 3:  64%|██████▍   | 1482/2304 [03:49<02:03,  6.64it/s]Visualizing group 3:  64%|██████▍   | 1483/2304 [03:49<02:04,  6.60it/s]Visualizing group 3:  64%|██████▍   | 1484/2304 [03:49<02:02,  6.72it/s]Visualizing group 3:  64%|██████▍   | 1485/2304 [03:49<02:07,  6.43it/s]Visualizing group 3:  64%|██████▍   | 1486/2304 [03:49<02:04,  6.56it/s]Visualizing group 3:  65%|██████▍   | 1487/2304 [03:49<02:03,  6.61it/s]Visualizing group 3:  65%|██████▍   | 1488/2304 [03:49<02:02,  6.67it/s]Visualizing group 3:  65%|██████▍   | 1489/2304 [03:50<02:01,  6.71it/s]Visualizing group 3:  65%|██████▍   | 1490/2304 [03:50<02:00,  6.78it/s]Visualizing group 3:  65%|██████▍   | 1491/2304 [03:50<02:02,  6.66it/s]Visualizing group 3:  65%|██████▍   | 1492/2304 [03:50<02:00,  6.72it/s]Visualizing group 3:  65%|██████▍   | 1493/2304 [03:50<02:06,  6.40it/s]Visualizing group 3:  65%|██████▍   | 1494/2304 [03:50<02:05,  6.44it/s]Visualizing group 3:  65%|██████▍   | 1495/2304 [03:51<02:09,  6.23it/s]Visualizing group 3:  65%|██████▍   | 1496/2304 [03:51<02:09,  6.25it/s]Visualizing group 3:  65%|██████▍   | 1497/2304 [03:51<02:05,  6.42it/s]Visualizing group 3:  65%|██████▌   | 1498/2304 [03:51<02:03,  6.52it/s]Visualizing group 3:  65%|██████▌   | 1499/2304 [03:51<02:01,  6.64it/s]Visualizing group 3:  65%|██████▌   | 1500/2304 [03:51<02:02,  6.59it/s]Visualizing group 3:  65%|██████▌   | 1501/2304 [03:51<01:59,  6.74it/s]Visualizing group 3:  65%|██████▌   | 1502/2304 [03:52<01:59,  6.70it/s]Visualizing group 3:  65%|██████▌   | 1503/2304 [03:52<01:59,  6.70it/s]Visualizing group 3:  65%|██████▌   | 1504/2304 [03:52<02:02,  6.50it/s]Visualizing group 3:  65%|██████▌   | 1505/2304 [03:52<01:59,  6.67it/s]Visualizing group 3:  65%|██████▌   | 1506/2304 [03:52<02:13,  5.99it/s]Visualizing group 3:  65%|██████▌   | 1507/2304 [03:52<02:08,  6.21it/s]Visualizing group 3:  65%|██████▌   | 1508/2304 [03:53<02:20,  5.68it/s]Visualizing group 3:  65%|██████▌   | 1509/2304 [03:53<02:17,  5.79it/s]Visualizing group 3:  66%|██████▌   | 1510/2304 [03:53<02:09,  6.14it/s]Visualizing group 3:  66%|██████▌   | 1511/2304 [03:53<02:06,  6.28it/s]Visualizing group 3:  66%|██████▌   | 1512/2304 [03:53<02:50,  4.64it/s]Visualizing group 3:  66%|██████▌   | 1513/2304 [03:54<02:35,  5.10it/s]Visualizing group 3:  66%|██████▌   | 1514/2304 [03:54<02:23,  5.50it/s]Visualizing group 3:  66%|██████▌   | 1515/2304 [03:54<02:15,  5.84it/s]Visualizing group 3:  66%|██████▌   | 1516/2304 [03:54<02:09,  6.10it/s]Visualizing group 3:  66%|██████▌   | 1517/2304 [03:54<02:08,  6.13it/s]Visualizing group 3:  66%|██████▌   | 1518/2304 [03:54<02:12,  5.92it/s]Visualizing group 3:  66%|██████▌   | 1519/2304 [03:55<02:36,  5.03it/s]Visualizing group 3:  66%|██████▌   | 1520/2304 [03:55<02:24,  5.42it/s]Visualizing group 3:  66%|██████▌   | 1521/2304 [03:55<02:27,  5.30it/s]Visualizing group 3:  66%|██████▌   | 1522/2304 [03:55<02:18,  5.66it/s]Visualizing group 3:  66%|██████▌   | 1523/2304 [03:55<02:11,  5.94it/s]Visualizing group 3:  66%|██████▌   | 1524/2304 [03:55<02:06,  6.18it/s]Visualizing group 3:  66%|██████▌   | 1525/2304 [03:56<02:01,  6.39it/s]Visualizing group 3:  66%|██████▌   | 1526/2304 [03:56<02:00,  6.46it/s]Visualizing group 3:  66%|██████▋   | 1527/2304 [03:56<01:59,  6.52it/s]Visualizing group 3:  66%|██████▋   | 1528/2304 [03:56<01:56,  6.64it/s]Visualizing group 3:  66%|██████▋   | 1529/2304 [03:56<01:55,  6.70it/s]Visualizing group 3:  66%|██████▋   | 1530/2304 [03:56<01:55,  6.70it/s]Visualizing group 3:  66%|██████▋   | 1531/2304 [03:56<01:53,  6.78it/s]Visualizing group 3:  66%|██████▋   | 1532/2304 [03:57<01:55,  6.66it/s]Visualizing group 3:  67%|██████▋   | 1533/2304 [03:57<01:55,  6.69it/s]Visualizing group 3:  67%|██████▋   | 1534/2304 [03:57<02:05,  6.12it/s]Visualizing group 3:  67%|██████▋   | 1535/2304 [03:57<02:03,  6.21it/s]Visualizing group 3:  67%|██████▋   | 1536/2304 [03:57<02:01,  6.32it/s]Visualizing group 3:  67%|██████▋   | 1537/2304 [03:57<02:04,  6.15it/s]Visualizing group 3:  67%|██████▋   | 1538/2304 [03:58<02:02,  6.25it/s]Visualizing group 3:  67%|██████▋   | 1539/2304 [03:58<01:58,  6.46it/s]Visualizing group 3:  67%|██████▋   | 1540/2304 [03:58<01:55,  6.60it/s]Visualizing group 3:  67%|██████▋   | 1541/2304 [03:58<01:54,  6.66it/s]Visualizing group 3:  67%|██████▋   | 1542/2304 [03:58<01:54,  6.66it/s]Visualizing group 3:  67%|██████▋   | 1543/2304 [03:58<01:53,  6.71it/s]Visualizing group 3:  67%|██████▋   | 1544/2304 [03:58<01:52,  6.74it/s]Visualizing group 3:  67%|██████▋   | 1545/2304 [03:59<01:52,  6.76it/s]Visualizing group 3:  67%|██████▋   | 1546/2304 [03:59<01:52,  6.72it/s]Visualizing group 3:  67%|██████▋   | 1547/2304 [03:59<01:55,  6.55it/s]Visualizing group 3:  67%|██████▋   | 1548/2304 [03:59<01:52,  6.71it/s]Visualizing group 3:  67%|██████▋   | 1549/2304 [03:59<01:54,  6.61it/s]Visualizing group 3:  67%|██████▋   | 1550/2304 [03:59<01:52,  6.70it/s]Visualizing group 3:  67%|██████▋   | 1551/2304 [03:59<01:50,  6.80it/s]Visualizing group 3:  67%|██████▋   | 1552/2304 [04:00<01:50,  6.82it/s]Visualizing group 3:  67%|██████▋   | 1553/2304 [04:00<01:54,  6.57it/s]Visualizing group 3:  67%|██████▋   | 1554/2304 [04:00<01:52,  6.70it/s]Visualizing group 3:  67%|██████▋   | 1555/2304 [04:00<01:52,  6.65it/s]Visualizing group 3:  68%|██████▊   | 1556/2304 [04:00<01:51,  6.68it/s]Visualizing group 3:  68%|██████▊   | 1557/2304 [04:00<01:50,  6.74it/s]Visualizing group 3:  68%|██████▊   | 1558/2304 [04:01<01:50,  6.74it/s]Visualizing group 3:  68%|██████▊   | 1559/2304 [04:01<01:51,  6.67it/s]Visualizing group 3:  68%|██████▊   | 1560/2304 [04:01<01:51,  6.66it/s]Visualizing group 3:  68%|██████▊   | 1561/2304 [04:01<03:04,  4.02it/s]Visualizing group 3:  68%|██████▊   | 1562/2304 [04:01<02:41,  4.61it/s]Visualizing group 3:  68%|██████▊   | 1563/2304 [04:02<02:33,  4.83it/s]Visualizing group 3:  68%|██████▊   | 1564/2304 [04:02<02:21,  5.24it/s]Visualizing group 3:  68%|██████▊   | 1565/2304 [04:02<02:10,  5.64it/s]Visualizing group 3:  68%|██████▊   | 1566/2304 [04:02<02:05,  5.88it/s]Visualizing group 3:  68%|██████▊   | 1567/2304 [04:02<01:58,  6.21it/s]Visualizing group 3:  68%|██████▊   | 1568/2304 [04:02<01:58,  6.19it/s]Visualizing group 3:  68%|██████▊   | 1569/2304 [04:03<01:55,  6.38it/s]Visualizing group 3:  68%|██████▊   | 1570/2304 [04:03<01:55,  6.38it/s]Visualizing group 3:  68%|██████▊   | 1571/2304 [04:03<01:52,  6.53it/s]Visualizing group 3:  68%|██████▊   | 1572/2304 [04:03<01:51,  6.57it/s]Visualizing group 3:  68%|██████▊   | 1573/2304 [04:03<01:53,  6.41it/s]Visualizing group 3:  68%|██████▊   | 1574/2304 [04:03<01:52,  6.51it/s]Visualizing group 3:  68%|██████▊   | 1575/2304 [04:03<01:51,  6.54it/s]Visualizing group 3:  68%|██████▊   | 1576/2304 [04:04<01:49,  6.65it/s]Visualizing group 3:  68%|██████▊   | 1577/2304 [04:04<01:48,  6.68it/s]Visualizing group 3:  68%|██████▊   | 1578/2304 [04:04<01:48,  6.71it/s]Visualizing group 3:  69%|██████▊   | 1579/2304 [04:04<01:51,  6.49it/s]Visualizing group 3:  69%|██████▊   | 1580/2304 [04:04<01:49,  6.64it/s]Visualizing group 3:  69%|██████▊   | 1581/2304 [04:04<01:48,  6.66it/s]Visualizing group 3:  69%|██████▊   | 1582/2304 [04:05<01:54,  6.32it/s]Visualizing group 3:  69%|██████▊   | 1583/2304 [04:05<01:52,  6.40it/s]Visualizing group 3:  69%|██████▉   | 1584/2304 [04:05<01:52,  6.43it/s]Visualizing group 3:  69%|██████▉   | 1585/2304 [04:05<01:52,  6.41it/s]Visualizing group 3:  69%|██████▉   | 1586/2304 [04:05<01:51,  6.42it/s]Visualizing group 3:  69%|██████▉   | 1587/2304 [04:05<01:51,  6.45it/s]Visualizing group 3:  69%|██████▉   | 1588/2304 [04:05<01:56,  6.12it/s]Visualizing group 3:  69%|██████▉   | 1589/2304 [04:06<01:54,  6.24it/s]Visualizing group 3:  69%|██████▉   | 1590/2304 [04:06<01:53,  6.29it/s]Visualizing group 3:  69%|██████▉   | 1591/2304 [04:06<01:53,  6.27it/s]Visualizing group 3:  69%|██████▉   | 1592/2304 [04:06<01:50,  6.42it/s]Visualizing group 3:  69%|██████▉   | 1593/2304 [04:06<01:50,  6.45it/s]Visualizing group 3:  69%|██████▉   | 1594/2304 [04:06<01:50,  6.44it/s]Visualizing group 3:  69%|██████▉   | 1595/2304 [04:07<01:54,  6.17it/s]Visualizing group 3:  69%|██████▉   | 1596/2304 [04:07<01:53,  6.24it/s]Visualizing group 3:  69%|██████▉   | 1597/2304 [04:07<01:52,  6.30it/s]Visualizing group 3:  69%|██████▉   | 1598/2304 [04:07<01:50,  6.39it/s]Visualizing group 3:  69%|██████▉   | 1599/2304 [04:07<01:55,  6.11it/s]Visualizing group 3:  69%|██████▉   | 1600/2304 [04:07<01:55,  6.07it/s]Visualizing group 3:  69%|██████▉   | 1601/2304 [04:08<01:51,  6.32it/s]Visualizing group 3:  70%|██████▉   | 1602/2304 [04:08<01:49,  6.39it/s]Visualizing group 3:  70%|██████▉   | 1603/2304 [04:08<01:50,  6.35it/s]Visualizing group 3:  70%|██████▉   | 1604/2304 [04:08<01:45,  6.62it/s]Visualizing group 3:  70%|██████▉   | 1605/2304 [04:08<01:50,  6.34it/s]Visualizing group 3:  70%|██████▉   | 1606/2304 [04:08<01:47,  6.47it/s]Visualizing group 3:  70%|██████▉   | 1607/2304 [04:08<01:54,  6.10it/s]Visualizing group 3:  70%|██████▉   | 1608/2304 [04:09<01:49,  6.37it/s]Visualizing group 3:  70%|██████▉   | 1609/2304 [04:09<01:47,  6.48it/s]Visualizing group 3:  70%|██████▉   | 1610/2304 [04:09<01:45,  6.58it/s]Visualizing group 3:  70%|██████▉   | 1611/2304 [04:09<01:47,  6.44it/s]Visualizing group 3:  70%|██████▉   | 1612/2304 [04:09<01:45,  6.55it/s]Visualizing group 3:  70%|███████   | 1613/2304 [04:09<01:44,  6.63it/s]Visualizing group 3:  70%|███████   | 1614/2304 [04:10<01:43,  6.65it/s]Visualizing group 3:  70%|███████   | 1615/2304 [04:10<01:45,  6.54it/s]Visualizing group 3:  70%|███████   | 1616/2304 [04:10<01:43,  6.65it/s]Visualizing group 3:  70%|███████   | 1617/2304 [04:10<01:43,  6.63it/s]Visualizing group 3:  70%|███████   | 1618/2304 [04:10<01:42,  6.71it/s]Visualizing group 3:  70%|███████   | 1619/2304 [04:10<01:43,  6.61it/s]Visualizing group 3:  70%|███████   | 1620/2304 [04:10<01:44,  6.57it/s]Visualizing group 3:  70%|███████   | 1621/2304 [04:11<01:42,  6.65it/s]Visualizing group 3:  70%|███████   | 1622/2304 [04:11<01:43,  6.57it/s]Visualizing group 3:  70%|███████   | 1623/2304 [04:11<01:41,  6.68it/s]Visualizing group 3:  70%|███████   | 1624/2304 [04:11<01:40,  6.75it/s]Visualizing group 3:  71%|███████   | 1625/2304 [04:11<01:42,  6.65it/s]Visualizing group 3:  71%|███████   | 1626/2304 [04:11<01:41,  6.70it/s]Visualizing group 3:  71%|███████   | 1627/2304 [04:11<01:40,  6.74it/s]Visualizing group 3:  71%|███████   | 1628/2304 [04:12<01:39,  6.79it/s]Visualizing group 3:  71%|███████   | 1629/2304 [04:12<02:05,  5.36it/s]Visualizing group 3:  71%|███████   | 1630/2304 [04:12<01:54,  5.87it/s]Visualizing group 3:  71%|███████   | 1631/2304 [04:12<01:52,  5.96it/s]Visualizing group 3:  71%|███████   | 1632/2304 [04:12<01:49,  6.14it/s]Visualizing group 3:  71%|███████   | 1633/2304 [04:13<01:46,  6.30it/s]Visualizing group 3:  71%|███████   | 1634/2304 [04:13<01:45,  6.34it/s]Visualizing group 3:  71%|███████   | 1635/2304 [04:13<01:42,  6.53it/s]Visualizing group 3:  71%|███████   | 1636/2304 [04:13<01:39,  6.70it/s]Visualizing group 3:  71%|███████   | 1637/2304 [04:13<01:38,  6.75it/s]Visualizing group 3:  71%|███████   | 1638/2304 [04:13<01:37,  6.80it/s]Visualizing group 3:  71%|███████   | 1639/2304 [04:13<01:42,  6.46it/s]Visualizing group 3:  71%|███████   | 1640/2304 [04:14<01:39,  6.66it/s]Visualizing group 3:  71%|███████   | 1641/2304 [04:14<01:38,  6.72it/s]Visualizing group 3:  71%|███████▏  | 1642/2304 [04:14<01:36,  6.86it/s]Visualizing group 3:  71%|███████▏  | 1643/2304 [04:14<01:38,  6.73it/s]Visualizing group 3:  71%|███████▏  | 1644/2304 [04:14<01:39,  6.67it/s]Visualizing group 3:  71%|███████▏  | 1645/2304 [04:14<01:39,  6.64it/s]Visualizing group 3:  71%|███████▏  | 1646/2304 [04:14<01:38,  6.65it/s]Visualizing group 3:  71%|███████▏  | 1647/2304 [04:15<01:37,  6.76it/s]Visualizing group 3:  72%|███████▏  | 1648/2304 [04:15<01:37,  6.75it/s]Visualizing group 3:  72%|███████▏  | 1649/2304 [04:15<01:38,  6.66it/s]Visualizing group 3:  72%|███████▏  | 1650/2304 [04:15<01:36,  6.74it/s]Visualizing group 3:  72%|███████▏  | 1651/2304 [04:15<01:39,  6.59it/s]Visualizing group 3:  72%|███████▏  | 1652/2304 [04:15<01:37,  6.68it/s]Visualizing group 3:  72%|███████▏  | 1653/2304 [04:15<01:38,  6.63it/s]Visualizing group 3:  72%|███████▏  | 1654/2304 [04:16<01:44,  6.21it/s]Visualizing group 3:  72%|███████▏  | 1655/2304 [04:16<01:43,  6.26it/s]Visualizing group 3:  72%|███████▏  | 1656/2304 [04:16<01:43,  6.29it/s]Visualizing group 3:  72%|███████▏  | 1657/2304 [04:16<01:40,  6.43it/s]Visualizing group 3:  72%|███████▏  | 1658/2304 [04:16<01:40,  6.46it/s]Visualizing group 3:  72%|███████▏  | 1659/2304 [04:16<01:40,  6.43it/s]Visualizing group 3:  72%|███████▏  | 1660/2304 [04:17<01:38,  6.52it/s]Visualizing group 3:  72%|███████▏  | 1661/2304 [04:17<01:37,  6.62it/s]Visualizing group 3:  72%|███████▏  | 1662/2304 [04:17<01:37,  6.58it/s]Visualizing group 3:  72%|███████▏  | 1663/2304 [04:17<01:37,  6.60it/s]Visualizing group 3:  72%|███████▏  | 1664/2304 [04:17<01:38,  6.49it/s]Visualizing group 3:  72%|███████▏  | 1665/2304 [04:17<01:38,  6.50it/s]Visualizing group 3:  72%|███████▏  | 1666/2304 [04:18<01:38,  6.51it/s]Visualizing group 3:  72%|███████▏  | 1667/2304 [04:18<01:41,  6.29it/s]Visualizing group 3:  72%|███████▏  | 1668/2304 [04:18<01:42,  6.22it/s]Visualizing group 3:  72%|███████▏  | 1669/2304 [04:18<01:39,  6.38it/s]Visualizing group 3:  72%|███████▏  | 1670/2304 [04:18<01:36,  6.54it/s]Visualizing group 3:  73%|███████▎  | 1671/2304 [04:18<01:37,  6.46it/s]Visualizing group 3:  73%|███████▎  | 1672/2304 [04:18<01:37,  6.50it/s]Visualizing group 3:  73%|███████▎  | 1673/2304 [04:19<01:35,  6.59it/s]Visualizing group 3:  73%|███████▎  | 1674/2304 [04:19<01:35,  6.57it/s]Visualizing group 3:  73%|███████▎  | 1675/2304 [04:19<01:38,  6.40it/s]Visualizing group 3:  73%|███████▎  | 1676/2304 [04:19<01:44,  6.01it/s]Visualizing group 3:  73%|███████▎  | 1677/2304 [04:19<01:42,  6.13it/s]Visualizing group 3:  73%|███████▎  | 1678/2304 [04:19<01:40,  6.23it/s]Visualizing group 3:  73%|███████▎  | 1679/2304 [04:20<01:37,  6.38it/s]Visualizing group 3:  73%|███████▎  | 1680/2304 [04:20<01:42,  6.07it/s]Visualizing group 3:  73%|███████▎  | 1681/2304 [04:20<01:38,  6.32it/s]Visualizing group 3:  73%|███████▎  | 1682/2304 [04:20<01:37,  6.37it/s]Visualizing group 3:  73%|███████▎  | 1683/2304 [04:20<01:37,  6.38it/s]Visualizing group 3:  73%|███████▎  | 1684/2304 [04:20<01:34,  6.59it/s]Visualizing group 3:  73%|███████▎  | 1685/2304 [04:20<01:35,  6.51it/s]Visualizing group 3:  73%|███████▎  | 1686/2304 [04:21<01:32,  6.68it/s]Visualizing group 3:  73%|███████▎  | 1687/2304 [04:21<01:32,  6.64it/s]Visualizing group 3:  73%|███████▎  | 1688/2304 [04:21<01:32,  6.67it/s]Visualizing group 3:  73%|███████▎  | 1689/2304 [04:21<01:32,  6.62it/s]Visualizing group 3:  73%|███████▎  | 1690/2304 [04:21<01:32,  6.61it/s]Visualizing group 3:  73%|███████▎  | 1691/2304 [04:21<01:31,  6.70it/s]Visualizing group 3:  73%|███████▎  | 1692/2304 [04:22<01:31,  6.68it/s]Visualizing group 3:  73%|███████▎  | 1693/2304 [04:22<01:39,  6.15it/s]Visualizing group 3:  74%|███████▎  | 1694/2304 [04:22<01:38,  6.17it/s]Visualizing group 3:  74%|███████▎  | 1695/2304 [04:22<01:35,  6.35it/s]Visualizing group 3:  74%|███████▎  | 1696/2304 [04:22<01:35,  6.36it/s]Visualizing group 3:  74%|███████▎  | 1697/2304 [04:22<01:33,  6.51it/s]Visualizing group 3:  74%|███████▎  | 1698/2304 [04:22<01:33,  6.51it/s]Visualizing group 3:  74%|███████▎  | 1699/2304 [04:23<01:30,  6.66it/s]Visualizing group 3:  74%|███████▍  | 1700/2304 [04:23<01:30,  6.66it/s]Visualizing group 3:  74%|███████▍  | 1701/2304 [04:23<01:30,  6.70it/s]Visualizing group 3:  74%|███████▍  | 1702/2304 [04:23<01:30,  6.66it/s]Visualizing group 3:  74%|███████▍  | 1703/2304 [04:23<01:30,  6.64it/s]Visualizing group 3:  74%|███████▍  | 1704/2304 [04:23<01:31,  6.56it/s]Visualizing group 3:  74%|███████▍  | 1705/2304 [04:24<01:29,  6.67it/s]Visualizing group 3:  74%|███████▍  | 1706/2304 [04:24<01:29,  6.70it/s]Visualizing group 3:  74%|███████▍  | 1707/2304 [04:24<01:33,  6.40it/s]Visualizing group 3:  74%|███████▍  | 1708/2304 [04:24<01:30,  6.60it/s]Visualizing group 3:  74%|███████▍  | 1709/2304 [04:24<01:29,  6.67it/s]Visualizing group 3:  74%|███████▍  | 1710/2304 [04:24<01:27,  6.77it/s]Visualizing group 3:  74%|███████▍  | 1711/2304 [04:24<01:28,  6.73it/s]Visualizing group 3:  74%|███████▍  | 1712/2304 [04:25<01:27,  6.74it/s]Visualizing group 3:  74%|███████▍  | 1713/2304 [04:25<01:27,  6.75it/s]Visualizing group 3:  74%|███████▍  | 1714/2304 [04:25<01:30,  6.55it/s]Visualizing group 3:  74%|███████▍  | 1715/2304 [04:25<01:27,  6.76it/s]Visualizing group 3:  74%|███████▍  | 1716/2304 [04:25<01:27,  6.68it/s]Visualizing group 3:  75%|███████▍  | 1717/2304 [04:25<01:26,  6.78it/s]Visualizing group 3:  75%|███████▍  | 1718/2304 [04:25<01:28,  6.63it/s]Visualizing group 3:  75%|███████▍  | 1719/2304 [04:26<01:26,  6.73it/s]Visualizing group 3:  75%|███████▍  | 1720/2304 [04:26<01:31,  6.41it/s]Visualizing group 3:  75%|███████▍  | 1721/2304 [04:26<01:28,  6.56it/s]Visualizing group 3:  75%|███████▍  | 1722/2304 [04:26<01:28,  6.59it/s]Visualizing group 3:  75%|███████▍  | 1723/2304 [04:26<01:26,  6.69it/s]Visualizing group 3:  75%|███████▍  | 1724/2304 [04:26<01:25,  6.76it/s]Visualizing group 3:  75%|███████▍  | 1725/2304 [04:27<01:27,  6.63it/s]Visualizing group 3:  75%|███████▍  | 1726/2304 [04:27<01:26,  6.70it/s]Visualizing group 3:  75%|███████▍  | 1727/2304 [04:27<01:26,  6.67it/s]Visualizing group 3:  75%|███████▌  | 1728/2304 [04:27<01:27,  6.61it/s]Visualizing group 3:  75%|███████▌  | 1729/2304 [04:27<01:25,  6.70it/s]Visualizing group 3:  75%|███████▌  | 1730/2304 [04:27<01:24,  6.82it/s]Visualizing group 3:  75%|███████▌  | 1731/2304 [04:27<01:24,  6.79it/s]Visualizing group 3:  75%|███████▌  | 1732/2304 [04:28<01:26,  6.64it/s]Visualizing group 3:  75%|███████▌  | 1733/2304 [04:28<01:25,  6.71it/s]Visualizing group 3:  75%|███████▌  | 1734/2304 [04:28<01:25,  6.70it/s]Visualizing group 3:  75%|███████▌  | 1735/2304 [04:28<01:24,  6.73it/s]Visualizing group 3:  75%|███████▌  | 1736/2304 [04:28<01:26,  6.55it/s]Visualizing group 3:  75%|███████▌  | 1737/2304 [04:28<01:25,  6.63it/s]Visualizing group 3:  75%|███████▌  | 1738/2304 [04:28<01:25,  6.62it/s]Visualizing group 3:  75%|███████▌  | 1739/2304 [04:29<01:43,  5.48it/s]Visualizing group 3:  76%|███████▌  | 1740/2304 [04:29<01:37,  5.81it/s]Visualizing group 3:  76%|███████▌  | 1741/2304 [04:29<01:32,  6.11it/s]Visualizing group 3:  76%|███████▌  | 1742/2304 [04:29<01:30,  6.18it/s]Visualizing group 3:  76%|███████▌  | 1743/2304 [04:29<01:28,  6.32it/s]Visualizing group 3:  76%|███████▌  | 1744/2304 [04:29<01:27,  6.39it/s]Visualizing group 3:  76%|███████▌  | 1745/2304 [04:30<01:27,  6.41it/s]Visualizing group 3:  76%|███████▌  | 1746/2304 [04:30<01:26,  6.44it/s]Visualizing group 3:  76%|███████▌  | 1747/2304 [04:30<01:25,  6.51it/s]Visualizing group 3:  76%|███████▌  | 1748/2304 [04:30<01:32,  6.03it/s]Visualizing group 3:  76%|███████▌  | 1749/2304 [04:30<01:30,  6.13it/s]Visualizing group 3:  76%|███████▌  | 1750/2304 [04:30<01:28,  6.27it/s]Visualizing group 3:  76%|███████▌  | 1751/2304 [04:31<01:26,  6.37it/s]Visualizing group 3:  76%|███████▌  | 1752/2304 [04:31<01:25,  6.43it/s]Visualizing group 3:  76%|███████▌  | 1753/2304 [04:31<01:27,  6.32it/s]Visualizing group 3:  76%|███████▌  | 1754/2304 [04:31<01:26,  6.38it/s]Visualizing group 3:  76%|███████▌  | 1755/2304 [04:31<01:24,  6.49it/s]Visualizing group 3:  76%|███████▌  | 1756/2304 [04:31<01:25,  6.43it/s]Visualizing group 3:  76%|███████▋  | 1757/2304 [04:32<01:22,  6.61it/s]Visualizing group 3:  76%|███████▋  | 1758/2304 [04:32<01:24,  6.43it/s]Visualizing group 3:  76%|███████▋  | 1759/2304 [04:32<01:21,  6.66it/s]Visualizing group 3:  76%|███████▋  | 1760/2304 [04:32<01:24,  6.41it/s]Visualizing group 3:  76%|███████▋  | 1761/2304 [04:32<01:23,  6.49it/s]Visualizing group 3:  76%|███████▋  | 1762/2304 [04:32<01:22,  6.60it/s]Visualizing group 3:  77%|███████▋  | 1763/2304 [04:32<01:21,  6.62it/s]Visualizing group 3:  77%|███████▋  | 1764/2304 [04:33<01:21,  6.66it/s]Visualizing group 3:  77%|███████▋  | 1765/2304 [04:33<01:20,  6.70it/s]Visualizing group 3:  77%|███████▋  | 1766/2304 [04:33<01:23,  6.48it/s]Visualizing group 3:  77%|███████▋  | 1767/2304 [04:33<01:21,  6.62it/s]Visualizing group 3:  77%|███████▋  | 1768/2304 [04:33<01:20,  6.65it/s]Visualizing group 3:  77%|███████▋  | 1769/2304 [04:33<01:19,  6.71it/s]Visualizing group 3:  77%|███████▋  | 1770/2304 [04:33<01:19,  6.75it/s]Visualizing group 3:  77%|███████▋  | 1771/2304 [04:34<01:17,  6.84it/s]Visualizing group 3:  77%|███████▋  | 1772/2304 [04:34<01:19,  6.72it/s]Visualizing group 3:  77%|███████▋  | 1773/2304 [04:34<01:19,  6.72it/s]Visualizing group 3:  77%|███████▋  | 1774/2304 [04:34<01:21,  6.54it/s]Visualizing group 3:  77%|███████▋  | 1775/2304 [04:34<01:19,  6.65it/s]Visualizing group 3:  77%|███████▋  | 1776/2304 [04:34<01:21,  6.45it/s]Visualizing group 3:  77%|███████▋  | 1777/2304 [04:35<01:19,  6.59it/s]Visualizing group 3:  77%|███████▋  | 1778/2304 [04:35<01:18,  6.71it/s]Visualizing group 3:  77%|███████▋  | 1779/2304 [04:35<01:17,  6.78it/s]Visualizing group 3:  77%|███████▋  | 1780/2304 [04:35<01:19,  6.61it/s]Visualizing group 3:  77%|███████▋  | 1781/2304 [04:35<01:19,  6.55it/s]Visualizing group 3:  77%|███████▋  | 1782/2304 [04:35<01:18,  6.61it/s]Visualizing group 3:  77%|███████▋  | 1783/2304 [04:35<01:17,  6.70it/s]Visualizing group 3:  77%|███████▋  | 1784/2304 [04:36<01:16,  6.80it/s]Visualizing group 3:  77%|███████▋  | 1785/2304 [04:36<01:16,  6.77it/s]Visualizing group 3:  78%|███████▊  | 1786/2304 [04:36<01:15,  6.84it/s]Visualizing group 3:  78%|███████▊  | 1787/2304 [04:36<01:20,  6.43it/s]Visualizing group 3:  78%|███████▊  | 1788/2304 [04:36<01:23,  6.19it/s]Visualizing group 3:  78%|███████▊  | 1789/2304 [04:36<01:22,  6.27it/s]Visualizing group 3:  78%|███████▊  | 1790/2304 [04:37<01:25,  6.01it/s]Visualizing group 3:  78%|███████▊  | 1791/2304 [04:37<01:23,  6.14it/s]Visualizing group 3:  78%|███████▊  | 1792/2304 [04:37<01:23,  6.15it/s]Visualizing group 3:  78%|███████▊  | 1793/2304 [04:37<01:22,  6.19it/s]Visualizing group 3:  78%|███████▊  | 1794/2304 [04:37<01:22,  6.22it/s]Visualizing group 3:  78%|███████▊  | 1795/2304 [04:37<01:20,  6.35it/s]Visualizing group 3:  78%|███████▊  | 1796/2304 [04:38<01:18,  6.48it/s]Visualizing group 3:  78%|███████▊  | 1797/2304 [04:38<01:17,  6.50it/s]Visualizing group 3:  78%|███████▊  | 1798/2304 [04:38<01:16,  6.64it/s]Visualizing group 3:  78%|███████▊  | 1799/2304 [04:38<01:14,  6.74it/s]Visualizing group 3:  78%|███████▊  | 1800/2304 [04:38<01:15,  6.65it/s]Visualizing group 3:  78%|███████▊  | 1801/2304 [04:38<01:16,  6.53it/s]Visualizing group 3:  78%|███████▊  | 1802/2304 [04:38<01:19,  6.33it/s]Visualizing group 3:  78%|███████▊  | 1803/2304 [04:39<01:19,  6.27it/s]Visualizing group 3:  78%|███████▊  | 1804/2304 [04:39<01:17,  6.46it/s]Visualizing group 3:  78%|███████▊  | 1805/2304 [04:39<01:19,  6.29it/s]Visualizing group 3:  78%|███████▊  | 1806/2304 [04:39<01:17,  6.46it/s]Visualizing group 3:  78%|███████▊  | 1807/2304 [04:39<01:15,  6.56it/s]Visualizing group 3:  78%|███████▊  | 1808/2304 [04:39<01:14,  6.62it/s]Visualizing group 3:  79%|███████▊  | 1809/2304 [04:40<01:19,  6.19it/s]Visualizing group 3:  79%|███████▊  | 1810/2304 [04:40<01:19,  6.22it/s]Visualizing group 3:  79%|███████▊  | 1811/2304 [04:40<01:16,  6.47it/s]Visualizing group 3:  79%|███████▊  | 1812/2304 [04:40<01:17,  6.33it/s]Visualizing group 3:  79%|███████▊  | 1813/2304 [04:40<01:15,  6.46it/s]Visualizing group 3:  79%|███████▊  | 1814/2304 [04:40<01:14,  6.56it/s]Visualizing group 3:  79%|███████▉  | 1815/2304 [04:40<01:17,  6.33it/s]Visualizing group 3:  79%|███████▉  | 1816/2304 [04:41<01:14,  6.55it/s]Visualizing group 3:  79%|███████▉  | 1817/2304 [04:41<01:15,  6.47it/s]Visualizing group 3:  79%|███████▉  | 1818/2304 [04:41<01:13,  6.59it/s]Visualizing group 3:  79%|███████▉  | 1819/2304 [04:41<01:12,  6.69it/s]Visualizing group 3:  79%|███████▉  | 1820/2304 [04:41<01:12,  6.67it/s]Visualizing group 3:  79%|███████▉  | 1821/2304 [04:41<01:11,  6.80it/s]Visualizing group 3:  79%|███████▉  | 1822/2304 [04:41<01:11,  6.76it/s]Visualizing group 3:  79%|███████▉  | 1823/2304 [04:42<01:13,  6.57it/s]Visualizing group 3:  79%|███████▉  | 1824/2304 [04:42<01:11,  6.68it/s]Visualizing group 3:  79%|███████▉  | 1825/2304 [04:42<01:13,  6.56it/s]Visualizing group 3:  79%|███████▉  | 1826/2304 [04:42<01:13,  6.54it/s]Visualizing group 3:  79%|███████▉  | 1827/2304 [04:42<01:15,  6.34it/s]Visualizing group 3:  79%|███████▉  | 1828/2304 [04:42<01:14,  6.43it/s]Visualizing group 3:  79%|███████▉  | 1829/2304 [04:43<01:14,  6.41it/s]Visualizing group 3:  79%|███████▉  | 1830/2304 [04:43<01:12,  6.49it/s]Visualizing group 3:  79%|███████▉  | 1831/2304 [04:43<01:13,  6.42it/s]Visualizing group 3:  80%|███████▉  | 1832/2304 [04:43<01:12,  6.50it/s]Visualizing group 3:  80%|███████▉  | 1833/2304 [04:43<01:12,  6.53it/s]Visualizing group 3:  80%|███████▉  | 1834/2304 [04:43<01:10,  6.65it/s]Visualizing group 3:  80%|███████▉  | 1835/2304 [04:43<01:11,  6.55it/s]Visualizing group 3:  80%|███████▉  | 1836/2304 [04:44<01:09,  6.70it/s]Visualizing group 3:  80%|███████▉  | 1837/2304 [04:44<01:12,  6.42it/s]Visualizing group 3:  80%|███████▉  | 1838/2304 [04:44<01:10,  6.62it/s]Visualizing group 3:  80%|███████▉  | 1839/2304 [04:44<01:09,  6.71it/s]Visualizing group 3:  80%|███████▉  | 1840/2304 [04:44<01:10,  6.55it/s]Visualizing group 3:  80%|███████▉  | 1841/2304 [04:44<01:13,  6.29it/s]Visualizing group 3:  80%|███████▉  | 1842/2304 [04:45<01:13,  6.28it/s]Visualizing group 3:  80%|███████▉  | 1843/2304 [04:45<01:11,  6.45it/s]Visualizing group 3:  80%|████████  | 1844/2304 [04:45<01:11,  6.44it/s]Visualizing group 3:  80%|████████  | 1845/2304 [04:45<01:10,  6.52it/s]Visualizing group 3:  80%|████████  | 1846/2304 [04:45<01:09,  6.55it/s]Visualizing group 3:  80%|████████  | 1847/2304 [04:45<01:13,  6.20it/s]Visualizing group 3:  80%|████████  | 1848/2304 [04:46<01:14,  6.13it/s]Visualizing group 3:  80%|████████  | 1849/2304 [04:46<01:32,  4.94it/s]Visualizing group 3:  80%|████████  | 1850/2304 [04:46<01:26,  5.22it/s]Visualizing group 3:  80%|████████  | 1851/2304 [04:46<01:21,  5.54it/s]Visualizing group 3:  80%|████████  | 1852/2304 [04:46<01:18,  5.76it/s]Visualizing group 3:  80%|████████  | 1853/2304 [04:46<01:14,  6.01it/s]Visualizing group 3:  80%|████████  | 1854/2304 [04:47<01:10,  6.34it/s]Visualizing group 3:  81%|████████  | 1855/2304 [04:47<01:09,  6.44it/s]Visualizing group 3:  81%|████████  | 1856/2304 [04:47<01:10,  6.38it/s]Visualizing group 3:  81%|████████  | 1857/2304 [04:47<01:07,  6.58it/s]Visualizing group 3:  81%|████████  | 1858/2304 [04:47<01:08,  6.55it/s]Visualizing group 3:  81%|████████  | 1859/2304 [04:47<01:08,  6.51it/s]Visualizing group 3:  81%|████████  | 1860/2304 [04:48<01:07,  6.62it/s]Visualizing group 3:  81%|████████  | 1861/2304 [04:48<01:05,  6.81it/s]Visualizing group 3:  81%|████████  | 1862/2304 [04:48<01:11,  6.19it/s]Visualizing group 3:  81%|████████  | 1863/2304 [04:48<01:08,  6.40it/s]Visualizing group 3:  81%|████████  | 1864/2304 [04:48<01:08,  6.46it/s]Visualizing group 3:  81%|████████  | 1865/2304 [04:48<01:08,  6.44it/s]Visualizing group 3:  81%|████████  | 1866/2304 [04:48<01:09,  6.34it/s]Visualizing group 3:  81%|████████  | 1867/2304 [04:49<01:07,  6.45it/s]Visualizing group 3:  81%|████████  | 1868/2304 [04:49<01:06,  6.58it/s]Visualizing group 3:  81%|████████  | 1869/2304 [04:49<01:06,  6.54it/s]Visualizing group 3:  81%|████████  | 1870/2304 [04:49<01:05,  6.64it/s]Visualizing group 3:  81%|████████  | 1871/2304 [04:49<01:05,  6.60it/s]Visualizing group 3:  81%|████████▏ | 1872/2304 [04:49<01:08,  6.33it/s]Visualizing group 3:  81%|████████▏ | 1873/2304 [04:50<01:08,  6.33it/s]Visualizing group 3:  81%|████████▏ | 1874/2304 [04:50<01:07,  6.36it/s]Visualizing group 3:  81%|████████▏ | 1875/2304 [04:50<01:05,  6.52it/s]Visualizing group 3:  81%|████████▏ | 1876/2304 [04:50<01:06,  6.39it/s]Visualizing group 3:  81%|████████▏ | 1877/2304 [04:50<01:04,  6.62it/s]Visualizing group 3:  82%|████████▏ | 1878/2304 [04:50<01:05,  6.55it/s]Visualizing group 3:  82%|████████▏ | 1879/2304 [04:50<01:05,  6.46it/s]Visualizing group 3:  82%|████████▏ | 1880/2304 [04:51<01:05,  6.51it/s]Visualizing group 3:  82%|████████▏ | 1881/2304 [04:51<01:03,  6.71it/s]Visualizing group 3:  82%|████████▏ | 1882/2304 [04:51<01:02,  6.72it/s]Visualizing group 3:  82%|████████▏ | 1883/2304 [04:51<01:01,  6.81it/s]Visualizing group 3:  82%|████████▏ | 1884/2304 [04:51<01:04,  6.55it/s]Visualizing group 3:  82%|████████▏ | 1885/2304 [04:51<01:02,  6.76it/s]Visualizing group 3:  82%|████████▏ | 1886/2304 [04:51<01:02,  6.64it/s]Visualizing group 3:  82%|████████▏ | 1887/2304 [04:52<01:04,  6.51it/s]Visualizing group 3:  82%|████████▏ | 1888/2304 [04:52<01:02,  6.67it/s]Visualizing group 3:  82%|████████▏ | 1889/2304 [04:52<01:01,  6.76it/s]Visualizing group 3:  82%|████████▏ | 1890/2304 [04:52<01:02,  6.66it/s]Visualizing group 3:  82%|████████▏ | 1891/2304 [04:52<01:01,  6.73it/s]Visualizing group 3:  82%|████████▏ | 1892/2304 [04:52<01:01,  6.69it/s]Visualizing group 3:  82%|████████▏ | 1893/2304 [04:53<01:00,  6.78it/s]Visualizing group 3:  82%|████████▏ | 1894/2304 [04:53<01:02,  6.56it/s]Visualizing group 3:  82%|████████▏ | 1895/2304 [04:53<01:01,  6.67it/s]Visualizing group 3:  82%|████████▏ | 1896/2304 [04:53<01:01,  6.66it/s]Visualizing group 3:  82%|████████▏ | 1897/2304 [04:53<01:16,  5.32it/s]Visualizing group 3:  82%|████████▏ | 1898/2304 [04:53<01:11,  5.68it/s]Visualizing group 3:  82%|████████▏ | 1899/2304 [04:54<01:07,  6.00it/s]Visualizing group 3:  82%|████████▏ | 1900/2304 [04:54<01:04,  6.26it/s]Visualizing group 3:  83%|████████▎ | 1901/2304 [04:54<01:04,  6.25it/s]Visualizing group 3:  83%|████████▎ | 1902/2304 [04:54<01:02,  6.48it/s]Visualizing group 3:  83%|████████▎ | 1903/2304 [04:54<01:01,  6.47it/s]Visualizing group 3:  83%|████████▎ | 1904/2304 [04:54<01:00,  6.56it/s]Visualizing group 3:  83%|████████▎ | 1905/2304 [04:54<00:59,  6.67it/s]Visualizing group 3:  83%|████████▎ | 1906/2304 [04:55<01:00,  6.61it/s]Visualizing group 3:  83%|████████▎ | 1907/2304 [04:55<00:58,  6.76it/s]Visualizing group 3:  83%|████████▎ | 1908/2304 [04:55<00:58,  6.72it/s]Visualizing group 3:  83%|████████▎ | 1909/2304 [04:55<00:57,  6.90it/s]Visualizing group 3:  83%|████████▎ | 1910/2304 [04:55<00:58,  6.74it/s]Visualizing group 3:  83%|████████▎ | 1911/2304 [04:55<00:57,  6.82it/s]Visualizing group 3:  83%|████████▎ | 1912/2304 [04:55<00:59,  6.60it/s]Visualizing group 3:  83%|████████▎ | 1913/2304 [04:56<00:58,  6.73it/s]Visualizing group 3:  83%|████████▎ | 1914/2304 [04:56<00:58,  6.66it/s]Visualizing group 3:  83%|████████▎ | 1915/2304 [04:56<00:59,  6.51it/s]Visualizing group 3:  83%|████████▎ | 1916/2304 [04:56<00:57,  6.73it/s]Visualizing group 3:  83%|████████▎ | 1917/2304 [04:56<01:00,  6.43it/s]Visualizing group 3:  83%|████████▎ | 1918/2304 [04:56<00:59,  6.54it/s]Visualizing group 3:  83%|████████▎ | 1919/2304 [04:57<00:57,  6.65it/s]Visualizing group 3:  83%|████████▎ | 1920/2304 [04:57<01:11,  5.39it/s]Visualizing group 3:  83%|████████▎ | 1921/2304 [04:57<01:05,  5.80it/s]Visualizing group 3:  83%|████████▎ | 1922/2304 [04:57<01:02,  6.15it/s]Visualizing group 3:  83%|████████▎ | 1923/2304 [04:57<00:59,  6.41it/s]Visualizing group 3:  84%|████████▎ | 1924/2304 [04:57<00:58,  6.49it/s]Visualizing group 3:  84%|████████▎ | 1925/2304 [04:58<00:57,  6.62it/s]Visualizing group 3:  84%|████████▎ | 1926/2304 [04:58<00:58,  6.50it/s]Visualizing group 3:  84%|████████▎ | 1927/2304 [04:58<00:56,  6.72it/s]Visualizing group 3:  84%|████████▎ | 1928/2304 [04:58<00:56,  6.60it/s]Visualizing group 3:  84%|████████▎ | 1929/2304 [04:58<00:56,  6.69it/s]Visualizing group 3:  84%|████████▍ | 1930/2304 [04:58<00:56,  6.65it/s]Visualizing group 3:  84%|████████▍ | 1931/2304 [04:58<00:55,  6.69it/s]Visualizing group 3:  84%|████████▍ | 1932/2304 [04:59<00:55,  6.65it/s]Visualizing group 3:  84%|████████▍ | 1933/2304 [04:59<00:56,  6.59it/s]Visualizing group 3:  84%|████████▍ | 1934/2304 [04:59<00:55,  6.72it/s]Visualizing group 3:  84%|████████▍ | 1935/2304 [04:59<00:54,  6.74it/s]Visualizing group 3:  84%|████████▍ | 1936/2304 [04:59<00:55,  6.63it/s]Visualizing group 3:  84%|████████▍ | 1937/2304 [04:59<00:56,  6.54it/s]Visualizing group 3:  84%|████████▍ | 1938/2304 [04:59<00:54,  6.67it/s]Visualizing group 3:  84%|████████▍ | 1939/2304 [05:00<00:53,  6.77it/s]Visualizing group 3:  84%|████████▍ | 1940/2304 [05:00<00:56,  6.48it/s]Visualizing group 3:  84%|████████▍ | 1941/2304 [05:00<00:54,  6.66it/s]Visualizing group 3:  84%|████████▍ | 1942/2304 [05:00<00:54,  6.70it/s]Visualizing group 3:  84%|████████▍ | 1943/2304 [05:00<00:53,  6.75it/s]Visualizing group 3:  84%|████████▍ | 1944/2304 [05:00<00:54,  6.62it/s]Visualizing group 3:  84%|████████▍ | 1945/2304 [05:01<00:53,  6.76it/s]Visualizing group 3:  84%|████████▍ | 1946/2304 [05:01<00:54,  6.59it/s]Visualizing group 3:  85%|████████▍ | 1947/2304 [05:01<00:53,  6.68it/s]Visualizing group 3:  85%|████████▍ | 1948/2304 [05:01<00:53,  6.63it/s]Visualizing group 3:  85%|████████▍ | 1949/2304 [05:01<00:52,  6.70it/s]Visualizing group 3:  85%|████████▍ | 1950/2304 [05:01<00:53,  6.62it/s]Visualizing group 3:  85%|████████▍ | 1951/2304 [05:01<00:53,  6.60it/s]Visualizing group 3:  85%|████████▍ | 1952/2304 [05:02<00:53,  6.63it/s]Visualizing group 3:  85%|████████▍ | 1953/2304 [05:02<00:52,  6.74it/s]Visualizing group 3:  85%|████████▍ | 1954/2304 [05:02<00:53,  6.59it/s]Visualizing group 3:  85%|████████▍ | 1955/2304 [05:02<00:52,  6.67it/s]Visualizing group 3:  85%|████████▍ | 1956/2304 [05:02<00:53,  6.57it/s]Visualizing group 3:  85%|████████▍ | 1957/2304 [05:02<00:51,  6.76it/s]Visualizing group 3:  85%|████████▍ | 1958/2304 [05:02<00:51,  6.74it/s]Visualizing group 3:  85%|████████▌ | 1959/2304 [05:03<01:02,  5.56it/s]Visualizing group 3:  85%|████████▌ | 1960/2304 [05:03<00:59,  5.81it/s]Visualizing group 3:  85%|████████▌ | 1961/2304 [05:03<00:55,  6.19it/s]Visualizing group 3:  85%|████████▌ | 1962/2304 [05:03<00:55,  6.21it/s]Visualizing group 3:  85%|████████▌ | 1963/2304 [05:03<00:53,  6.34it/s]Visualizing group 3:  85%|████████▌ | 1964/2304 [05:03<00:53,  6.41it/s]Visualizing group 3:  85%|████████▌ | 1965/2304 [05:04<00:51,  6.57it/s]Visualizing group 3:  85%|████████▌ | 1966/2304 [05:04<00:51,  6.51it/s]Visualizing group 3:  85%|████████▌ | 1967/2304 [05:04<00:50,  6.70it/s]Visualizing group 3:  85%|████████▌ | 1968/2304 [05:04<00:51,  6.53it/s]Visualizing group 3:  85%|████████▌ | 1969/2304 [05:04<00:53,  6.31it/s]Visualizing group 3:  86%|████████▌ | 1970/2304 [05:04<00:51,  6.55it/s]Visualizing group 3:  86%|████████▌ | 1971/2304 [05:05<00:50,  6.55it/s]Visualizing group 3:  86%|████████▌ | 1972/2304 [05:05<00:50,  6.62it/s]Visualizing group 3:  86%|████████▌ | 1973/2304 [05:05<00:49,  6.70it/s]Visualizing group 3:  86%|████████▌ | 1974/2304 [05:05<00:49,  6.67it/s]Visualizing group 3:  86%|████████▌ | 1975/2304 [05:05<00:50,  6.51it/s]Visualizing group 3:  86%|████████▌ | 1976/2304 [05:05<00:49,  6.66it/s]Visualizing group 3:  86%|████████▌ | 1977/2304 [05:05<00:48,  6.71it/s]Visualizing group 3:  86%|████████▌ | 1978/2304 [05:06<00:48,  6.73it/s]Visualizing group 3:  86%|████████▌ | 1979/2304 [05:06<00:48,  6.69it/s]Visualizing group 3:  86%|████████▌ | 1980/2304 [05:06<00:49,  6.57it/s]Visualizing group 3:  86%|████████▌ | 1981/2304 [05:06<00:49,  6.56it/s]Visualizing group 3:  86%|████████▌ | 1982/2304 [05:06<00:48,  6.64it/s]Visualizing group 3:  86%|████████▌ | 1983/2304 [05:06<00:48,  6.62it/s]Visualizing group 3:  86%|████████▌ | 1984/2304 [05:07<00:47,  6.67it/s]Visualizing group 3:  86%|████████▌ | 1985/2304 [05:07<00:47,  6.78it/s]Visualizing group 3:  86%|████████▌ | 1986/2304 [05:07<00:46,  6.84it/s]Visualizing group 3:  86%|████████▌ | 1987/2304 [05:07<00:46,  6.84it/s]Visualizing group 3:  86%|████████▋ | 1988/2304 [05:07<00:46,  6.81it/s]Visualizing group 3:  86%|████████▋ | 1989/2304 [05:07<00:47,  6.69it/s]Visualizing group 3:  86%|████████▋ | 1990/2304 [05:07<00:46,  6.70it/s]Visualizing group 3:  86%|████████▋ | 1991/2304 [05:08<00:46,  6.77it/s]Visualizing group 3:  86%|████████▋ | 1992/2304 [05:08<00:47,  6.52it/s]Visualizing group 3:  87%|████████▋ | 1993/2304 [05:08<00:47,  6.48it/s]Visualizing group 3:  87%|████████▋ | 1994/2304 [05:08<00:46,  6.70it/s]Visualizing group 3:  87%|████████▋ | 1995/2304 [05:08<00:45,  6.78it/s]Visualizing group 3:  87%|████████▋ | 1996/2304 [05:08<00:45,  6.79it/s]Visualizing group 3:  87%|████████▋ | 1997/2304 [05:08<00:45,  6.81it/s]Visualizing group 3:  87%|████████▋ | 1998/2304 [05:09<00:46,  6.64it/s]Visualizing group 3:  87%|████████▋ | 1999/2304 [05:09<00:44,  6.78it/s]Visualizing group 3:  87%|████████▋ | 2000/2304 [05:09<00:45,  6.62it/s]Visualizing group 3:  87%|████████▋ | 2001/2304 [05:09<00:44,  6.75it/s]Visualizing group 3:  87%|████████▋ | 2002/2304 [05:09<00:47,  6.33it/s]Visualizing group 3:  87%|████████▋ | 2003/2304 [05:09<00:46,  6.53it/s]Visualizing group 3:  87%|████████▋ | 2004/2304 [05:09<00:45,  6.64it/s]Visualizing group 3:  87%|████████▋ | 2005/2304 [05:10<00:43,  6.81it/s]Visualizing group 3:  87%|████████▋ | 2006/2304 [05:10<00:43,  6.83it/s]Visualizing group 3:  87%|████████▋ | 2007/2304 [05:10<00:44,  6.73it/s]Visualizing group 3:  87%|████████▋ | 2008/2304 [05:10<00:45,  6.54it/s]Visualizing group 3:  87%|████████▋ | 2009/2304 [05:10<00:44,  6.66it/s]Visualizing group 3:  87%|████████▋ | 2010/2304 [05:10<00:43,  6.68it/s]Visualizing group 3:  87%|████████▋ | 2011/2304 [05:11<00:43,  6.77it/s]Visualizing group 3:  87%|████████▋ | 2012/2304 [05:11<00:43,  6.65it/s]Visualizing group 3:  87%|████████▋ | 2013/2304 [05:11<00:43,  6.69it/s]Visualizing group 3:  87%|████████▋ | 2014/2304 [05:11<00:44,  6.48it/s]Visualizing group 3:  87%|████████▋ | 2015/2304 [05:11<00:43,  6.62it/s]Visualizing group 3:  88%|████████▊ | 2016/2304 [05:11<00:43,  6.68it/s]Visualizing group 3:  88%|████████▊ | 2017/2304 [05:11<00:43,  6.67it/s]Visualizing group 3:  88%|████████▊ | 2018/2304 [05:12<00:43,  6.56it/s]Visualizing group 3:  88%|████████▊ | 2019/2304 [05:12<00:43,  6.50it/s]Visualizing group 3:  88%|████████▊ | 2020/2304 [05:12<00:45,  6.28it/s]Visualizing group 3:  88%|████████▊ | 2021/2304 [05:12<00:44,  6.33it/s]Visualizing group 3:  88%|████████▊ | 2022/2304 [05:12<00:43,  6.51it/s]Visualizing group 3:  88%|████████▊ | 2023/2304 [05:12<00:43,  6.44it/s]Visualizing group 3:  88%|████████▊ | 2024/2304 [05:13<00:43,  6.47it/s]Visualizing group 3:  88%|████████▊ | 2025/2304 [05:13<00:41,  6.67it/s]Visualizing group 3:  88%|████████▊ | 2026/2304 [05:13<00:41,  6.66it/s]Visualizing group 3:  88%|████████▊ | 2027/2304 [05:13<00:41,  6.61it/s]Visualizing group 3:  88%|████████▊ | 2028/2304 [05:13<00:41,  6.64it/s]Visualizing group 3:  88%|████████▊ | 2029/2304 [05:13<00:40,  6.73it/s]Visualizing group 3:  88%|████████▊ | 2030/2304 [05:13<00:42,  6.51it/s]Visualizing group 3:  88%|████████▊ | 2031/2304 [05:14<00:41,  6.58it/s]Visualizing group 3:  88%|████████▊ | 2032/2304 [05:14<00:40,  6.70it/s]Visualizing group 3:  88%|████████▊ | 2033/2304 [05:14<00:41,  6.56it/s]Visualizing group 3:  88%|████████▊ | 2034/2304 [05:14<00:40,  6.71it/s]Visualizing group 3:  88%|████████▊ | 2035/2304 [05:14<00:40,  6.64it/s]Visualizing group 3:  88%|████████▊ | 2036/2304 [05:14<00:40,  6.59it/s]Visualizing group 3:  88%|████████▊ | 2037/2304 [05:15<00:41,  6.50it/s]Visualizing group 3:  88%|████████▊ | 2038/2304 [05:15<00:40,  6.60it/s]Visualizing group 3:  88%|████████▊ | 2039/2304 [05:15<00:39,  6.68it/s]Visualizing group 3:  89%|████████▊ | 2040/2304 [05:15<00:39,  6.65it/s]Visualizing group 3:  89%|████████▊ | 2041/2304 [05:15<00:39,  6.73it/s]Visualizing group 3:  89%|████████▊ | 2042/2304 [05:15<00:38,  6.80it/s]Visualizing group 3:  89%|████████▊ | 2043/2304 [05:15<00:39,  6.63it/s]Visualizing group 3:  89%|████████▊ | 2044/2304 [05:16<00:38,  6.81it/s]Visualizing group 3:  89%|████████▉ | 2045/2304 [05:16<00:39,  6.63it/s]Visualizing group 3:  89%|████████▉ | 2046/2304 [05:16<00:38,  6.64it/s]Visualizing group 3:  89%|████████▉ | 2047/2304 [05:16<00:38,  6.69it/s]Visualizing group 3:  89%|████████▉ | 2048/2304 [05:16<00:37,  6.76it/s]Visualizing group 3:  89%|████████▉ | 2049/2304 [05:16<00:38,  6.65it/s]Visualizing group 3:  89%|████████▉ | 2050/2304 [05:16<00:38,  6.61it/s]Visualizing group 3:  89%|████████▉ | 2051/2304 [05:17<00:37,  6.67it/s]Visualizing group 3:  89%|████████▉ | 2052/2304 [05:17<00:37,  6.79it/s]Visualizing group 3:  89%|████████▉ | 2053/2304 [05:17<00:36,  6.79it/s]Visualizing group 3:  89%|████████▉ | 2054/2304 [05:17<00:37,  6.64it/s]Visualizing group 3:  89%|████████▉ | 2055/2304 [05:17<00:38,  6.54it/s]Visualizing group 3:  89%|████████▉ | 2056/2304 [05:17<00:37,  6.70it/s]Visualizing group 3:  89%|████████▉ | 2057/2304 [05:17<00:37,  6.58it/s]Visualizing group 3:  89%|████████▉ | 2058/2304 [05:18<00:41,  5.97it/s]Visualizing group 3:  89%|████████▉ | 2059/2304 [05:18<00:39,  6.25it/s]Visualizing group 3:  89%|████████▉ | 2060/2304 [05:18<00:38,  6.28it/s]Visualizing group 3:  89%|████████▉ | 2061/2304 [05:18<00:37,  6.43it/s]Visualizing group 3:  89%|████████▉ | 2062/2304 [05:18<00:36,  6.59it/s]Visualizing group 3:  90%|████████▉ | 2063/2304 [05:18<00:36,  6.68it/s]Visualizing group 3:  90%|████████▉ | 2064/2304 [05:19<00:36,  6.50it/s]Visualizing group 3:  90%|████████▉ | 2065/2304 [05:19<00:36,  6.52it/s]Visualizing group 3:  90%|████████▉ | 2066/2304 [05:19<00:36,  6.59it/s]Visualizing group 3:  90%|████████▉ | 2067/2304 [05:19<00:36,  6.57it/s]Visualizing group 3:  90%|████████▉ | 2068/2304 [05:19<00:35,  6.70it/s]Visualizing group 3:  90%|████████▉ | 2069/2304 [05:19<00:42,  5.51it/s]Visualizing group 3:  90%|████████▉ | 2070/2304 [05:20<00:39,  5.90it/s]Visualizing group 3:  90%|████████▉ | 2071/2304 [05:20<00:37,  6.16it/s]Visualizing group 3:  90%|████████▉ | 2072/2304 [05:20<00:37,  6.25it/s]Visualizing group 3:  90%|████████▉ | 2073/2304 [05:20<00:37,  6.09it/s]Visualizing group 3:  90%|█████████ | 2074/2304 [05:20<00:35,  6.41it/s]Visualizing group 3:  90%|█████████ | 2075/2304 [05:20<00:37,  6.14it/s]Visualizing group 3:  90%|█████████ | 2076/2304 [05:21<00:36,  6.17it/s]Visualizing group 3:  90%|█████████ | 2077/2304 [05:21<00:39,  5.75it/s]Visualizing group 3:  90%|█████████ | 2078/2304 [05:21<00:38,  5.86it/s]Visualizing group 3:  90%|█████████ | 2079/2304 [05:21<00:36,  6.14it/s]Visualizing group 3:  90%|█████████ | 2080/2304 [05:21<00:35,  6.39it/s]Visualizing group 3:  90%|█████████ | 2081/2304 [05:21<00:34,  6.42it/s]Visualizing group 3:  90%|█████████ | 2082/2304 [05:21<00:33,  6.54it/s]Visualizing group 3:  90%|█████████ | 2083/2304 [05:22<00:33,  6.60it/s]Visualizing group 3:  90%|█████████ | 2084/2304 [05:22<00:33,  6.64it/s]Visualizing group 3:  90%|█████████ | 2085/2304 [05:22<00:32,  6.69it/s]Visualizing group 3:  91%|█████████ | 2086/2304 [05:22<00:33,  6.57it/s]Visualizing group 3:  91%|█████████ | 2087/2304 [05:22<00:32,  6.64it/s]Visualizing group 3:  91%|█████████ | 2088/2304 [05:22<00:32,  6.66it/s]Visualizing group 3:  91%|█████████ | 2089/2304 [05:23<00:32,  6.72it/s]Visualizing group 3:  91%|█████████ | 2090/2304 [05:23<00:33,  6.44it/s]Visualizing group 3:  91%|█████████ | 2091/2304 [05:23<00:32,  6.51it/s]Visualizing group 3:  91%|█████████ | 2092/2304 [05:23<00:32,  6.62it/s]Visualizing group 3:  91%|█████████ | 2093/2304 [05:23<00:31,  6.72it/s]Visualizing group 3:  91%|█████████ | 2094/2304 [05:23<00:30,  6.92it/s]Visualizing group 3:  91%|█████████ | 2095/2304 [05:23<00:30,  6.77it/s]Visualizing group 3:  91%|█████████ | 2096/2304 [05:24<00:31,  6.51it/s]Visualizing group 3:  91%|█████████ | 2097/2304 [05:24<00:30,  6.74it/s]Visualizing group 3:  91%|█████████ | 2098/2304 [05:24<00:30,  6.68it/s]Visualizing group 3:  91%|█████████ | 2099/2304 [05:24<00:30,  6.74it/s]Visualizing group 3:  91%|█████████ | 2100/2304 [05:24<00:30,  6.65it/s]Visualizing group 3:  91%|█████████ | 2101/2304 [05:24<00:29,  6.77it/s]Visualizing group 3:  91%|█████████ | 2102/2304 [05:24<00:30,  6.55it/s]Visualizing group 3:  91%|█████████▏| 2103/2304 [05:25<00:30,  6.68it/s]Visualizing group 3:  91%|█████████▏| 2104/2304 [05:25<00:30,  6.66it/s]Visualizing group 3:  91%|█████████▏| 2105/2304 [05:25<00:29,  6.78it/s]Visualizing group 3:  91%|█████████▏| 2106/2304 [05:25<00:29,  6.65it/s]Visualizing group 3:  91%|█████████▏| 2107/2304 [05:25<00:29,  6.67it/s]Visualizing group 3:  91%|█████████▏| 2108/2304 [05:25<00:29,  6.61it/s]Visualizing group 3:  92%|█████████▏| 2109/2304 [05:26<00:29,  6.63it/s]Visualizing group 3:  92%|█████████▏| 2110/2304 [05:26<00:29,  6.59it/s]Visualizing group 3:  92%|█████████▏| 2111/2304 [05:26<00:29,  6.45it/s]Visualizing group 3:  92%|█████████▏| 2112/2304 [05:26<00:29,  6.45it/s]Visualizing group 3:  92%|█████████▏| 2113/2304 [05:26<00:29,  6.41it/s]Visualizing group 3:  92%|█████████▏| 2114/2304 [05:26<00:30,  6.32it/s]Visualizing group 3:  92%|█████████▏| 2115/2304 [05:27<00:32,  5.83it/s]Visualizing group 3:  92%|█████████▏| 2116/2304 [05:27<00:31,  6.03it/s]Visualizing group 3:  92%|█████████▏| 2117/2304 [05:27<00:29,  6.27it/s]Visualizing group 3:  92%|█████████▏| 2118/2304 [05:27<00:29,  6.34it/s]Visualizing group 3:  92%|█████████▏| 2119/2304 [05:27<00:29,  6.31it/s]Visualizing group 3:  92%|█████████▏| 2120/2304 [05:27<00:28,  6.41it/s]Visualizing group 3:  92%|█████████▏| 2121/2304 [05:27<00:27,  6.56it/s]Visualizing group 3:  92%|█████████▏| 2122/2304 [05:28<00:27,  6.53it/s]Visualizing group 3:  92%|█████████▏| 2123/2304 [05:28<00:27,  6.69it/s]Visualizing group 3:  92%|█████████▏| 2124/2304 [05:28<00:27,  6.57it/s]Visualizing group 3:  92%|█████████▏| 2125/2304 [05:28<00:26,  6.71it/s]Visualizing group 3:  92%|█████████▏| 2126/2304 [05:28<00:27,  6.56it/s]Visualizing group 3:  92%|█████████▏| 2127/2304 [05:28<00:26,  6.62it/s]Visualizing group 3:  92%|█████████▏| 2128/2304 [05:29<00:28,  6.21it/s]Visualizing group 3:  92%|█████████▏| 2129/2304 [05:29<00:27,  6.28it/s]Visualizing group 3:  92%|█████████▏| 2130/2304 [05:29<00:27,  6.42it/s]Visualizing group 3:  92%|█████████▏| 2131/2304 [05:29<00:26,  6.51it/s]Visualizing group 3:  93%|█████████▎| 2132/2304 [05:29<00:26,  6.53it/s]Visualizing group 3:  93%|█████████▎| 2133/2304 [05:29<00:25,  6.67it/s]Visualizing group 3:  93%|█████████▎| 2134/2304 [05:29<00:25,  6.59it/s]Visualizing group 3:  93%|█████████▎| 2135/2304 [05:30<00:25,  6.56it/s]Visualizing group 3:  93%|█████████▎| 2136/2304 [05:30<00:25,  6.65it/s]Visualizing group 3:  93%|█████████▎| 2137/2304 [05:30<00:25,  6.56it/s]Visualizing group 3:  93%|█████████▎| 2138/2304 [05:30<00:24,  6.69it/s]Visualizing group 3:  93%|█████████▎| 2139/2304 [05:30<00:25,  6.56it/s]Visualizing group 3:  93%|█████████▎| 2140/2304 [05:30<00:24,  6.67it/s]Visualizing group 3:  93%|█████████▎| 2141/2304 [05:30<00:24,  6.61it/s]Visualizing group 3:  93%|█████████▎| 2142/2304 [05:31<00:24,  6.69it/s]Visualizing group 3:  93%|█████████▎| 2143/2304 [05:31<00:24,  6.55it/s]Visualizing group 3:  93%|█████████▎| 2144/2304 [05:31<00:24,  6.63it/s]Visualizing group 3:  93%|█████████▎| 2145/2304 [05:31<00:24,  6.59it/s]Visualizing group 3:  93%|█████████▎| 2146/2304 [05:31<00:23,  6.73it/s]Visualizing group 3:  93%|█████████▎| 2147/2304 [05:31<00:23,  6.59it/s]Visualizing group 3:  93%|█████████▎| 2148/2304 [05:32<00:23,  6.72it/s]Visualizing group 3:  93%|█████████▎| 2149/2304 [05:32<00:23,  6.66it/s]Visualizing group 3:  93%|█████████▎| 2150/2304 [05:32<00:22,  6.71it/s]Visualizing group 3:  93%|█████████▎| 2151/2304 [05:32<00:23,  6.60it/s]Visualizing group 3:  93%|█████████▎| 2152/2304 [05:32<00:23,  6.61it/s]Visualizing group 3:  93%|█████████▎| 2153/2304 [05:32<00:22,  6.67it/s]Visualizing group 3:  93%|█████████▎| 2154/2304 [05:32<00:22,  6.69it/s]Visualizing group 3:  94%|█████████▎| 2155/2304 [05:33<00:22,  6.69it/s]Visualizing group 3:  94%|█████████▎| 2156/2304 [05:33<00:22,  6.61it/s]Visualizing group 3:  94%|█████████▎| 2157/2304 [05:33<00:21,  6.71it/s]Visualizing group 3:  94%|█████████▎| 2158/2304 [05:33<00:21,  6.81it/s]Visualizing group 3:  94%|█████████▎| 2159/2304 [05:33<00:21,  6.62it/s]Visualizing group 3:  94%|█████████▍| 2160/2304 [05:33<00:21,  6.68it/s]Visualizing group 3:  94%|█████████▍| 2161/2304 [05:33<00:21,  6.65it/s]Visualizing group 3:  94%|█████████▍| 2162/2304 [05:34<00:20,  6.77it/s]Visualizing group 3:  94%|█████████▍| 2163/2304 [05:34<00:21,  6.68it/s]Visualizing group 3:  94%|█████████▍| 2164/2304 [05:34<00:20,  6.70it/s]Visualizing group 3:  94%|█████████▍| 2165/2304 [05:34<00:20,  6.66it/s]Visualizing group 3:  94%|█████████▍| 2166/2304 [05:34<00:20,  6.61it/s]Visualizing group 3:  94%|█████████▍| 2167/2304 [05:34<00:20,  6.59it/s]Visualizing group 3:  94%|█████████▍| 2168/2304 [05:35<00:20,  6.71it/s]Visualizing group 3:  94%|█████████▍| 2169/2304 [05:35<00:20,  6.68it/s]Visualizing group 3:  94%|█████████▍| 2170/2304 [05:35<00:19,  6.77it/s]Visualizing group 3:  94%|█████████▍| 2171/2304 [05:35<00:20,  6.56it/s]Visualizing group 3:  94%|█████████▍| 2172/2304 [05:35<00:19,  6.64it/s]Visualizing group 3:  94%|█████████▍| 2173/2304 [05:35<00:19,  6.61it/s]Visualizing group 3:  94%|█████████▍| 2174/2304 [05:35<00:20,  6.31it/s]Visualizing group 3:  94%|█████████▍| 2175/2304 [05:36<00:20,  6.27it/s]Visualizing group 3:  94%|█████████▍| 2176/2304 [05:36<00:20,  6.31it/s]Visualizing group 3:  94%|█████████▍| 2177/2304 [05:36<00:20,  6.35it/s]Visualizing group 3:  95%|█████████▍| 2178/2304 [05:36<00:19,  6.42it/s]Visualizing group 3:  95%|█████████▍| 2179/2304 [05:36<00:23,  5.26it/s]Visualizing group 3:  95%|█████████▍| 2180/2304 [05:37<00:22,  5.47it/s]Visualizing group 3:  95%|█████████▍| 2181/2304 [05:37<00:21,  5.65it/s]Visualizing group 3:  95%|█████████▍| 2182/2304 [05:37<00:21,  5.71it/s]Visualizing group 3:  95%|█████████▍| 2183/2304 [05:37<00:20,  5.98it/s]Visualizing group 3:  95%|█████████▍| 2184/2304 [05:37<00:19,  6.18it/s]Visualizing group 3:  95%|█████████▍| 2185/2304 [05:37<00:18,  6.36it/s]Visualizing group 3:  95%|█████████▍| 2186/2304 [05:37<00:18,  6.47it/s]Visualizing group 3:  95%|█████████▍| 2187/2304 [05:38<00:18,  6.23it/s]Visualizing group 3:  95%|█████████▍| 2188/2304 [05:38<00:18,  6.25it/s]Visualizing group 3:  95%|█████████▌| 2189/2304 [05:38<00:17,  6.47it/s]Visualizing group 3:  95%|█████████▌| 2190/2304 [05:38<00:17,  6.37it/s]Visualizing group 3:  95%|█████████▌| 2191/2304 [05:38<00:17,  6.63it/s]Visualizing group 3:  95%|█████████▌| 2192/2304 [05:38<00:17,  6.57it/s]Visualizing group 3:  95%|█████████▌| 2193/2304 [05:39<00:16,  6.62it/s]Visualizing group 3:  95%|█████████▌| 2194/2304 [05:39<00:16,  6.51it/s]Visualizing group 3:  95%|█████████▌| 2195/2304 [05:39<00:16,  6.65it/s]Visualizing group 3:  95%|█████████▌| 2196/2304 [05:39<00:16,  6.52it/s]Visualizing group 3:  95%|█████████▌| 2197/2304 [05:39<00:16,  6.40it/s]Visualizing group 3:  95%|█████████▌| 2198/2304 [05:39<00:16,  6.50it/s]Visualizing group 3:  95%|█████████▌| 2199/2304 [05:39<00:17,  6.12it/s]Visualizing group 3:  95%|█████████▌| 2200/2304 [05:40<00:16,  6.37it/s]Visualizing group 3:  96%|█████████▌| 2201/2304 [05:40<00:16,  6.21it/s]Visualizing group 3:  96%|█████████▌| 2202/2304 [05:40<00:16,  6.34it/s]Visualizing group 3:  96%|█████████▌| 2203/2304 [05:40<00:16,  6.11it/s]Visualizing group 3:  96%|█████████▌| 2204/2304 [05:40<00:16,  6.23it/s]Visualizing group 3:  96%|█████████▌| 2205/2304 [05:40<00:15,  6.40it/s]Visualizing group 3:  96%|█████████▌| 2206/2304 [05:41<00:15,  6.29it/s]Visualizing group 3:  96%|█████████▌| 2207/2304 [05:41<00:15,  6.44it/s]Visualizing group 3:  96%|█████████▌| 2208/2304 [05:41<00:14,  6.48it/s]Visualizing group 3:  96%|█████████▌| 2209/2304 [05:41<00:14,  6.53it/s]Visualizing group 3:  96%|█████████▌| 2210/2304 [05:41<00:14,  6.58it/s]Visualizing group 3:  96%|█████████▌| 2211/2304 [05:41<00:14,  6.39it/s]Visualizing group 3:  96%|█████████▌| 2212/2304 [05:42<00:14,  6.27it/s]Visualizing group 3:  96%|█████████▌| 2213/2304 [05:42<00:14,  6.27it/s]Visualizing group 3:  96%|█████████▌| 2214/2304 [05:42<00:13,  6.49it/s]Visualizing group 3:  96%|█████████▌| 2215/2304 [05:42<00:13,  6.43it/s]Visualizing group 3:  96%|█████████▌| 2216/2304 [05:42<00:13,  6.56it/s]Visualizing group 3:  96%|█████████▌| 2217/2304 [05:42<00:13,  6.58it/s]Visualizing group 3:  96%|█████████▋| 2218/2304 [05:42<00:12,  6.67it/s]Visualizing group 3:  96%|█████████▋| 2219/2304 [05:43<00:13,  6.45it/s]Visualizing group 3:  96%|█████████▋| 2220/2304 [05:43<00:12,  6.50it/s]Visualizing group 3:  96%|█████████▋| 2221/2304 [05:43<00:12,  6.52it/s]Visualizing group 3:  96%|█████████▋| 2222/2304 [05:43<00:12,  6.51it/s]Visualizing group 3:  96%|█████████▋| 2223/2304 [05:43<00:12,  6.56it/s]Visualizing group 3:  97%|█████████▋| 2224/2304 [05:43<00:12,  6.59it/s]Visualizing group 3:  97%|█████████▋| 2225/2304 [05:43<00:11,  6.73it/s]Visualizing group 3:  97%|█████████▋| 2226/2304 [05:44<00:11,  6.77it/s]Visualizing group 3:  97%|█████████▋| 2227/2304 [05:44<00:11,  6.66it/s]Visualizing group 3:  97%|█████████▋| 2228/2304 [05:44<00:11,  6.76it/s]Visualizing group 3:  97%|█████████▋| 2229/2304 [05:44<00:11,  6.68it/s]Visualizing group 3:  97%|█████████▋| 2230/2304 [05:44<00:11,  6.72it/s]Visualizing group 3:  97%|█████████▋| 2231/2304 [05:44<00:10,  6.79it/s]Visualizing group 3:  97%|█████████▋| 2232/2304 [05:45<00:10,  6.74it/s]Visualizing group 3:  97%|█████████▋| 2233/2304 [05:45<00:10,  6.70it/s]Visualizing group 3:  97%|█████████▋| 2234/2304 [05:45<00:10,  6.75it/s]Visualizing group 3:  97%|█████████▋| 2235/2304 [05:45<00:10,  6.58it/s]Visualizing group 3:  97%|█████████▋| 2236/2304 [05:45<00:10,  6.69it/s]Visualizing group 3:  97%|█████████▋| 2237/2304 [05:45<00:10,  6.59it/s]Visualizing group 3:  97%|█████████▋| 2238/2304 [05:45<00:09,  6.79it/s]Visualizing group 3:  97%|█████████▋| 2239/2304 [05:46<00:09,  6.72it/s]Visualizing group 3:  97%|█████████▋| 2240/2304 [05:46<00:09,  6.76it/s]Visualizing group 3:  97%|█████████▋| 2241/2304 [05:46<00:09,  6.56it/s]Visualizing group 3:  97%|█████████▋| 2242/2304 [05:46<00:09,  6.69it/s]Visualizing group 3:  97%|█████████▋| 2243/2304 [05:46<00:09,  6.55it/s]Visualizing group 3:  97%|█████████▋| 2244/2304 [05:46<00:09,  6.65it/s]Visualizing group 3:  97%|█████████▋| 2245/2304 [05:46<00:08,  6.65it/s]Visualizing group 3:  97%|█████████▋| 2246/2304 [05:47<00:08,  6.70it/s]Visualizing group 3:  98%|█████████▊| 2247/2304 [05:47<00:08,  6.62it/s]Visualizing group 3:  98%|█████████▊| 2248/2304 [05:47<00:08,  6.68it/s]Visualizing group 3:  98%|█████████▊| 2249/2304 [05:47<00:08,  6.59it/s]Visualizing group 3:  98%|█████████▊| 2250/2304 [05:47<00:08,  6.54it/s]Visualizing group 3:  98%|█████████▊| 2251/2304 [05:47<00:08,  6.07it/s]Visualizing group 3:  98%|█████████▊| 2252/2304 [05:48<00:08,  6.31it/s]Visualizing group 3:  98%|█████████▊| 2253/2304 [05:48<00:07,  6.50it/s]Visualizing group 3:  98%|█████████▊| 2254/2304 [05:48<00:07,  6.48it/s]Visualizing group 3:  98%|█████████▊| 2255/2304 [05:48<00:07,  6.60it/s]Visualizing group 3:  98%|█████████▊| 2256/2304 [05:48<00:07,  6.49it/s]Visualizing group 3:  98%|█████████▊| 2257/2304 [05:48<00:07,  6.67it/s]Visualizing group 3:  98%|█████████▊| 2258/2304 [05:48<00:07,  6.46it/s]Visualizing group 3:  98%|█████████▊| 2259/2304 [05:49<00:06,  6.54it/s]Visualizing group 3:  98%|█████████▊| 2260/2304 [05:49<00:07,  6.16it/s]Visualizing group 3:  98%|█████████▊| 2261/2304 [05:49<00:07,  6.13it/s]Visualizing group 3:  98%|█████████▊| 2262/2304 [05:49<00:06,  6.33it/s]Visualizing group 3:  98%|█████████▊| 2263/2304 [05:49<00:06,  6.40it/s]Visualizing group 3:  98%|█████████▊| 2264/2304 [05:49<00:06,  6.51it/s]Visualizing group 3:  98%|█████████▊| 2265/2304 [05:50<00:05,  6.50it/s]Visualizing group 3:  98%|█████████▊| 2266/2304 [05:50<00:05,  6.57it/s]Visualizing group 3:  98%|█████████▊| 2267/2304 [05:50<00:05,  6.71it/s]Visualizing group 3:  98%|█████████▊| 2268/2304 [05:50<00:05,  6.70it/s]Visualizing group 3:  98%|█████████▊| 2269/2304 [05:50<00:05,  6.62it/s]Visualizing group 3:  99%|█████████▊| 2270/2304 [05:50<00:05,  6.65it/s]Visualizing group 3:  99%|█████████▊| 2271/2304 [05:50<00:04,  6.62it/s]Visualizing group 3:  99%|█████████▊| 2272/2304 [05:51<00:04,  6.74it/s]Visualizing group 3:  99%|█████████▊| 2273/2304 [05:51<00:04,  6.69it/s]Visualizing group 3:  99%|█████████▊| 2274/2304 [05:51<00:04,  6.70it/s]Visualizing group 3:  99%|█████████▊| 2275/2304 [05:51<00:04,  6.68it/s]Visualizing group 3:  99%|█████████▉| 2276/2304 [05:51<00:04,  6.74it/s]Visualizing group 3:  99%|█████████▉| 2277/2304 [05:51<00:04,  6.62it/s]Visualizing group 3:  99%|█████████▉| 2278/2304 [05:52<00:03,  6.69it/s]Visualizing group 3:  99%|█████████▉| 2279/2304 [05:52<00:03,  6.62it/s]Visualizing group 3:  99%|█████████▉| 2280/2304 [05:52<00:03,  6.73it/s]Visualizing group 3:  99%|█████████▉| 2281/2304 [05:52<00:03,  6.54it/s]Visualizing group 3:  99%|█████████▉| 2282/2304 [05:52<00:03,  6.73it/s]Visualizing group 3:  99%|█████████▉| 2283/2304 [05:52<00:03,  6.68it/s]Visualizing group 3:  99%|█████████▉| 2284/2304 [05:52<00:02,  6.73it/s]Visualizing group 3:  99%|█████████▉| 2285/2304 [05:53<00:02,  6.60it/s]Visualizing group 3:  99%|█████████▉| 2286/2304 [05:53<00:02,  6.72it/s]Visualizing group 3:  99%|█████████▉| 2287/2304 [05:53<00:02,  6.62it/s]Visualizing group 3:  99%|█████████▉| 2288/2304 [05:53<00:02,  6.60it/s]Visualizing group 3:  99%|█████████▉| 2289/2304 [05:53<00:03,  4.67it/s]Visualizing group 3:  99%|█████████▉| 2290/2304 [05:54<00:02,  5.14it/s]Visualizing group 3:  99%|█████████▉| 2291/2304 [05:54<00:02,  5.53it/s]Visualizing group 3:  99%|█████████▉| 2292/2304 [05:54<00:02,  5.94it/s]Visualizing group 3: 100%|█████████▉| 2293/2304 [05:54<00:01,  6.20it/s]Visualizing group 3: 100%|█████████▉| 2294/2304 [05:54<00:01,  6.35it/s]Visualizing group 3: 100%|█████████▉| 2295/2304 [05:54<00:01,  6.35it/s]Visualizing group 3: 100%|█████████▉| 2296/2304 [05:54<00:01,  6.43it/s]Visualizing group 3: 100%|█████████▉| 2297/2304 [05:55<00:01,  6.46it/s]Visualizing group 3: 100%|█████████▉| 2298/2304 [05:55<00:00,  6.42it/s]Visualizing group 3: 100%|█████████▉| 2299/2304 [05:55<00:00,  5.42it/s]Visualizing group 3: 100%|█████████▉| 2300/2304 [05:55<00:00,  5.75it/s]Visualizing group 3: 100%|█████████▉| 2301/2304 [05:55<00:00,  6.07it/s]Visualizing group 3: 100%|█████████▉| 2302/2304 [05:55<00:00,  6.21it/s]Visualizing group 3: 100%|█████████▉| 2303/2304 [05:56<00:00,  6.32it/s]Visualizing group 3: 100%|██████████| 2304/2304 [05:56<00:00,  6.45it/s]Visualizing group 3: 100%|██████████| 2304/2304 [05:56<00:00,  6.47it/s]
Done. Neuron grids: ./activations_dir/matroyshka_batch_top_k_20_x8/imagenette_train/tree/
